ModelID,tp53_binary,xgb_shared_proba
ACH-001113,1,0.9974249601364136
ACH-001289,0,0.014682745561003685
ACH-001339,1,0.8662567138671875
ACH-001979,0,0.003899011295288801
ACH-002438,0,0.002973860362544656
ACH-001538,0,0.9207709431648254
ACH-000242,0,0.4321657717227936
ACH-000708,0,0.9923036098480225
ACH-000327,0,0.5832157135009766
ACH-000233,1,0.2411523163318634
ACH-000461,1,0.9960078001022339
ACH-000705,1,0.9851118922233582
ACH-001794,0,0.2585582435131073
ACH-002023,1,0.9957706332206726
ACH-000528,1,0.9767931699752808
ACH-002501,0,0.3710147440433502
ACH-001655,1,0.5561280250549316
ACH-000167,0,0.0330190509557724
ACH-000792,1,0.9920849204063416
ACH-001098,1,0.9732608199119568
ACH-000570,1,0.9780966639518738
ACH-000351,1,0.9984355568885803
ACH-002075,1,0.9616799354553223
ACH-002040,1,0.01816757395863533
ACH-000769,1,0.9966572523117065
ACH-000154,0,0.025929227471351624
ACH-000828,0,0.40918880701065063
ACH-000421,1,0.9983426332473755
ACH-000765,1,0.9076326489448547
ACH-001375,1,0.9971777200698853
ACH-000008,0,0.005669445265084505
ACH-001814,0,0.9194530844688416
ACH-000800,1,0.7617688179016113
ACH-000606,1,0.9810613393783569
ACH-000317,0,0.022329725325107574
ACH-001492,0,0.039842359721660614
ACH-000123,0,0.0022010314278304577
ACH-000723,1,0.9965773224830627
ACH-002066,1,0.94968181848526
ACH-001536,0,0.08699288964271545
ACH-003136,0,0.031060002744197845
ACH-000313,1,0.1164390966296196
ACH-002019,0,0.6503579616546631
ACH-000728,0,0.17600125074386597
ACH-000700,1,0.8574232459068298
ACH-000823,1,0.9982852339744568
ACH-000678,1,0.9986296892166138
ACH-000006,1,0.9742212295532227
ACH-002790,0,0.019539842382073402
ACH-002029,1,0.9841496348381042
ACH-001377,0,0.011949725449085236
ACH-000754,1,0.907805323600769
ACH-000465,0,0.010051263496279716
ACH-000138,1,0.9951666593551636
ACH-001864,1,0.9487888813018799
ACH-000383,1,0.9953996539115906
ACH-001547,0,0.025328656658530235
ACH-000917,1,0.9973957538604736
ACH-002471,0,0.9650622010231018
ACH-000984,1,0.2006531059741974
ACH-002678,1,0.4523209035396576
ACH-001409,1,0.9736859202384949
ACH-001707,0,0.00540805421769619
ACH-000117,1,0.9518977999687195
ACH-000999,1,0.9235512018203735
ACH-000633,1,0.9807167649269104
ACH-000520,1,0.9875675439834595
ACH-000176,1,0.9285203814506531
ACH-000017,1,0.9927846193313599
ACH-000020,0,0.023308951407670975
ACH-001385,0,0.07276488840579987
ACH-000587,1,0.9963986873626709
ACH-000785,1,0.9941797256469727
ACH-003469,0,0.07098816335201263
ACH-000554,1,0.9530929923057556
ACH-003180,0,0.025021612644195557
ACH-001398,0,0.003545451909303665
ACH-001991,0,0.39774274826049805
ACH-001332,1,0.9941552877426147
ACH-000585,1,0.9915691018104553
ACH-000550,1,0.9855313301086426
ACH-000627,1,0.5562441349029541
ACH-000704,0,0.008302321657538414
ACH-000276,1,0.9937242865562439
ACH-000075,0,0.1798805594444275
ACH-000818,1,0.16085000336170197
ACH-003184,0,0.4021128714084625
ACH-001616,0,0.7237683534622192
ACH-000625,0,0.9798216819763184
ACH-000941,1,0.9783170819282532
ACH-000392,1,0.9988332390785217
ACH-000269,0,0.11073505133390427
ACH-001670,1,0.8131313920021057
ACH-003133,0,0.339302659034729
ACH-000856,0,0.899431586265564
ACH-002687,0,0.033051252365112305
ACH-001119,0,0.024003002792596817
ACH-003132,0,0.007448168005794287
ACH-000376,1,0.9935216307640076
ACH-000685,1,0.9986011385917664
ACH-000729,1,0.9946492314338684
ACH-001034,0,0.10162486881017685
ACH-001283,1,0.45498600602149963
ACH-000880,0,0.3462751507759094
ACH-000035,1,0.99456387758255
ACH-001200,0,0.08219526708126068
ACH-000194,0,0.028762858361005783
ACH-000322,0,0.002633138792589307
ACH-000552,1,0.9873204231262207
ACH-002508,1,0.7514883875846863
ACH-000222,1,0.942676305770874
ACH-000260,0,0.9871877431869507
ACH-001652,0,0.6355651021003723
ACH-000608,1,0.9849057793617249
ACH-000501,1,0.9819357991218567
ACH-000612,0,0.013977163471281528
ACH-002033,1,0.8565841913223267
ACH-001184,0,0.18656592071056366
ACH-001688,0,0.01642468012869358
ACH-001838,1,0.4587293863296509
ACH-000638,1,0.9727275967597961
ACH-001846,1,0.9908560514450073
ACH-000798,1,0.5384749174118042
ACH-001321,0,0.38725894689559937
ACH-000894,1,0.9947550296783447
ACH-001559,1,0.6982492804527283
ACH-000344,1,0.8757545948028564
ACH-000223,1,0.9967021346092224
ACH-000031,1,0.7574507594108582
ACH-000034,0,0.7653241753578186
ACH-001861,1,0.9969378709793091
ACH-003468,1,0.8234948515892029
ACH-000772,0,0.17913641035556793
ACH-000946,0,0.7629267573356628
ACH-000596,1,0.9910962581634521
ACH-001046,0,0.0026171968784183264
ACH-000632,1,0.49025407433509827
ACH-000978,1,0.9952194094657898
ACH-000332,1,0.9796222448348999
ACH-001841,1,0.9860910773277283
ACH-003273,1,0.7717463970184326
ACH-000179,1,0.9972150325775146
ACH-000887,1,0.8708967566490173
ACH-000368,1,0.9892136454582214
ACH-000240,0,0.017085477709770203
ACH-000578,0,0.9939520955085754
ACH-001611,0,0.951215386390686
ACH-000135,0,0.0024704893585294485
ACH-001671,0,0.08648405224084854
ACH-000406,1,0.9679918885231018
ACH-001541,1,0.9757758975028992
ACH-000998,0,0.4448753595352173
ACH-000441,0,0.035159531980752945
ACH-000960,1,0.11771076917648315
ACH-000098,1,0.9572728872299194
ACH-001651,0,0.04634344205260277
ACH-001456,1,0.9949605464935303
ACH-001336,0,0.6461588740348816
ACH-000284,0,0.018394142389297485
ACH-000971,0,0.627261757850647
ACH-001454,0,0.46938157081604004
ACH-000926,1,0.9832665920257568
ACH-000033,0,0.9777956008911133
ACH-000576,1,0.7762047648429871
ACH-000019,0,0.136926531791687
ACH-001577,0,0.4987850487232208
ACH-001981,0,0.0031086893286556005
ACH-000330,1,0.8944684863090515
ACH-000848,1,0.9263035655021667
ACH-000481,1,0.9946264624595642
ACH-001517,1,0.9931215643882751
ACH-000338,1,0.22051718831062317
ACH-001959,1,0.23430395126342773
ACH-001414,0,0.1915559619665146
ACH-001227,0,0.2577722370624542
ACH-000871,1,0.9856551289558411
ACH-001403,1,0.9966576099395752
ACH-000805,0,0.006726894062012434
ACH-001142,0,0.8895825743675232
ACH-001554,0,0.025931961834430695
ACH-001667,0,0.05653630197048187
ACH-000847,1,0.9603323936462402
ACH-001447,1,0.9543956518173218
ACH-001537,0,0.990182101726532
ACH-001207,0,0.27322718501091003
ACH-001854,0,0.23503530025482178
ACH-000832,1,0.9989832043647766
ACH-001975,1,0.688872218132019
ACH-000428,0,0.00583675829693675
ACH-001382,1,0.9954603314399719
ACH-001302,0,0.02873275801539421
ACH-000690,0,0.9988598823547363
ACH-001134,0,0.035995736718177795
ACH-000914,1,0.968491792678833
ACH-000858,1,0.995173990726471
ACH-001421,1,0.19662484526634216
ACH-002796,0,0.015841420739889145
ACH-003183,1,0.13043197989463806
ACH-002716,0,0.012869155034422874
ACH-003100,0,0.10886480659246445
ACH-000544,1,0.991661548614502
ACH-000725,1,0.9800736308097839
ACH-000566,1,0.8033509254455566
ACH-000760,0,0.9734011888504028
ACH-001745,1,0.5674088597297668
ACH-000787,1,0.9976029992103577
ACH-001598,0,0.7688257098197937
ACH-000749,1,0.7755855321884155
ACH-001691,1,0.5372747182846069
ACH-001328,1,0.9962170720100403
ACH-001704,0,0.0035868901759386063
ACH-001502,0,0.36576971411705017
ACH-002844,0,0.016993965953588486
ACH-001068,0,0.02962275967001915
ACH-000358,1,0.9307882189750671
ACH-002695,1,0.9824777245521545
ACH-001672,0,0.03565732017159462
ACH-001654,1,0.6392508745193481
ACH-001521,1,0.979158878326416
ACH-000209,0,0.007047432474792004
ACH-001520,0,0.008164986968040466
ACH-000213,1,0.9738248586654663
ACH-001610,1,0.6655137538909912
ACH-001408,1,0.7750862240791321
ACH-000991,1,0.9933333992958069
ACH-001412,1,0.9806860685348511
ACH-000331,1,0.8856574296951294
ACH-001407,1,0.9016188979148865
ACH-000580,0,0.01003209874033928
ACH-000594,1,0.9128684997558594
ACH-000684,0,0.6535201072692871
ACH-000742,0,0.013243318535387516
ACH-000868,1,0.9841001033782959
ACH-000732,1,0.9959840774536133
ACH-001481,1,0.7500402331352234
ACH-000429,0,0.02301434800028801
ACH-000310,0,0.09845635294914246
ACH-002475,1,0.9097681045532227
ACH-000643,1,0.9987723231315613
ACH-000234,0,0.07566355913877487
ACH-003267,0,0.019099580124020576
ACH-001498,1,0.03833576291799545
ACH-000896,1,0.9646292328834534
ACH-003451,0,0.008135729469358921
ACH-000203,0,0.17776231467723846
ACH-001607,1,0.9972614049911499
ACH-002706,1,0.9431152939796448
ACH-001441,0,0.016172898933291435
ACH-000112,0,0.40703558921813965
ACH-000874,0,0.12291383743286133
ACH-000186,1,0.9959201812744141
ACH-002780,1,0.305692195892334
ACH-000677,0,0.369262158870697
ACH-000055,1,0.03773654252290726
ACH-000485,1,0.10786831378936768
ACH-000672,1,0.9734367728233337
ACH-001150,0,0.9318264126777649
ACH-000287,1,0.9845841526985168
ACH-000784,1,0.7562333345413208
ACH-000530,1,0.982631504535675
ACH-002024,1,0.9677420854568481
ACH-000380,1,0.969987690448761
ACH-001737,0,0.030559567734599113
ACH-001400,1,0.8650432229042053
ACH-001054,0,0.4945679306983948
ACH-001695,1,0.9760817885398865
ACH-000009,1,0.8195897936820984
ACH-000491,1,0.9944802522659302
ACH-001703,0,0.7641024589538574
ACH-000002,0,0.9092545509338379
ACH-001568,0,0.8272745013237
ACH-001449,0,0.35572487115859985
ACH-000993,1,0.762799084186554
ACH-002680,1,0.8375520706176758
ACH-000877,1,0.9958568215370178
ACH-000711,1,0.967549204826355
ACH-001515,0,0.5861316323280334
ACH-002847,0,0.010271864011883736
ACH-000702,0,0.9621460437774658
ACH-001020,0,0.011996408924460411
ACH-000600,0,0.011663230136036873
ACH-003266,0,0.028579484671354294
ACH-000354,1,0.9900740385055542
ACH-000012,1,0.9986769556999207
ACH-000689,0,0.14983396232128143
ACH-002668,1,0.2730364203453064
ACH-002533,0,0.2871568202972412
ACH-000459,0,0.15446072816848755
ACH-002050,0,0.008653254248201847
ACH-003120,1,0.9643101096153259
ACH-001413,0,0.025291595607995987
ACH-000686,1,0.9911360740661621
ACH-000342,1,0.9898622035980225
ACH-000208,1,0.10235170274972916
ACH-000360,1,0.993834376335144
ACH-000249,1,0.9568122029304504
ACH-001368,1,0.9875583648681641
ACH-000231,1,0.9534416794776917
ACH-002074,1,0.9888730645179749
ACH-000945,1,0.45484066009521484
ACH-000662,0,0.9989246726036072
ACH-002458,0,0.006367901805788279
ACH-001378,0,0.04085962474346161
ACH-001029,1,0.9581348896026611
ACH-001817,0,0.00992684904485941
ACH-002846,0,0.006078164558857679
ACH-000248,1,0.9935334920883179
ACH-000943,0,0.10128740221261978
ACH-000751,1,0.9796709418296814
ACH-001696,1,0.9115563035011292
ACH-002936,1,0.3056218922138214
ACH-001016,1,0.9045987129211426
ACH-000282,0,0.991108775138855
ACH-003438,1,0.8922962546348572
ACH-002215,0,0.26162469387054443
ACH-000261,1,0.9795733690261841
ACH-000164,1,0.9798555374145508
ACH-001793,0,0.046877119690179825
ACH-000262,0,0.12661710381507874
ACH-000158,0,0.023788459599018097
ACH-000773,0,0.5937620997428894
ACH-000722,1,0.9543884992599487
ACH-000857,1,0.9976084232330322
ACH-001129,1,0.9422301650047302
ACH-001619,1,0.9728484749794006
ACH-000184,0,0.0645713210105896
ACH-000329,0,0.43270984292030334
ACH-001569,1,0.8199018239974976
ACH-002544,1,0.8995816707611084
ACH-002675,1,0.6494722366333008
ACH-000814,0,0.025836484506726265
ACH-002499,1,0.9926980137825012
ACH-001493,1,0.3274376094341278
ACH-001701,1,0.501167356967926
ACH-000197,1,0.9812541007995605
ACH-000545,1,0.9532655477523804
ACH-000949,1,0.971991240978241
ACH-000124,0,0.06688696891069412
ACH-000560,0,0.9623973965644836
ACH-000897,1,0.996661901473999
ACH-001626,1,0.9856234788894653
ACH-000619,1,0.9931017160415649
ACH-001973,1,0.23351328074932098
ACH-001340,1,0.9937612414360046
ACH-000546,1,0.9859007000923157
ACH-001709,1,0.3595239222049713
ACH-002018,0,0.23383739590644836
ACH-000153,0,0.018720725551247597
ACH-000526,0,0.13191969692707062
ACH-000116,1,0.9974687099456787
ACH-000815,0,0.009960286319255829
ACH-001270,0,0.5735899806022644
ACH-002523,1,0.9104527235031128
ACH-000324,0,0.01367388665676117
ACH-001949,0,0.0019356801640242338
ACH-001561,0,0.00420923950150609
ACH-000842,1,0.9273909330368042
ACH-000898,0,0.7981905937194824
ACH-000517,1,0.9890755414962769
ACH-001980,0,0.02132277749478817
ACH-001415,1,0.9699426293373108
ACH-000681,0,0.07598347961902618
ACH-001310,0,0.017954334616661072
ACH-000070,0,0.10603673756122589
ACH-000484,1,0.9435334801673889
ACH-003426,0,0.0009552289848215878
ACH-000108,1,0.9288685321807861
ACH-000808,1,0.8021591901779175
ACH-000656,1,0.9689457416534424
ACH-000166,1,0.949685275554657
ACH-000997,1,0.9367923140525818
ACH-000866,1,0.9792383313179016
ACH-000819,1,0.9910234212875366
ACH-000226,0,0.2608017325401306
ACH-000087,1,0.9443162679672241
ACH-000340,1,0.03427164629101753
ACH-002005,1,0.013518578372895718
ACH-001680,1,0.7989575266838074
ACH-000758,1,0.9766793251037598
ACH-000196,1,0.9972779154777527
ACH-003141,0,0.0029685278423130512
ACH-000258,0,0.37899497151374817
ACH-000163,1,0.987270712852478
ACH-000076,1,0.9401804804801941
ACH-000509,1,0.9706891179084778
ACH-001193,1,0.8974007368087769
ACH-000571,1,0.7995736002922058
ACH-000391,1,0.9693655371665955
ACH-000293,1,0.9955009818077087
ACH-003138,0,0.002495561959221959
ACH-000532,1,0.9982841610908508
ACH-000584,1,0.9971916079521179
ACH-001690,1,0.997156023979187
ACH-000586,1,0.9902476668357849
ACH-000944,1,0.9896990656852722
ACH-003149,0,0.0021963270846754313
ACH-000561,1,0.92411869764328
ACH-001648,0,0.9360496997833252
ACH-000394,0,0.9965116381645203
ACH-000954,1,0.9827505350112915
ACH-000204,1,0.9456373453140259
ACH-000160,0,0.03666682168841362
ACH-003460,1,0.9213481545448303
ACH-000989,0,0.9025477170944214
ACH-001347,1,0.9828345775604248
ACH-000691,1,0.9872726798057556
ACH-000268,1,0.9855471849441528
ACH-001209,0,0.028256835415959358
ACH-003456,0,0.0015353983035311103
ACH-000119,0,0.01065866369754076
ACH-000379,1,0.982891321182251
ACH-001341,0,0.8662219643592834
ACH-000714,0,0.9435796737670898
ACH-000937,1,0.9400741457939148
ACH-000763,0,0.5491713881492615
ACH-002834,0,0.45317044854164124
ACH-001673,1,0.9764721989631653
ACH-000326,1,0.966702938079834
ACH-000300,0,0.9857514500617981
ACH-002994,0,0.046563521027565
ACH-000901,1,0.3383292853832245
ACH-000816,1,0.9849174618721008
ACH-000641,1,0.9562037587165833
ACH-000511,0,0.9932697415351868
ACH-002077,1,0.8570257425308228
ACH-000583,1,0.9562448263168335
ACH-000836,1,0.9950128197669983
ACH-000975,1,0.9831803441047668
ACH-000109,1,0.9794256091117859
ACH-000467,1,0.9635031223297119
ACH-000712,1,0.9808276295661926
ACH-000671,1,0.9746736884117126
ACH-000523,1,0.940106213092804
ACH-000864,1,0.5625506639480591
ACH-000726,1,0.9969969987869263
ACH-000136,0,0.44707605242729187
ACH-002067,1,0.012042377144098282
ACH-000440,1,0.9983100891113281
ACH-002539,1,0.8717016577720642
ACH-001461,0,0.16355545818805695
ACH-000890,1,0.9732810258865356
ACH-001692,0,0.9262242913246155
ACH-000027,0,0.05842924490571022
ACH-000562,1,0.9440188407897949
ACH-000748,0,0.14375878870487213
ACH-001669,1,0.8671475648880005
ACH-000834,1,0.9711780548095703
ACH-000565,1,0.9838290810585022
ACH-000449,0,0.02995678409934044
ACH-000399,1,0.745881199836731
ACH-002080,0,0.06879398971796036
ACH-000770,1,0.9744706749916077
ACH-000710,0,0.9477581977844238
ACH-000507,1,0.9408955574035645
ACH-000066,1,0.9768815636634827
ACH-000022,1,0.9831787347793579
ACH-001668,0,0.17364248633384705
ACH-000334,1,0.8162335157394409
ACH-000374,1,0.9986591339111328
ACH-000519,1,0.8079090118408203
ACH-000908,0,0.1213807761669159
ACH-002003,0,0.026962867006659508
ACH-000574,1,0.9935575127601624
ACH-000148,1,0.2984969913959503
ACH-002461,1,0.00311817298643291
ACH-000646,0,0.7584846615791321
ACH-000314,1,0.9848515391349792
ACH-001705,1,0.9936543703079224
ACH-000040,1,0.8220713138580322
ACH-001057,0,0.21119363605976105
ACH-000430,1,0.8951785564422607
ACH-001041,1,0.6943329572677612
ACH-001988,0,0.1788482367992401
ACH-001977,0,0.0033723865635693073
ACH-000370,1,0.12728211283683777
ACH-001630,1,0.9910922646522522
ACH-000437,1,0.9969722032546997
ACH-000498,1,0.9844642281532288
ACH-001392,1,0.8651753067970276
ACH-000503,1,0.9974217414855957
ACH-002778,0,0.05114838853478432
ACH-000328,1,0.9694957733154297
ACH-000403,1,0.9863103628158569
ACH-000400,0,0.8183149695396423
ACH-000224,0,0.0030499701388180256
ACH-000318,1,0.9940996170043945
ACH-003472,0,0.009018301963806152
ACH-001430,0,0.05405893549323082
ACH-000928,0,0.2938593924045563
ACH-000893,1,0.7691659331321716
ACH-000889,1,0.7558795213699341
ACH-000799,0,0.023448333144187927
ACH-001623,1,0.8598054051399231
ACH-000736,1,0.9711183905601501
ACH-000876,1,0.9960801005363464
ACH-001232,1,0.7002977728843689
ACH-001618,1,0.9423931241035461
ACH-001828,0,0.0028172051534056664
ACH-002650,1,0.9228251576423645
ACH-000235,1,0.9866284132003784
ACH-000381,1,0.997735857963562
ACH-001993,1,0.04567580670118332
ACH-001301,0,0.009172538295388222
ACH-000854,0,0.9624262452125549
ACH-000187,1,0.9506946206092834
ACH-000543,1,0.9870448708534241
ACH-000569,0,0.010924289934337139
ACH-000668,1,0.9967374205589294
ACH-000134,0,0.0036371340975165367
ACH-000924,1,0.9959194660186768
ACH-003473,1,0.972109854221344
ACH-001450,1,0.9176205396652222
ACH-000296,1,0.9829780459403992
ACH-002034,0,0.4633753001689911
ACH-002781,0,0.011003416031599045
ACH-000713,1,0.9912534356117249
ACH-001360,0,0.44810330867767334
ACH-002921,0,0.24495066702365875
ACH-000273,1,0.980640172958374
ACH-001715,0,0.7865041494369507
ACH-001617,1,0.984549880027771
ACH-000639,1,0.9906114935874939
ACH-000590,1,0.9965962767601013
ACH-000553,1,0.9938309192657471
ACH-000084,0,0.5939306020736694
ACH-000094,1,0.9958155751228333
ACH-000361,0,0.09776144474744797
ACH-000719,0,0.05402719974517822
ACH-001396,1,0.9699529409408569
ACH-001848,0,0.40681442618370056
ACH-000339,1,0.8609323501586914
ACH-002048,0,0.0443110354244709
ACH-000218,1,0.838978111743927
ACH-002486,1,0.9646515846252441
ACH-002711,0,0.06244724988937378
ACH-000789,1,0.9969118237495422
ACH-000413,0,0.0015019930433481932
ACH-000125,0,0.0124060595408082
ACH-000180,1,0.00881889183074236
ACH-000215,1,0.8753349781036377
ACH-001001,1,0.9603282809257507
ACH-000407,1,0.8822173476219177
ACH-002170,1,0.9729825258255005
ACH-002027,0,0.3581621050834656
ACH-001132,1,0.06240103393793106
ACH-001278,0,0.024329952895641327
ACH-000032,0,0.06328126788139343
ACH-003108,1,0.1887025386095047
ACH-001419,1,0.99577397108078
ACH-000494,0,0.029122913256287575
ACH-000865,1,0.9978355765342712
ACH-000439,1,0.8481350541114807
ACH-001523,1,0.9892362952232361
ACH-001983,0,0.0035020255018025637
ACH-000024,1,0.36499497294425964
ACH-000674,0,0.0724477767944336
ACH-000670,1,0.9923595786094666
ACH-000599,1,0.9440845847129822
ACH-000263,1,0.9682960510253906
ACH-003191,0,0.6688839793205261
ACH-000303,1,0.9945177435874939
ACH-001551,1,0.8672571182250977
ACH-002795,0,0.010546850971877575
ACH-000793,0,0.9938124418258667
ACH-002511,0,0.05115726962685585
ACH-000286,1,0.995781421661377
ACH-000250,1,0.8824151158332825
ACH-000139,0,0.9944057464599609
ACH-001735,1,0.8655428886413574
ACH-002013,0,0.005458733532577753
ACH-001389,1,0.4843837320804596
ACH-001183,1,0.966562032699585
ACH-000551,1,0.9893547296524048
ACH-003101,0,0.02089371532201767
ACH-001163,1,0.955673336982727
ACH-000037,1,0.8986133933067322
ACH-000744,1,0.9933192729949951
ACH-000420,1,0.5948432683944702
ACH-000336,0,0.6381745338439941
ACH-000486,0,0.8285037279129028
ACH-000679,1,0.9926953315734863
ACH-001557,0,0.40650057792663574
ACH-000247,0,0.6538717150688171
ACH-000947,1,0.41278260946273804
ACH-000807,1,0.9424473643302917
ACH-000476,1,0.9821469187736511
ACH-000525,1,0.9824719429016113
ACH-003154,0,0.6389767527580261
ACH-001148,0,0.9786069393157959
ACH-003455,0,0.002953988965600729
ACH-000853,1,0.965924859046936
ACH-000083,0,0.00796373188495636
ACH-000479,0,0.12545059621334076
ACH-000230,0,0.003594301175326109
ACH-001664,1,0.15653204917907715
ACH-002705,1,0.9901491403579712
ACH-002937,0,0.009988580830395222
ACH-000955,1,0.8905393481254578
ACH-000049,0,0.08756157010793686
ACH-000675,1,0.7249433398246765
ACH-000199,0,0.0059162043035030365
ACH-000193,1,0.8756164908409119
ACH-001686,1,0.8424209356307983
ACH-000538,0,0.2186102569103241
ACH-002490,1,0.9719821214675903
ACH-001683,1,0.8190488219261169
ACH-001990,1,0.8636252284049988
ACH-001438,0,0.006330490577965975
ACH-001647,1,0.5388656854629517
ACH-002043,1,0.8874381184577942
ACH-001649,0,0.886794924736023
ACH-000155,1,0.2377147078514099
ACH-000270,1,0.9945023059844971
ACH-003106,0,0.062254730612039566
ACH-003177,1,0.2073557823896408
ACH-000683,1,0.9932605624198914
ACH-002017,0,0.12809301912784576
ACH-000655,1,0.8622786402702332
ACH-000145,1,0.9172865748405457
ACH-001495,1,0.9955641031265259
ACH-000188,1,0.9689043164253235
ACH-003458,1,0.8045805096626282
ACH-000080,0,0.009017756208777428
ACH-000146,1,0.9442459940910339
ACH-000415,1,0.9915041327476501
ACH-001518,1,0.9924929738044739
ACH-002290,0,0.09009707719087601
ACH-000891,1,0.9541186094284058
ACH-001625,1,0.9605227112770081
ACH-001985,1,0.8644995093345642
ACH-000895,1,0.8799452781677246
ACH-000851,1,0.9959883093833923
ACH-000824,1,0.9904622435569763
ACH-000506,1,0.9829219579696655
ACH-001427,0,0.6388763189315796
ACH-000540,0,0.022833239287137985
ACH-000061,1,0.9260263442993164
ACH-000185,0,0.008532567881047726
ACH-000568,0,0.8687658309936523
ACH-000707,1,0.9631319642066956
ACH-000603,1,0.9859113693237305
ACH-000983,1,0.9733074307441711
ACH-000541,1,0.9692792892456055
ACH-000680,1,0.9879767298698425
ACH-002460,0,0.003012398025020957
ACH-000111,1,0.9821385145187378
ACH-002463,1,0.08894119411706924
ACH-000369,1,0.9940394163131714
ACH-002928,0,0.028670981526374817
ACH-000618,1,0.9539102911949158
ACH-000470,1,0.987144410610199
ACH-003150,0,0.014364245347678661
ACH-002039,1,0.9731543660163879
ACH-000118,1,0.9978552460670471
ACH-000614,0,0.010063910856842995
ACH-001338,0,0.39724406599998474
ACH-000432,0,0.08087784796953201
ACH-000556,0,0.13457484543323517
ACH-001804,1,0.1007712334394455
ACH-001386,1,0.899807870388031
ACH-001060,1,0.5379055738449097
ACH-001525,1,0.9294388890266418
ACH-001539,1,0.6906657814979553
ACH-000014,0,0.006148861721158028
ACH-002785,0,0.838411808013916
ACH-000637,1,0.9956178665161133
ACH-002693,1,0.7679063081741333
ACH-001855,0,0.24205103516578674
ACH-000455,1,0.9611324071884155
ACH-000389,0,0.042535845190286636
ACH-002710,1,0.24480529129505157
ACH-000129,0,0.4549191892147064
ACH-000490,0,0.7949931621551514
ACH-000434,1,0.9936495423316956
ACH-001086,0,0.8953422904014587
ACH-002042,1,0.21923096477985382
ACH-000597,0,0.0025012148544192314
ACH-000756,1,0.9697467684745789
ACH-000396,1,0.953542172908783
ACH-003148,0,0.01662641204893589
ACH-000089,1,0.7907203435897827
ACH-002478,0,0.02254875749349594
ACH-000371,1,0.9878971576690674
ACH-000265,0,0.9729368686676025
ACH-000132,1,0.993919849395752
ACH-000216,1,0.9949916005134583
ACH-000613,1,0.956762969493866
ACH-000855,1,0.896519660949707
ACH-000906,1,0.8891777992248535
ACH-000348,1,0.9652408361434937
ACH-001100,1,0.6270491480827332
ACH-000238,1,0.9964656829833984
ACH-000237,1,0.9107032418251038
ACH-003099,1,0.942282497882843
ACH-000393,1,0.93867427110672
ACH-003107,0,0.10540978610515594
ACH-000623,1,0.8953295946121216
ACH-000359,0,0.8661638498306274
ACH-001028,1,0.18212838470935822
ACH-000621,1,0.9979990124702454
ACH-001641,1,0.9934883117675781
ACH-000056,0,0.871895432472229
ACH-000483,1,0.8533956408500671
ACH-003308,0,0.12144416570663452
ACH-000514,1,0.993323028087616
ACH-000051,0,0.12629488110542297
ACH-003433,1,0.9705307483673096
ACH-000043,0,0.005188974551856518
ACH-000936,1,0.9978627562522888
ACH-000716,1,0.9947444200515747
ACH-000988,1,0.977948784828186
ACH-000952,0,0.0725821703672409
ACH-001350,1,0.9725878238677979
ACH-000065,0,0.0563768669962883
ACH-000609,0,0.9916403293609619
ACH-001411,1,0.9847725629806519
ACH-000504,1,0.9871169924736023
ACH-002677,1,0.3563483953475952
ACH-000956,1,0.9154381155967712
ACH-001712,1,0.001699488959275186
ACH-000652,1,0.9934192299842834
ACH-000414,0,0.22107510268688202
ACH-000472,1,0.8673796057701111
ACH-000007,0,0.4836830496788025
ACH-000446,0,0.004399897530674934
ACH-003071,1,0.9870513677597046
ACH-000386,1,0.95811927318573
ACH-001850,1,0.12470259517431259
ACH-000755,0,0.07197470217943192
ACH-001503,0,0.43658822774887085
ACH-000028,0,0.1241326704621315
ACH-000665,1,0.9771164059638977
ACH-001679,0,0.1796591579914093
ACH-000078,0,0.026443244889378548
ACH-002046,1,0.7454535365104675
ACH-000397,1,0.9875187277793884
ACH-003145,0,0.006374911405146122
ACH-000229,0,0.010793962515890598
ACH-002925,0,0.004751926753669977
ACH-000518,1,0.9947426319122314
ACH-001566,0,0.002301697386428714
ACH-000252,1,0.5884239077568054
ACH-000572,0,0.11029717326164246
ACH-001605,1,0.8427119851112366
ACH-002522,1,0.95536869764328
ACH-000277,1,0.6333745121955872
ACH-001239,0,0.31610414385795593
ACH-000786,1,0.9848294854164124
ACH-000803,1,0.99427729845047
ACH-001970,0,0.03627887740731239
ACH-002038,1,0.9541851282119751
ACH-000537,1,0.9728440046310425
ACH-002660,1,0.9980304837226868
ACH-002806,1,0.9529979228973389
ACH-000419,1,0.9814527034759521
ACH-002782,0,0.669075608253479
ACH-000724,1,0.9628807902336121
ACH-000522,1,0.9545655250549316
ACH-001549,1,0.7188154458999634
ACH-000706,1,0.9936407208442688
ACH-000737,0,0.514670193195343
ACH-000548,1,0.9800256490707397
ACH-001839,0,0.012874105013906956
ACH-001799,0,0.16762320697307587
ACH-001573,1,0.7411700487136841
ACH-002946,0,0.22373740375041962
ACH-000425,0,0.0022017457522451878
ACH-003103,0,0.022145267575979233
ACH-000375,0,0.002299793064594269
ACH-000753,1,0.9939449429512024
ACH-000275,0,0.009529940783977509
ACH-000735,0,0.994891881942749
ACH-000654,1,0.969698429107666
ACH-001067,0,0.009987718425691128
ACH-000170,0,0.48549050092697144
ACH-001394,1,0.976798951625824
ACH-001433,1,0.8385234475135803
ACH-000404,0,0.033717408776283264
ACH-000882,0,0.7809380292892456
ACH-001509,1,0.985560953617096
ACH-000210,0,0.20432168245315552
ACH-000254,1,0.9971952438354492
ACH-000604,1,0.9701308608055115
ACH-000090,1,0.929381251335144
ACH-000195,1,0.9753047823905945
ACH-001791,0,0.2246934026479721
ACH-001650,0,0.634160578250885
ACH-000605,1,0.9965676069259644
ACH-000458,1,0.9730051159858704
ACH-003121,1,0.9958075284957886
ACH-003125,1,0.914908230304718
ACH-002084,0,0.13882648944854736
ACH-000004,1,0.9657449126243591
ACH-000251,1,0.9953057169914246
ACH-000241,0,0.013171547092497349
ACH-001194,1,0.7974262833595276
ACH-001987,0,0.02144305780529976
ACH-002055,1,0.48060154914855957
ACH-002689,0,0.023381885141134262
ACH-001443,1,0.8738923668861389
ACH-000688,1,0.9830779433250427
ACH-000405,1,0.9404334425926208
ACH-000821,1,0.8702136278152466
ACH-001677,0,0.43321147561073303
ACH-002526,1,0.46634405851364136
ACH-001627,0,0.895418643951416
ACH-000951,1,0.9954577684402466
ACH-001036,0,0.9444887638092041
ACH-002792,1,0.14513155817985535
ACH-000547,0,0.3371158838272095
ACH-000826,1,0.9615308046340942
ACH-001986,0,0.005619306117296219
ACH-001147,1,0.48809614777565
ACH-002927,0,0.017493922263383865
ACH-002470,1,0.49154427647590637
ACH-000162,1,0.9899330139160156
ACH-003139,0,0.10050187259912491
ACH-001751,0,0.0313023142516613
ACH-000018,1,0.9563321471214294
ACH-000721,1,0.9318262934684753
ACH-000003,0,0.993885338306427
ACH-000092,0,0.9539981484413147
ACH-000669,1,0.9672496318817139
ACH-001099,0,0.0030034075025469065
ACH-000648,0,0.054584987461566925
ACH-000950,0,0.8314968347549438
ACH-000050,0,0.6316030025482178
ACH-001106,1,0.43804535269737244
ACH-002051,1,0.9258601665496826
ACH-000367,0,0.003174565266817808
ACH-000589,1,0.9935504198074341
ACH-000564,0,0.8575262427330017
ACH-001522,0,0.007001769263297319
ACH-000831,1,0.9002246856689453
ACH-000424,1,0.8649245500564575
ACH-000409,1,0.956976056098938
ACH-000616,1,0.9476004242897034
ACH-000628,1,0.916599452495575
ACH-000512,1,0.7525467276573181
ACH-000232,1,0.9481448531150818
ACH-000820,1,0.9841513633728027
ACH-001295,0,0.20691387355327606
ACH-001164,0,0.03540237620472908
ACH-000806,0,0.014971059747040272
ACH-002524,1,0.9943339824676514
ACH-000645,0,0.009410739876329899
ACH-000099,0,0.004661700688302517
ACH-000902,1,0.6348491907119751
ACH-000649,1,0.30131053924560547
ACH-000086,0,0.9411351680755615
ACH-000149,0,0.021156009286642075
ACH-002538,1,0.9865056872367859
ACH-000142,1,0.9772408604621887
ACH-002535,1,0.9961865544319153
ACH-000227,0,0.01080697774887085
ACH-000697,0,0.7586971521377563
ACH-000942,1,0.9550198912620544
ACH-000264,1,0.9968205690383911
ACH-000809,1,0.9975613355636597
ACH-000093,0,0.31350448727607727
ACH-000100,1,0.964250385761261
ACH-001445,1,0.9579822421073914
ACH-000060,1,0.9950202703475952
ACH-000001,1,0.9982176423072815
ACH-000957,0,0.3892761468887329
ACH-000650,1,0.949178159236908
ACH-001096,0,0.6388782262802124
ACH-002799,0,0.8961750268936157
ACH-002404,1,0.8482729196548462
ACH-000239,1,0.9356026649475098
ACH-000762,1,0.9750300645828247
ACH-000922,0,0.10593889653682709
ACH-002784,1,0.7042073607444763
ACH-002653,0,0.040132466703653336
ACH-000859,1,0.9983100891113281
ACH-000990,1,0.09418904781341553
ACH-000410,0,0.9360052347183228
ACH-001971,0,0.003067965153604746
ACH-000927,1,0.7231473326683044
ACH-001853,0,0.8788451552391052
ACH-001978,0,0.0005472732009366155
ACH-000694,1,0.9967237114906311
ACH-000935,0,0.038981225341558456
ACH-000918,1,0.9035849571228027
ACH-001984,0,0.1746075302362442
ACH-000761,1,0.977155327796936
ACH-001563,0,0.07437866926193237
ACH-000974,0,0.2425335794687271
ACH-000297,1,0.9922865629196167
ACH-001719,1,0.9523154497146606
ACH-000243,1,0.9836283922195435
ACH-001418,1,0.9980490207672119
ACH-000362,0,0.11492642015218735
ACH-000843,1,0.9985572695732117
ACH-002052,1,0.9703638553619385
ACH-000840,1,0.9966046810150146
ACH-001852,1,0.984995424747467
ACH-001528,0,0.012730784714221954
ACH-001656,1,0.866348147392273
ACH-000016,0,0.03105798549950123
ACH-000165,0,0.008021049201488495
ACH-001460,1,0.9978424310684204
ACH-000592,1,0.9286009669303894
ACH-001192,1,0.8091523051261902
ACH-000045,0,0.04792245477437973
ACH-000741,1,0.9902982115745544
ACH-000912,1,0.9877685904502869
ACH-000529,0,0.033527713268995285
ACH-000508,1,0.9969261288642883
ACH-000577,1,0.9575884342193604
ACH-000768,1,0.8609383702278137
ACH-000636,1,0.8954324126243591
ACH-000667,1,0.9971055388450623
ACH-000905,1,0.9470633864402771
ACH-001494,1,0.9481682777404785
ACH-000387,1,0.996383786201477
ACH-002510,0,0.017488708719611168
ACH-001303,0,0.030857713893055916
ACH-000026,0,0.007022839970886707
ACH-000838,0,0.029826965183019638
ACH-001172,1,0.24498054385185242
ACH-000822,0,0.015366136096417904
ACH-000531,0,0.004993929993361235
ACH-000349,0,0.38268059492111206
ACH-000527,0,0.2963063418865204
ACH-000279,1,0.9757954478263855
ACH-000516,1,0.9269056916236877
ACH-001662,1,0.9108121395111084
ACH-000812,1,0.05260712653398514
ACH-003157,0,0.027269460260868073
ACH-003464,0,0.8410839438438416
ACH-001300,0,0.007436575833708048
ACH-000524,1,0.9912814497947693
ACH-000611,1,0.9688767790794373
ACH-002419,0,0.006705653853714466
ACH-000411,0,0.004469708073884249
ACH-000718,1,0.9909613728523254
ACH-000903,1,0.9937254786491394
ACH-002021,0,0.09156931191682816
ACH-000433,0,0.002042653039097786
ACH-000499,1,0.8799817562103271
ACH-000278,1,0.9983118772506714
ACH-000202,1,0.9874626994132996
ACH-001736,1,0.5027772188186646
ACH-001379,1,0.994066596031189
ACH-002070,1,0.026845095679163933
ACH-002794,1,0.3929525911808014
ACH-000128,1,0.9857364296913147
ACH-002528,0,0.02410884015262127
ACH-000696,1,0.9668437242507935
ACH-000041,1,0.9911016225814819
ACH-000214,0,0.009507134556770325
ACH-000747,1,0.9847823977470398
ACH-001307,1,0.8853679299354553
ACH-000341,1,0.10891339182853699
ACH-001740,1,0.011963116005063057
ACH-000417,0,0.9926890730857849
ACH-001393,1,0.9654636979103088
ACH-000120,0,0.06013064458966255
ACH-001694,1,0.9921711683273315
ACH-001542,1,0.99793541431427
ACH-002509,0,0.007969082333147526
ACH-000438,1,0.961948573589325
ACH-001366,1,0.05864228308200836
ACH-000653,0,0.8385069370269775
ACH-000839,1,0.9944590330123901
ACH-000673,1,0.6571381688117981
ACH-001524,1,0.9919756054878235
ACH-000069,0,0.011980284005403519
ACH-002996,1,0.8992584347724915
ACH-003142,0,0.03496912866830826
ACH-000323,1,0.971355676651001
ACH-000021,1,0.9951269626617432
ACH-001863,1,0.9820132851600647
ACH-001996,1,0.9091799855232239
ACH-000980,1,0.9911690950393677
ACH-000106,0,0.008935307152569294
ACH-003156,0,0.5708677172660828
ACH-000734,1,0.9796199202537537
ACH-000845,1,0.9786292314529419
ACH-001982,0,0.006139334291219711
ACH-000730,0,0.06981300562620163
ACH-001334,0,0.6587076187133789
ACH-000698,1,0.9931150078773499
ACH-000802,1,0.9528101086616516
ACH-001836,1,0.9949483871459961
ACH-000573,1,0.9873795509338379
ACH-001699,1,0.9972677230834961
ACH-000963,1,0.24197199940681458
ACH-001567,0,0.0020891856402158737
ACH-001653,1,0.9805150032043457
ACH-000852,1,0.9941950440406799
ACH-001862,0,0.576370894908905
ACH-001976,0,0.018192682415246964
ACH-002665,1,0.9819349050521851
ACH-003153,0,0.20635999739170074
ACH-000661,0,0.021391240879893303
ACH-001500,1,0.9295201301574707
ACH-001190,1,0.8993112444877625
ACH-002467,0,0.09578349441289902
ACH-000364,0,0.3319830894470215
ACH-000448,0,0.26027682423591614
ACH-000979,1,0.9794395565986633
ACH-000932,0,0.3757810890674591
ACH-000783,1,0.8686503171920776
ACH-002044,1,0.9938097596168518
ACH-000301,1,0.7122411727905273
ACH-002459,0,0.0197607409209013
ACH-000976,1,0.9622669219970703
ACH-001516,0,0.9757777452468872
ACH-001354,1,0.8871075510978699
ACH-001645,0,0.1629631072282791
ACH-003135,0,0.04642490670084953
ACH-000867,1,0.9854690432548523
ACH-000304,0,0.04050808027386665
ACH-002069,0,0.12350375205278397
ACH-000931,0,0.9497901201248169
ACH-001374,0,0.44802188873291016
ACH-000302,1,0.99379962682724
ACH-000305,1,0.8315241932868958
ACH-000072,1,0.9932109713554382
ACH-000766,1,0.9979639053344727
ACH-000533,0,0.06549064069986343
ACH-000343,1,0.9566107988357544
ACH-001437,0,0.0578734390437603
ACH-000171,1,0.8990119695663452
ACH-003475,1,0.9645352959632874
ACH-000173,1,0.8785584568977356
ACH-000535,1,0.9177034497261047
ACH-000774,1,0.9497410655021667
ACH-000178,0,0.9582966566085815
ACH-001306,1,0.9611010551452637
ACH-000994,1,0.9619856476783752
ACH-001188,0,0.7593095302581787
ACH-000372,0,0.9736793637275696
ACH-002886,0,0.5522622466087341
ACH-000804,0,0.015596835874021053
ACH-000011,0,0.005657152738422155
ACH-000733,1,0.9686926603317261
ACH-001603,0,0.013211110606789589
ACH-000829,0,0.04257814958691597
ACH-000141,1,0.9715511798858643
ACH-000810,1,0.9369129538536072
ACH-001994,1,0.986711859703064
ACH-001145,1,0.9813071489334106
ACH-000717,1,0.989840567111969
ACH-000738,1,0.9847160577774048
ACH-001843,0,0.008894074708223343
ACH-002664,1,0.9577156901359558
ACH-000780,1,0.8257414102554321
ACH-001548,0,0.924010694026947
ACH-000759,0,0.5580995678901672
ACH-001555,0,0.007182990200817585
ACH-001369,1,0.058819107711315155
ACH-000969,1,0.9978183507919312
ACH-000873,1,0.9925556778907776
ACH-001275,0,0.16561594605445862
ACH-002654,1,0.9960993528366089
ACH-002435,0,0.0031730071641504765
ACH-001972,0,0.040296562016010284
ACH-000921,1,0.9888466000556946
ACH-003470,1,0.7379255890846252
ACH-001953,0,0.01077540498226881
ACH-002843,0,0.03397234156727791
ACH-001373,1,0.9890690445899963
ACH-002800,0,0.7487390637397766
ACH-001022,0,0.748397946357727
ACH-000082,0,0.9699260592460632
ACH-003105,0,0.0025479027535766363
ACH-000488,1,0.9979403614997864
ACH-000790,1,0.9805811643600464
ACH-000172,0,0.049091801047325134
ACH-000647,1,0.9161312580108643
ACH-000602,0,0.7944634556770325
ACH-003181,0,0.004565459210425615
ACH-002681,1,0.9091872572898865
ACH-001465,0,0.08433704823255539
ACH-003012,0,0.0014139027334749699
ACH-000156,0,0.027800776064395905
ACH-002001,0,0.00449956301599741
ACH-000315,1,0.9806370735168457
ACH-001678,0,0.22364631295204163
ACH-002446,1,0.7068080306053162
ACH-000201,0,0.818834662437439
ACH-000435,1,0.998856782913208
ACH-000965,1,0.704531192779541
ACH-001550,1,0.7644281983375549
ACH-002026,0,0.03420288860797882
ACH-000883,1,0.9840179085731506
ACH-000482,1,0.9721154570579529
ACH-000450,0,0.008574274368584156
ACH-002672,1,0.9933182001113892
ACH-000835,1,0.9499052166938782
ACH-002431,0,0.040386345237493515
ACH-001802,0,0.03720869496464729
ACH-000629,0,0.029471293091773987
ACH-000715,1,0.9964764714241028
ACH-000870,1,0.9907675385475159
ACH-000910,0,0.9747921824455261
ACH-000779,1,0.9932907819747925
ACH-000140,0,0.9882475733757019
ACH-001196,1,0.8006471395492554
ACH-001484,0,0.002985169645398855
ACH-000693,1,0.9988082647323608
ACH-000811,1,0.9061753153800964
ACH-000423,1,0.8149045705795288
ACH-000290,1,0.9970840811729431
ACH-001847,0,0.054245706647634506
ACH-000492,0,0.012718947604298592
ACH-001519,0,0.03646570071578026
ACH-000110,1,0.9229583740234375
ACH-001497,1,0.9616150856018066
ACH-000102,1,0.8386316299438477
ACH-000817,1,0.9777947664260864
ACH-001556,0,0.7796924114227295
ACH-000964,0,0.49279600381851196
ACH-000378,1,0.9929744005203247
ACH-000913,1,0.7608022093772888
ACH-000575,0,0.9514442682266235
ACH-000634,1,0.9825333952903748
ACH-002291,0,0.06461948901414871
ACH-001322,0,0.022755004465579987
ACH-002924,0,0.0054876478388905525
ACH-000767,1,0.8615176677703857
ACH-001642,0,0.896493136882782
ACH-001552,1,0.49796363711357117
ACH-000451,1,0.9935221076011658
ACH-000879,1,0.9892655611038208
ACH-001842,1,0.9937480688095093
ACH-002662,1,0.9962980151176453
ACH-001032,1,0.9369162917137146
ACH-000982,0,0.9031405448913574
ACH-001636,1,0.9736552834510803
ACH-000189,0,0.04178060218691826
ACH-000454,1,0.9872938990592957
ACH-000131,0,0.003847588552162051
ACH-000660,0,0.9989398121833801
ACH-001197,1,0.2735585868358612
ACH-000915,1,0.9526143074035645
ACH-000480,1,0.9683332443237305
ACH-000745,0,0.014384579844772816
ACH-000161,0,0.16829605400562286
ACH-000395,1,0.9924654960632324
ACH-001459,1,0.9332009553909302
ACH-000916,1,0.9969545602798462
ACH-001609,1,0.9214450120925903
ACH-001960,1,0.9800671339035034
ACH-002648,1,0.9776943922042847
ACH-001856,0,0.0402623750269413
ACH-003158,0,0.1900564581155777
ACH-002433,1,0.021995840594172478
ACH-000295,1,0.916888952255249
ACH-001485,0,0.016516035422682762
ACH-003269,0,0.03846699371933937
ACH-000292,1,0.9643884897232056
ACH-000137,1,0.9837671518325806
ACH-000308,1,0.9911277294158936
ACH-000445,1,0.848545253276825
ACH-001229,0,0.9442794919013977
ACH-000144,1,0.9920310974121094
ACH-000837,1,0.9798935651779175
ACH-000048,1,0.9915851354598999
ACH-000463,0,0.7245775461196899
ACH-000881,0,0.0712771862745285
ACH-000388,1,0.048939742147922516
ACH-001992,1,0.08640489727258682
ACH-000147,1,0.8693891167640686
ACH-000930,1,0.9957211017608643
ACH-000899,0,0.004510186612606049
ACH-000366,1,0.9731017351150513
ACH-001571,0,0.08223200589418411
ACH-001526,0,0.13376522064208984
ACH-000064,0,0.18757525086402893
ACH-001329,0,0.6741567850112915
ACH-001676,1,0.8302370309829712
ACH-000418,1,0.12194857001304626
ACH-001280,1,0.07271775603294373
ACH-002922,1,0.8904653191566467
ACH-000861,1,0.9465647339820862
ACH-000692,1,0.988807737827301
ACH-003137,0,0.11622089147567749
ACH-000107,1,0.9925423860549927
ACH-000133,1,0.8550201058387756
ACH-000306,0,0.014746531844139099
ACH-001530,0,0.024058625102043152
ACH-000651,1,0.9884743094444275
ACH-000563,1,0.9860727787017822
ACH-000058,1,0.9382330775260925
ACH-000345,0,0.06207042187452316
ACH-000316,1,0.769614577293396
ACH-000884,1,0.9825586080551147
ACH-000289,0,0.06138300895690918
ACH-001451,0,0.18369030952453613
ACH-003459,1,0.9057872295379639
ACH-002440,0,0.9555429220199585
ACH-000355,1,0.9938210844993591
ACH-002926,0,0.00842186901718378
ACH-000962,1,0.9974496960639954
ACH-000473,1,0.9829619526863098
ACH-000192,1,0.9946263432502747
ACH-001624,0,0.016505729407072067
ACH-001989,0,0.07313305884599686
ACH-001807,0,0.02409525215625763
ACH-002532,1,0.9972853660583496
ACH-002466,0,0.009248292073607445
ACH-001344,0,0.006783940363675356
ACH-001684,0,0.12929591536521912
ACH-000757,0,0.4831680953502655
ACH-000054,0,0.023209575563669205
ACH-001318,1,0.9915960431098938
ACH-000601,1,0.9490957856178284
ACH-000635,1,0.9123401045799255
ACH-001857,1,0.9806772470474243
ACH-000966,1,0.04430476948618889
ACH-000630,1,0.9919509887695312
ACH-000225,1,0.9899156093597412
ACH-002047,0,0.011923602782189846
ACH-000657,0,0.5227996110916138
ACH-000624,1,0.9983283877372742
ACH-000699,1,0.9936920404434204
ACH-000923,0,0.12365557253360748
ACH-000687,1,0.9365254044532776
ACH-000044,0,0.10726301372051239
ACH-000740,1,0.9978014826774597
ACH-000447,1,0.9972789883613586
ACH-000101,1,0.5140396356582642
ACH-001416,1,0.9770542979240417
ACH-000319,0,0.9982712268829346
ACH-000198,0,0.3457662761211395
ACH-000280,0,0.6907594203948975
ACH-003265,0,0.0012014717794954777
ACH-000104,1,0.9840289950370789
ACH-001835,1,0.9973589777946472
ACH-000892,0,0.011002523824572563
ACH-000493,1,0.9535627961158752
ACH-000042,1,0.9913241863250732
ACH-002045,1,0.9989137649536133
ACH-000221,1,0.9896775484085083
ACH-000477,0,0.008264896459877491
ACH-000746,1,0.9968884587287903
ACH-000356,1,0.23186083137989044
ACH-000457,0,0.005274039227515459
ACH-000904,0,0.9925025701522827
ACH-002060,0,0.00920887477695942
ACH-003159,0,0.00702896760776639
ACH-001813,0,0.011114600114524364
ACH-000244,0,0.21031077206134796
ACH-000610,1,0.9750103950500488
ACH-000081,0,0.17112654447555542
ACH-003161,0,0.00498536741361022
ACH-000255,1,0.9560657739639282
ACH-001038,1,0.8121473789215088
ACH-000352,0,0.98524010181427
ACH-002016,0,0.004209139384329319
ACH-000416,1,0.9920492768287659
ACH-000752,1,0.8720687627792358
ACH-000862,1,0.9863872528076172
ACH-000236,1,0.9927581548690796
ACH-000401,1,0.8804216384887695
ACH-000731,0,0.9885098338127136
ACH-000875,1,0.9354074597358704
ACH-000626,1,0.8726564049720764
ACH-000593,1,0.9358813762664795
ACH-000182,0,0.990426778793335
ACH-000442,1,0.9915498495101929
ACH-000159,0,0.10148485004901886
ACH-000907,1,0.05194323882460594
ACH-000191,1,0.9960545301437378
ACH-000205,0,0.9826045632362366
ACH-000103,1,0.9981243014335632
ACH-000739,0,0.14673370122909546
ACH-001558,0,0.005073849577456713
ACH-000206,0,0.005416010972112417
ACH-000841,1,0.9908266663551331
ACH-000615,1,0.9755843877792358
ACH-001613,0,0.5844507217407227
ACH-001608,1,0.7946037650108337
ACH-000801,0,0.03894753009080887
ACH-000539,0,0.0067435456439852715
ACH-000464,1,0.9963687658309937
ACH-000622,1,0.97599858045578
ACH-000452,1,0.914739727973938
ACH-001390,1,0.9921860694885254
ACH-001401,1,0.9626988172531128
ACH-000365,1,0.9864782094955444
ACH-001431,0,0.8507890105247498
ACH-000475,1,0.9661319851875305
ACH-000860,0,0.9957855343818665
ACH-000074,1,0.9690890312194824
ACH-000377,1,0.9920216202735901
ACH-001562,0,0.006151618901640177
ACH-001693,1,0.9044586420059204
ACH-003134,0,0.023874524980783463
ACH-000259,1,0.5011278986930847
ACH-001697,1,0.9767791628837585
ACH-002801,1,0.8801904916763306
ACH-001388,0,0.27777746319770813
ACH-001410,1,0.9817246198654175
ACH-002025,1,0.9929611086845398
ACH-002688,0,0.8834589719772339
ACH-000720,1,0.8912035822868347
ACH-000095,0,0.1436055451631546
ACH-001345,0,0.028658701106905937
ACH-000558,0,0.06821317225694656
ACH-000664,1,0.2652091979980469
ACH-000177,0,0.9453235268592834
ACH-001423,0,0.002261109882965684
ACH-000335,0,0.01426691748201847
ACH-000940,1,0.9854905605316162
ACH-003160,0,0.0231485515832901
ACH-000631,0,0.006978560704737902
ACH-000207,1,0.9975765347480774
ACH-000764,1,0.9666072130203247
ACH-000995,1,0.915276288986206
ACH-000373,1,0.9865261912345886
ACH-000953,1,0.9046704173088074
ACH-000709,0,0.005833693780004978
ACH-003463,0,0.1019437238574028
ACH-000846,1,0.9930928945541382
ACH-001702,0,0.003541052807122469
ACH-000333,0,0.9778895974159241
ACH-001708,0,0.27533867955207825
ACH-002059,0,0.4551648497581482
ACH-000929,1,0.9891562461853027
ACH-001395,0,0.9808256030082703
ACH-000948,0,0.8196163773536682
ACH-002015,0,0.0061682844534516335
ACH-000981,1,0.9785336852073669
ACH-000617,1,0.9964354038238525
ACH-000311,1,0.17345333099365234
ACH-001210,0,0.00860007293522358
ACH-001834,1,0.9928498268127441
ACH-002010,0,0.0041104466654360294
ACH-003143,0,0.37326672673225403
ACH-000390,1,0.9865525364875793
ACH-000468,0,0.9841843843460083
ACH-002651,0,0.12342667579650879
ACH-001061,1,0.9835927486419678
ACH-000077,0,0.20394426584243774
ACH-000456,1,0.9950173497200012
ACH-002703,1,0.9967240691184998
ACH-000496,1,0.9974896907806396
ACH-002512,0,0.006134570576250553
ACH-000062,1,0.997814416885376
ACH-002464,0,0.013432829640805721
ACH-000088,0,0.020907649770379066
ACH-000536,1,0.9967378973960876
ACH-000071,0,0.8942850232124329
ACH-002004,0,0.0031717645470052958
ACH-000878,1,0.9973399043083191
ACH-001380,1,0.9916902780532837
ACH-002061,1,0.4513232409954071
ACH-000385,0,0.022201426327228546
ACH-000412,1,0.98581463098526
ACH-003474,1,0.9987300038337708
ACH-000427,1,0.9972978234291077
ACH-000938,0,0.03372473642230034
ACH-000462,0,0.006273319944739342
ACH-000939,1,0.9913179874420166
ACH-000325,1,0.9933605790138245
ACH-000515,1,0.9933403134346008
ACH-001033,0,0.017631005495786667
ACH-000919,0,0.4698086977005005
ACH-000863,0,0.012974562123417854
ACH-000642,0,0.2998029887676239
ACH-000581,1,0.9806768894195557
ACH-001435,0,0.008175930008292198
ACH-001050,0,0.03873967379331589
ACH-001818,0,0.00836325716227293
ACH-001384,1,0.6203041672706604
ACH-000797,0,0.01706269383430481
ACH-000220,1,0.9324958920478821
ACH-001533,1,0.8925613760948181
ACH-001508,1,0.9888831973075867
ACH-000827,0,0.24443209171295166
ACH-003119,1,0.9857885241508484
ACH-000961,1,0.9830688238143921
ACH-000778,1,0.9921311736106873
ACH-000825,1,0.237909197807312
ACH-000743,1,0.9404064416885376
ACH-000190,1,0.7926924228668213
ACH-001819,1,0.5385235548019409
ACH-000157,1,0.9632349610328674
ACH-001786,0,0.34522753953933716
ACH-000253,1,0.9924808740615845
ACH-001376,1,0.9838482737541199
ACH-000958,0,0.5996440649032593
ACH-000228,1,0.9955839514732361
ACH-000266,1,0.985933244228363
ACH-001750,1,0.8043343424797058
ACH-000174,1,0.9331866502761841
ACH-000245,1,0.9874502420425415
ACH-001279,0,0.0116338599473238
ACH-000620,0,0.33566638827323914
ACH-000813,1,0.9944581985473633
ACH-001513,1,0.9975993037223816
ACH-000168,1,0.2807302474975586
ACH-000257,1,0.9867970943450928
ACH-000211,1,0.9941589832305908
ACH-000283,0,0.015890419483184814
ACH-002401,1,0.9779620170593262
ACH-002041,1,0.9218993186950684
ACH-000987,1,0.9803789854049683
ACH-003465,1,0.9106886386871338
ACH-000682,1,0.9934571385383606
ACH-000073,0,0.018792979419231415
ACH-000212,1,0.9696000218391418
ACH-000096,0,0.02009190060198307
ACH-002500,0,0.1042218953371048
ACH-001440,0,0.0267777182161808
ACH-000063,0,0.00899061094969511
ACH-002942,0,0.009553248062729836
ACH-001999,1,0.9828422665596008
ACH-000776,0,0.34421035647392273
ACH-000521,1,0.9552903175354004
ACH-000299,0,0.021091140806674957
ACH-000025,0,0.9632102847099304
ACH-000591,1,0.9745624661445618
ACH-001716,0,0.03276816010475159
ACH-000833,1,0.15727268159389496
ACH-001628,1,0.969222903251648
ACH-000398,1,0.8740462064743042
ACH-000274,0,0.08170104026794434
ACH-001370,1,0.9859293103218079
ACH-001700,1,0.9948897361755371
ACH-000029,1,0.9959145188331604
ACH-001849,1,0.06512394547462463
ACH-000644,0,0.014419817365705967
ACH-001422,0,0.20997615158557892
ACH-000588,1,0.6112332344055176
ACH-000849,1,0.994997501373291
ACH-002690,0,0.40405750274658203
ACH-000219,0,0.08317206799983978
ACH-000150,1,0.8668557405471802
ACH-001845,0,0.01394819188863039
ACH-002643,0,0.40047717094421387
ACH-000384,0,0.8968316316604614
ACH-001053,1,0.9141644835472107
ACH-001274,0,0.0065834070555865765
ACH-000091,1,0.9861500859260559
ACH-002932,1,0.9971954822540283
ACH-002014,0,0.02392236515879631
ACH-001634,0,0.07471311092376709
ACH-002531,0,0.4510708451271057
ACH-000495,0,0.05328773334622383
ACH-000911,1,0.9964414238929749
ACH-000013,1,0.9983252882957458
ACH-002667,1,0.9772911667823792
ACH-000777,1,0.9921836256980896
ACH-001765,1,0.9410635232925415
ACH-000312,1,0.9263941049575806
ACH-000085,1,0.9963617920875549
ACH-000436,0,0.10284548997879028
ACH-000869,1,0.9684449434280396
ACH-003061,1,0.9972077012062073
ACH-003471,0,0.01166793517768383
ACH-000267,0,0.878084123134613
ACH-000489,1,0.998764157295227
ACH-000431,1,0.9552890658378601
ACH-000152,1,0.950442373752594
ACH-000909,0,0.010703114792704582
ACH-000534,1,0.9993533492088318
ACH-001489,1,0.9635998606681824
ACH-000582,1,0.9608680009841919
ACH-000460,1,0.9988337159156799
ACH-000443,1,0.9793615937232971
ACH-001570,0,0.0200529545545578
ACH-000986,1,0.9892414212226868
ACH-001335,0,0.9217793941497803
ACH-000023,1,0.9354631900787354
ACH-002062,0,0.07037585973739624
ACH-002462,0,0.017908334732055664
ACH-000151,0,0.5699087977409363
ACH-001277,1,0.5928907990455627
ACH-000607,0,0.006608993746340275
ACH-002647,0,0.4560489058494568
ACH-000703,1,0.9795753359794617
ACH-001211,0,0.014565554447472095
ACH-003152,0,0.0012130389222875237
ACH-001511,1,0.9822311997413635
ACH-000113,0,0.4194955825805664
ACH-000337,1,0.990714430809021
ACH-000598,0,0.03909791260957718
ACH-000057,0,0.9018061757087708
ACH-000281,1,0.9355794191360474
ACH-000321,1,0.9313053488731384
ACH-000985,1,0.9936153888702393
ACH-000444,0,0.38261622190475464
ACH-000347,1,0.9962226152420044
ACH-001399,1,0.9805014729499817
ACH-001097,0,0.38328468799591064
ACH-000127,1,0.9448168277740479
ACH-001961,1,0.3648805320262909
ACH-001796,0,0.02669495716691017
ACH-000307,1,0.972923219203949
ACH-001030,0,0.037600237876176834
ACH-002485,1,0.619835376739502
ACH-000595,1,0.10282012820243835
ACH-001540,0,0.02242983691394329
ACH-000298,1,0.9908904433250427
ACH-000771,1,0.8464524745941162
ACH-000500,1,0.9946517944335938
ACH-000353,1,0.9987969398498535
ACH-000363,1,0.8088237643241882
ACH-000350,0,0.2536374032497406
ACH-000053,1,0.9644477367401123
ACH-001543,1,0.9945597052574158
ACH-000663,0,0.0820312425494194
ACH-000346,0,0.020703081041574478
ACH-000970,1,0.7531335353851318
ACH-002543,1,0.9857887625694275
ACH-001333,1,0.9269267916679382
ACH-000794,1,0.9682453870773315
ACH-000039,0,0.99367356300354
ACH-000471,0,0.9773026704788208
ACH-000850,0,0.012513045221567154
ACH-000291,1,0.9962409734725952
ACH-001453,0,0.726797878742218
ACH-001458,1,0.9909829497337341
ACH-000886,1,0.9933345317840576
ACH-000888,1,0.9975236058235168
ACH-000659,1,0.9946594834327698
ACH-000030,1,0.9973964691162109
ACH-001201,1,0.9355477690696716
ACH-000271,1,0.9920045733451843
ACH-002676,0,0.42675408720970154
ACH-000549,1,0.9918429255485535
ACH-000555,0,0.07912734895944595
ACH-000478,1,0.9735701084136963
ACH-000775,1,0.9910287857055664
ACH-002214,0,0.03895933926105499
ACH-000038,0,0.0046094125136733055
ACH-001109,0,0.007897168397903442
ACH-001442,1,0.9624314308166504
ACH-000559,1,0.971896767616272
ACH-000510,0,0.9933984279632568
ACH-002065,0,0.0059454976581037045
ACH-000676,1,0.9247798919677734
ACH-002659,1,0.9861006140708923
ACH-000844,1,0.9957258701324463
ACH-002403,1,0.8824415802955627
ACH-002787,0,0.6478633880615234
ACH-002497,1,0.9941118359565735
ACH-002798,0,0.006892731413245201
ACH-000925,0,0.44716376066207886
ACH-002465,0,0.030906308442354202
ACH-000272,0,0.5025070309638977
ACH-001035,1,0.9812296628952026
ACH-003457,0,0.012802500277757645
ACH-000513,0,0.014844447374343872
ACH-001059,0,0.03429722413420677
ACH-000959,1,0.10978879779577255
ACH-002283,1,0.09202639013528824
ACH-000169,1,0.9511836171150208
ACH-001402,0,0.11029762029647827
ACH-000796,1,0.9953427314758301
ACH-000143,1,0.8103862404823303
ACH-000067,1,0.9901037812232971
ACH-000640,0,0.012821516022086143
ACH-001591,1,0.9013791084289551
ACH-001674,1,0.7664920091629028
ACH-001698,1,0.9873895645141602
ACH-002002,0,0.00974101573228836
ACH-002011,0,0.009486770257353783
ACH-003268,0,0.05450970306992531
ACH-000967,1,0.9950823783874512
ACH-000469,1,0.9652988314628601
ACH-001353,1,0.9897257685661316
ACH-001574,0,0.10214892029762268
ACH-000097,0,0.724611222743988
ACH-000256,1,0.9945372939109802
ACH-000977,0,0.48811405897140503
ACH-000972,0,0.038096360862255096
ACH-001367,1,0.8237131834030151
ACH-000382,1,0.9474543333053589
ACH-003476,1,0.7858471870422363
ACH-000579,0,0.058219969272613525
ACH-002035,0,0.9509806632995605
ACH-001532,0,0.00949539989233017
ACH-000695,1,0.9882888793945312
ACH-001795,0,0.7395420074462891
ACH-001510,1,0.9985195994377136
ACH-000502,1,0.9805951118469238
ACH-000183,1,0.46639060974121094
ACH-000408,1,0.5543198585510254
ACH-001496,1,0.9755455851554871
ACH-000788,1,0.9838495254516602
ACH-002405,0,0.008979804813861847
ACH-002409,1,0.9066208004951477
ACH-001622,0,0.6840001940727234
ACH-000466,1,0.9992700219154358
ACH-001560,0,0.0020722500048577785
ACH-001019,0,0.8274816274642944
ACH-003111,0,0.026198966428637505
ACH-000005,1,0.997180700302124
ACH-001687,0,0.017015917226672173
ACH-001151,0,0.9945231676101685
ACH-000701,1,0.5283870697021484
ACH-000542,0,0.7213638424873352
ACH-000126,0,0.019605133682489395
ACH-001685,0,0.1768050193786621
ACH-000933,0,0.17694029211997986
ACH-000068,1,0.8313299417495728
ACH-000015,1,0.9971326589584351
ACH-001111,1,0.9430262446403503
ACH-000487,1,0.9870376586914062
ACH-000122,1,0.9940749406814575
ACH-000288,1,0.9380554556846619
ACH-001820,1,0.939616322517395
ACH-000782,1,0.8893728256225586
ACH-001632,1,0.9626038074493408
ACH-002399,1,0.9823800325393677
ACH-000357,1,0.9837855100631714
ACH-000079,1,0.09754788875579834
ACH-001031,0,0.007171132136136293
ACH-001064,1,0.9846515655517578
ACH-002802,0,0.015790896490216255
ACH-001048,1,0.9913359880447388
ACH-000453,1,0.11883432418107986
ACH-003155,0,0.5965642929077148
ACH-000791,1,0.9873777031898499
ACH-000567,1,0.9927922487258911
ACH-001391,1,0.502497673034668
ACH-001075,0,0.16627149283885956
ACH-000105,0,0.9040393233299255
ACH-000557,1,0.9855631589889526
ACH-000175,0,0.05883234739303589
ACH-001356,1,0.9873879551887512
ACH-001844,1,0.9672410488128662
ACH-001346,1,0.9354467988014221
ACH-000885,0,0.009501281194388866
ACH-000900,1,0.6669251918792725
ACH-000666,1,0.9920674562454224
ACH-001428,1,0.977959930896759
ACH-000217,1,0.9854583740234375
ACH-000872,1,0.9972385168075562
ACH-001974,0,0.006977202836424112
ACH-002020,1,0.9707891941070557
ACH-001638,0,0.008026503026485443
ACH-001228,0,0.26051056385040283
ACH-000181,1,0.9924249649047852
ACH-000115,1,0.9389258623123169
ACH-000130,0,0.0247076153755188
ACH-000121,1,0.8667100071907043
ACH-001711,1,0.8614730834960938
ACH-000934,1,0.44235336780548096
ACH-000996,1,0.9918292164802551
ACH-001529,0,0.11407490074634552
ACH-001743,0,0.026715872809290886
ACH-000320,1,0.9257822036743164
ACH-000505,1,0.9118168950080872
ACH-000781,1,0.974915623664856
ACH-000059,0,0.10050684958696365
ACH-000920,1,0.7814469337463379
ACH-000294,1,0.971361517906189
ACH-000422,1,0.9952436089515686
ACH-000200,0,0.024648817256093025
ACH-000046,0,0.007823905907571316
ACH-000968,0,0.03175937756896019
ACH-000830,1,0.9956770539283752
ACH-000114,1,0.9863670468330383
ACH-000402,1,0.9907417893409729
ACH-001578,1,0.4819468557834625
ACH-000036,0,0.1004769578576088
ACH-000973,1,0.9982555508613586
ACH-001128,0,0.0230424702167511
ACH-003437,1,0.894368052482605
ACH-000750,0,0.07074093818664551
ACH-000285,1,0.969296395778656
ACH-002669,1,0.9833531379699707
ACH-001858,1,0.9925190210342407
ACH-001997,1,0.9871428608894348
ACH-000052,1,0.9043415784835815
