,tp53_binary,gcn_gat_thr07_proba_proba
ACH-001113,1,0.741123378276825
ACH-001289,0,0.6263456344604492
ACH-001339,1,0.6012556552886963
ACH-001979,0,0.6262044906616211
ACH-002438,0,0.2567090392112732
ACH-001538,0,0.7486878037452698
ACH-000242,0,0.8995571732521057
ACH-000708,0,0.731538712978363
ACH-000327,0,0.46660593152046204
ACH-000233,1,0.5478834509849548
ACH-000461,1,0.7663611769676208
ACH-000705,1,0.7115399837493896
ACH-001794,0,0.3940606117248535
ACH-002023,1,0.7736437320709229
ACH-000528,1,0.6949298977851868
ACH-002501,0,0.6372008919715881
ACH-001655,1,0.5306023955345154
ACH-000167,0,0.787732720375061
ACH-000792,1,0.6088433265686035
ACH-001098,1,0.7415405511856079
ACH-000570,1,0.5600230693817139
ACH-000351,1,0.8106635808944702
ACH-002075,1,0.7902901768684387
ACH-002040,1,0.2750720977783203
ACH-000769,1,0.7168365716934204
ACH-000154,0,0.3528178334236145
ACH-000828,0,0.8305162787437439
ACH-000421,1,0.9333088397979736
ACH-000765,1,0.6094816327095032
ACH-001375,1,0.7502530217170715
ACH-000008,0,0.6152387261390686
ACH-001814,0,0.7354076504707336
ACH-000800,1,0.6611548066139221
ACH-000606,1,0.89647376537323
ACH-000317,0,0.6333389282226562
ACH-001492,0,0.7133658528327942
ACH-000123,0,0.5969868898391724
ACH-000723,1,0.8888664841651917
ACH-002066,1,0.8210702538490295
ACH-001536,0,0.5035272836685181
ACH-003136,0,0.53800368309021
ACH-000313,1,0.17175130546092987
ACH-002019,0,0.7936366200447083
ACH-000728,0,0.48291754722595215
ACH-000700,1,0.5916403532028198
ACH-000823,1,0.8232490420341492
ACH-000678,1,0.7891123294830322
ACH-000006,1,0.5220084190368652
ACH-002790,0,0.24108858406543732
ACH-002029,1,0.7443697452545166
ACH-001377,0,0.44713011384010315
ACH-000754,1,0.7316871881484985
ACH-000465,0,0.5603796243667603
ACH-000138,1,0.7441062331199646
ACH-001864,1,0.8819743394851685
ACH-000383,1,0.8475584387779236
ACH-001547,0,0.31637072563171387
ACH-000917,1,0.8559800386428833
ACH-002471,0,0.5840239524841309
ACH-000984,1,0.5597633719444275
ACH-002678,1,0.2478499710559845
ACH-001409,1,0.6588621139526367
ACH-001707,0,0.5719950199127197
ACH-000117,1,0.8024309277534485
ACH-000999,1,0.9068861603736877
ACH-000633,1,0.7519696354866028
ACH-000520,1,0.6371988654136658
ACH-000176,1,0.46358051896095276
ACH-000017,1,0.8822462558746338
ACH-000020,0,0.5228999257087708
ACH-001385,0,0.39107587933540344
ACH-000587,1,0.7589035034179688
ACH-000785,1,0.7221462726593018
ACH-003469,0,0.4319770336151123
ACH-000554,1,0.7503699660301208
ACH-003180,0,0.4817550480365753
ACH-001398,0,0.5492081046104431
ACH-001991,0,0.566011369228363
ACH-001332,1,0.8363888263702393
ACH-000585,1,0.8066747784614563
ACH-000550,1,0.5930317044258118
ACH-000627,1,0.6040341854095459
ACH-000704,0,0.62623131275177
ACH-000276,1,0.7980863451957703
ACH-000075,0,0.5674880743026733
ACH-000818,1,0.7799540162086487
ACH-003184,0,0.6028258204460144
ACH-001616,0,0.6044360995292664
ACH-000625,0,0.35303086042404175
ACH-000941,1,0.6652582287788391
ACH-000392,1,0.8550812005996704
ACH-000269,0,0.6705074906349182
ACH-001670,1,0.6491410732269287
ACH-003133,0,0.8503816723823547
ACH-000856,0,0.7352291941642761
ACH-002687,0,0.5383353233337402
ACH-001119,0,0.6212441921234131
ACH-003132,0,0.25701025128364563
ACH-000376,1,0.6169467568397522
ACH-000685,1,0.8729829788208008
ACH-000729,1,0.7004922032356262
ACH-001034,0,0.7540056109428406
ACH-001283,1,0.5998310446739197
ACH-000880,0,0.7977201342582703
ACH-000035,1,0.40402838587760925
ACH-001200,0,0.47622233629226685
ACH-000194,0,0.1610066145658493
ACH-000322,0,0.5275697708129883
ACH-000552,1,0.4239453375339508
ACH-002508,1,0.7175589799880981
ACH-000222,1,0.798862636089325
ACH-000260,0,0.3160763382911682
ACH-001652,0,0.7651637196540833
ACH-000608,1,0.7665836215019226
ACH-000501,1,0.7597765922546387
ACH-000612,0,0.5211353302001953
ACH-002033,1,0.5831831097602844
ACH-001184,0,0.8258123993873596
ACH-001688,0,0.5656797289848328
ACH-001838,1,0.7932095527648926
ACH-000638,1,0.3576156497001648
ACH-001846,1,0.8429999351501465
ACH-000798,1,0.7758510112762451
ACH-001321,0,0.8821020722389221
ACH-000894,1,0.4485715925693512
ACH-001559,1,0.5303125977516174
ACH-000344,1,0.549944281578064
ACH-000223,1,0.9132147431373596
ACH-000031,1,0.8275119662284851
ACH-000034,0,0.448442667722702
ACH-001861,1,0.45030832290649414
ACH-003468,1,0.6159257292747498
ACH-000772,0,0.8601740002632141
ACH-000946,0,0.6942710280418396
ACH-000596,1,0.4621729254722595
ACH-001046,0,0.5142638683319092
ACH-000632,1,0.8724966049194336
ACH-000978,1,0.348184198141098
ACH-000332,1,0.7746347188949585
ACH-001841,1,0.8095211386680603
ACH-003273,1,0.4245220422744751
ACH-000179,1,0.7980481386184692
ACH-000887,1,0.46681731939315796
ACH-000368,1,0.7369649410247803
ACH-000240,0,0.4060863256454468
ACH-000578,0,0.8411279916763306
ACH-001611,0,0.7082392573356628
ACH-000135,0,0.4910354018211365
ACH-001671,0,0.5094943642616272
ACH-000406,1,0.23977310955524445
ACH-001541,1,0.5675702691078186
ACH-000998,0,0.43473362922668457
ACH-000441,0,0.5545318722724915
ACH-000960,1,0.5093233585357666
ACH-000098,1,0.28640398383140564
ACH-001651,0,0.4148145020008087
ACH-001456,1,0.503211498260498
ACH-001336,0,0.8849033117294312
ACH-000284,0,0.6137518286705017
ACH-000971,0,0.7710443139076233
ACH-001454,0,0.7387685775756836
ACH-000926,1,0.9078489542007446
ACH-000033,0,0.47664761543273926
ACH-000576,1,0.7542420029640198
ACH-000019,0,0.8504222631454468
ACH-001577,0,0.5266549587249756
ACH-001981,0,0.5694237947463989
ACH-000330,1,0.7787346839904785
ACH-000848,1,0.6232449412345886
ACH-000481,1,0.4722338020801544
ACH-001517,1,0.6137511730194092
ACH-000338,1,0.5068129897117615
ACH-001959,1,0.46158817410469055
ACH-001414,0,0.4959716200828552
ACH-001227,0,0.7452585697174072
ACH-000871,1,0.8056710362434387
ACH-001403,1,0.7769644856452942
ACH-000805,0,0.7828262448310852
ACH-001142,0,0.5060861706733704
ACH-001554,0,0.5758712887763977
ACH-001667,0,0.6596279144287109
ACH-000847,1,0.33082258701324463
ACH-001447,1,0.24078084528446198
ACH-001537,0,0.6287531852722168
ACH-001207,0,0.7223096489906311
ACH-001854,0,0.5758147239685059
ACH-000832,1,0.7385603785514832
ACH-001975,1,0.2813992202281952
ACH-000428,0,0.7884749174118042
ACH-001382,1,0.3980661928653717
ACH-001302,0,0.6085932850837708
ACH-000690,0,0.829494059085846
ACH-001134,0,0.6897431015968323
ACH-000914,1,0.26593270897865295
ACH-000858,1,0.93683260679245
ACH-001421,1,0.3428021967411041
ACH-002796,0,0.5850772857666016
ACH-003183,1,0.2670074701309204
ACH-002716,0,0.5252555012702942
ACH-003100,0,0.23637190461158752
ACH-000544,1,0.5324679613113403
ACH-000725,1,0.7694615125656128
ACH-000566,1,0.785487711429596
ACH-000760,0,0.5437912344932556
ACH-001745,1,0.6869685053825378
ACH-000787,1,0.6361132264137268
ACH-001598,0,0.7211271524429321
ACH-000749,1,0.3796616196632385
ACH-001691,1,0.5064703822135925
ACH-001328,1,0.8657902479171753
ACH-001704,0,0.663154661655426
ACH-001502,0,0.8231993317604065
ACH-002844,0,0.6193955540657043
ACH-001068,0,0.5021873712539673
ACH-000358,1,0.752433717250824
ACH-002695,1,0.8345445394515991
ACH-001672,0,0.4508061110973358
ACH-001654,1,0.3931742012500763
ACH-001521,1,0.6855294704437256
ACH-000209,0,0.69504314661026
ACH-001520,0,0.2721230089664459
ACH-000213,1,0.7639010548591614
ACH-001610,1,0.5314947366714478
ACH-001408,1,0.7882975339889526
ACH-000991,1,0.8233012557029724
ACH-001412,1,0.4177461266517639
ACH-000331,1,0.32508695125579834
ACH-001407,1,0.5636054873466492
ACH-000580,0,0.4707125425338745
ACH-000594,1,0.7416487336158752
ACH-000684,0,0.5776035189628601
ACH-000742,0,0.17905500531196594
ACH-000868,1,0.7911588549613953
ACH-000732,1,0.8174414038658142
ACH-001481,1,0.5554320216178894
ACH-000429,0,0.6425985097885132
ACH-000310,0,0.6671227216720581
ACH-002475,1,0.6354078650474548
ACH-000643,1,0.7728561162948608
ACH-000234,0,0.6831634044647217
ACH-003267,0,0.8518848419189453
ACH-001498,1,0.21877406537532806
ACH-000896,1,0.727834939956665
ACH-003451,0,0.6945253610610962
ACH-000203,0,0.7272074222564697
ACH-001607,1,0.6680129766464233
ACH-002706,1,0.8097742795944214
ACH-001441,0,0.3262082040309906
ACH-000112,0,0.5714390873908997
ACH-000874,0,0.5168551802635193
ACH-000186,1,0.8296380639076233
ACH-002780,1,0.5584730505943298
ACH-000677,0,0.6654157042503357
ACH-000055,1,0.7388414740562439
ACH-000485,1,0.35507112741470337
ACH-000672,1,0.5828695893287659
ACH-001150,0,0.20616106688976288
ACH-000287,1,0.555489182472229
ACH-000784,1,0.6898236870765686
ACH-000530,1,0.6559728980064392
ACH-002024,1,0.6649112701416016
ACH-000380,1,0.5858304500579834
ACH-001737,0,0.4514053463935852
ACH-001400,1,0.8207771182060242
ACH-001054,0,0.5478684902191162
ACH-001695,1,0.8647356033325195
ACH-000009,1,0.7779288291931152
ACH-000491,1,0.5390642881393433
ACH-001703,0,0.5352836847305298
ACH-000002,0,0.31363537907600403
ACH-001568,0,0.3319488763809204
ACH-001449,0,0.462494820356369
ACH-000993,1,0.7124434113502502
ACH-002680,1,0.5654848217964172
ACH-000877,1,0.5095018744468689
ACH-000711,1,0.42164361476898193
ACH-001515,0,0.7549533843994141
ACH-002847,0,0.6639480590820312
ACH-000702,0,0.5367762446403503
ACH-001020,0,0.25575655698776245
ACH-000600,0,0.5699558854103088
ACH-003266,0,0.8809801340103149
ACH-000354,1,0.448102205991745
ACH-000012,1,0.8111154437065125
ACH-000689,0,0.7636775374412537
ACH-002668,1,0.4505394399166107
ACH-002533,0,0.3657730221748352
ACH-000459,0,0.425583153963089
ACH-002050,0,0.45503032207489014
ACH-003120,1,0.81458580493927
ACH-001413,0,0.5747976899147034
ACH-000686,1,0.6811423301696777
ACH-000342,1,0.9300586581230164
ACH-000208,1,0.4763127565383911
ACH-000360,1,0.7633724212646484
ACH-000249,1,0.7608314752578735
ACH-001368,1,0.3331901431083679
ACH-000231,1,0.5594318509101868
ACH-002074,1,0.755638599395752
ACH-000945,1,0.7728708982467651
ACH-000662,0,0.7974556088447571
ACH-002458,0,0.797741711139679
ACH-001378,0,0.8132447004318237
ACH-001029,1,0.6164951920509338
ACH-001817,0,0.16841478645801544
ACH-002846,0,0.5920274257659912
ACH-000248,1,0.7810843586921692
ACH-000943,0,0.5459747910499573
ACH-000751,1,0.5118154287338257
ACH-001696,1,0.7868750095367432
ACH-002936,1,0.8068066835403442
ACH-001016,1,0.7650778889656067
ACH-000282,0,0.3731650412082672
ACH-003438,1,0.5747076869010925
ACH-002215,0,0.7882592082023621
ACH-000261,1,0.6501415967941284
ACH-000164,1,0.5869605541229248
ACH-001793,0,0.5534980893135071
ACH-000262,0,0.6237034201622009
ACH-000158,0,0.517865002155304
ACH-000773,0,0.7038049697875977
ACH-000722,1,0.7449769973754883
ACH-000857,1,0.93252032995224
ACH-001129,1,0.5333877205848694
ACH-001619,1,0.6434425115585327
ACH-000184,0,0.5834336876869202
ACH-000329,0,0.6818637251853943
ACH-001569,1,0.5850503444671631
ACH-002544,1,0.7894355058670044
ACH-002675,1,0.6971545219421387
ACH-000814,0,0.23186105489730835
ACH-002499,1,0.8146234750747681
ACH-001493,1,0.5936033725738525
ACH-001701,1,0.8110688924789429
ACH-000197,1,0.6295526623725891
ACH-000545,1,0.4535813629627228
ACH-000949,1,0.49451184272766113
ACH-000124,0,0.47809118032455444
ACH-000560,0,0.6709505319595337
ACH-000897,1,0.31727364659309387
ACH-001626,1,0.70351243019104
ACH-000619,1,0.7443101406097412
ACH-001973,1,0.5383834838867188
ACH-001340,1,0.9304797649383545
ACH-000546,1,0.848385214805603
ACH-001709,1,0.24053148925304413
ACH-002018,0,0.5350295305252075
ACH-000153,0,0.6776610016822815
ACH-000526,0,0.16102918982505798
ACH-000116,1,0.803031861782074
ACH-000815,0,0.6215599775314331
ACH-001270,0,0.5582036972045898
ACH-002523,1,0.6104190349578857
ACH-000324,0,0.7541932463645935
ACH-001949,0,0.6157589554786682
ACH-001561,0,0.8232442140579224
ACH-000842,1,0.4827229082584381
ACH-000898,0,0.7516068816184998
ACH-000517,1,0.6836941838264465
ACH-001980,0,0.55177241563797
ACH-001415,1,0.778257429599762
ACH-000681,0,0.6321679353713989
ACH-001310,0,0.21791836619377136
ACH-000070,0,0.5406690835952759
ACH-000484,1,0.3472151458263397
ACH-003426,0,0.502130389213562
ACH-000108,1,0.5732576251029968
ACH-000808,1,0.4891059994697571
ACH-000656,1,0.755053699016571
ACH-000166,1,0.7108752727508545
ACH-000997,1,0.7120450735092163
ACH-000866,1,0.8949326276779175
ACH-000819,1,0.5941742062568665
ACH-000226,0,0.7035282850265503
ACH-000087,1,0.6441493034362793
ACH-000340,1,0.20305362343788147
ACH-002005,1,0.5078060626983643
ACH-001680,1,0.29089295864105225
ACH-000758,1,0.6969271898269653
ACH-000196,1,0.9090548157691956
ACH-003141,0,0.5722463726997375
ACH-000258,0,0.6195836067199707
ACH-000163,1,0.5170141458511353
ACH-000076,1,0.7872520685195923
ACH-000509,1,0.6735309362411499
ACH-001193,1,0.3108285367488861
ACH-000571,1,0.7382614612579346
ACH-000391,1,0.6147429347038269
ACH-000293,1,0.7411230206489563
ACH-003138,0,0.45429593324661255
ACH-000532,1,0.8004148602485657
ACH-000584,1,0.7767536640167236
ACH-001690,1,0.7824252247810364
ACH-000586,1,0.4312286972999573
ACH-000944,1,0.7660565972328186
ACH-003149,0,0.47056353092193604
ACH-000561,1,0.9073654413223267
ACH-001648,0,0.6666724681854248
ACH-000394,0,0.37083256244659424
ACH-000954,1,0.6932926177978516
ACH-000204,1,0.49641966819763184
ACH-000160,0,0.4754981994628906
ACH-003460,1,0.41154441237449646
ACH-000989,0,0.722943127155304
ACH-001347,1,0.7056695818901062
ACH-000691,1,0.422354519367218
ACH-000268,1,0.8917843699455261
ACH-001209,0,0.4741479158401489
ACH-003456,0,0.4425978362560272
ACH-000119,0,0.33542299270629883
ACH-000379,1,0.875903844833374
ACH-001341,0,0.8715111613273621
ACH-000714,0,0.5851715803146362
ACH-000937,1,0.6354957818984985
ACH-000763,0,0.5788950324058533
ACH-002834,0,0.5708164572715759
ACH-001673,1,0.42875856161117554
ACH-000326,1,0.3233514428138733
ACH-000300,0,0.6384953856468201
ACH-002994,0,0.6687312126159668
ACH-000901,1,0.592206597328186
ACH-000816,1,0.893132746219635
ACH-000641,1,0.5777971148490906
ACH-000511,0,0.5760775208473206
ACH-002077,1,0.6937249302864075
ACH-000583,1,0.47697070240974426
ACH-000836,1,0.8370422124862671
ACH-000975,1,0.28280922770500183
ACH-000109,1,0.8089675903320312
ACH-000467,1,0.7575517296791077
ACH-000712,1,0.3514833152294159
ACH-000671,1,0.8813232183456421
ACH-000523,1,0.8687729239463806
ACH-000864,1,0.86881023645401
ACH-000726,1,0.5113653540611267
ACH-000136,0,0.8494923710823059
ACH-002067,1,0.6980204582214355
ACH-000440,1,0.5825522541999817
ACH-002539,1,0.648012101650238
ACH-001461,0,0.4516662657260895
ACH-000890,1,0.5818178653717041
ACH-001692,0,0.7108002305030823
ACH-000027,0,0.5095319747924805
ACH-000562,1,0.8936694860458374
ACH-000748,0,0.5128236413002014
ACH-001669,1,0.5765705108642578
ACH-000834,1,0.7541609406471252
ACH-000565,1,0.8184273838996887
ACH-000449,0,0.5545668005943298
ACH-000399,1,0.37211692333221436
ACH-002080,0,0.36551105976104736
ACH-000770,1,0.7006163001060486
ACH-000710,0,0.7939385771751404
ACH-000507,1,0.6920751333236694
ACH-000066,1,0.9062409996986389
ACH-000022,1,0.4401889145374298
ACH-001668,0,0.7986303567886353
ACH-000334,1,0.44285663962364197
ACH-000374,1,0.819592297077179
ACH-000519,1,0.5668080449104309
ACH-000908,0,0.6106286644935608
ACH-002003,0,0.6031025052070618
ACH-000574,1,0.7189878821372986
ACH-000148,1,0.30525824427604675
ACH-002461,1,0.5227064490318298
ACH-000646,0,0.8939328789710999
ACH-000314,1,0.27310553193092346
ACH-001705,1,0.8055890798568726
ACH-000040,1,0.4485906660556793
ACH-001057,0,0.46162667870521545
ACH-000430,1,0.255370557308197
ACH-001041,1,0.49895569682121277
ACH-001988,0,0.6100530624389648
ACH-001977,0,0.5021476745605469
ACH-000370,1,0.6867865920066833
ACH-001630,1,0.8219892978668213
ACH-000437,1,0.7011833786964417
ACH-000498,1,0.618419885635376
ACH-001392,1,0.708747923374176
ACH-000503,1,0.49703606963157654
ACH-002778,0,0.3105400800704956
ACH-000328,1,0.5847433805465698
ACH-000403,1,0.903232753276825
ACH-000400,0,0.888086199760437
ACH-000224,0,0.37214359641075134
ACH-000318,1,0.9496397972106934
ACH-003472,0,0.7213619947433472
ACH-001430,0,0.6110979914665222
ACH-000928,0,0.7821720242500305
ACH-000893,1,0.6879562139511108
ACH-000889,1,0.5327188372612
ACH-000799,0,0.24233107268810272
ACH-001623,1,0.5450307130813599
ACH-000736,1,0.6814785599708557
ACH-000876,1,0.8078525066375732
ACH-001232,1,0.4271917939186096
ACH-001618,1,0.5948817133903503
ACH-001828,0,0.5261622071266174
ACH-002650,1,0.8148543834686279
ACH-000235,1,0.4111485183238983
ACH-000381,1,0.7767449617385864
ACH-001993,1,0.4573170244693756
ACH-001301,0,0.5460729598999023
ACH-000854,0,0.593917965888977
ACH-000187,1,0.36248093843460083
ACH-000543,1,0.5935502052307129
ACH-000569,0,0.559015154838562
ACH-000668,1,0.7560638189315796
ACH-000134,0,0.35456568002700806
ACH-000924,1,0.3492873013019562
ACH-003473,1,0.656269371509552
ACH-001450,1,0.3793182671070099
ACH-000296,1,0.47116395831108093
ACH-002034,0,0.8105102181434631
ACH-002781,0,0.5081192255020142
ACH-000713,1,0.7655783891677856
ACH-001360,0,0.7377645373344421
ACH-002921,0,0.6149649620056152
ACH-000273,1,0.7203251123428345
ACH-001715,0,0.5926362872123718
ACH-001617,1,0.7000922560691833
ACH-000639,1,0.6960331201553345
ACH-000590,1,0.829470694065094
ACH-000553,1,0.7770163416862488
ACH-000084,0,0.5866318345069885
ACH-000094,1,0.651116132736206
ACH-000361,0,0.2972530722618103
ACH-000719,0,0.7319746613502502
ACH-001396,1,0.42156901955604553
ACH-001848,0,0.7369198799133301
ACH-000339,1,0.294536828994751
ACH-002048,0,0.8726348280906677
ACH-000218,1,0.7183780670166016
ACH-002486,1,0.6539027094841003
ACH-002711,0,0.40314099192619324
ACH-000789,1,0.652715265750885
ACH-000413,0,0.4550424814224243
ACH-000125,0,0.16562519967556
ACH-000180,1,0.42024558782577515
ACH-000215,1,0.4958864748477936
ACH-001001,1,0.858768880367279
ACH-000407,1,0.5875131487846375
ACH-002170,1,0.720388650894165
ACH-002027,0,0.7343695759773254
ACH-001132,1,0.2288409024477005
ACH-001278,0,0.569397509098053
ACH-000032,0,0.5269606113433838
ACH-003108,1,0.5871186256408691
ACH-001419,1,0.8039286732673645
ACH-000494,0,0.676084578037262
ACH-000865,1,0.48152828216552734
ACH-000439,1,0.4655808210372925
ACH-001523,1,0.8679032921791077
ACH-001983,0,0.27142101526260376
ACH-000024,1,0.7742637991905212
ACH-000674,0,0.747168242931366
ACH-000670,1,0.5707312822341919
ACH-000599,1,0.4105660319328308
ACH-000263,1,0.31434166431427
ACH-003191,0,0.5999969840049744
ACH-000303,1,0.7308916449546814
ACH-001551,1,0.3936917781829834
ACH-002795,0,0.8259031176567078
ACH-000793,0,0.7241235375404358
ACH-002511,0,0.5899983644485474
ACH-000286,1,0.9343600869178772
ACH-000250,1,0.5341268181800842
ACH-000139,0,0.920231819152832
ACH-001735,1,0.2533213794231415
ACH-002013,0,0.2681122124195099
ACH-001389,1,0.765480101108551
ACH-001183,1,0.7340487241744995
ACH-000551,1,0.8235487341880798
ACH-003101,0,0.48554447293281555
ACH-001163,1,0.5920762419700623
ACH-000037,1,0.2833535373210907
ACH-000744,1,0.7898068428039551
ACH-000420,1,0.7535404562950134
ACH-000336,0,0.5598757863044739
ACH-000486,0,0.8354122042655945
ACH-000679,1,0.7335837483406067
ACH-001557,0,0.2548238933086395
ACH-000247,0,0.750019907951355
ACH-000947,1,0.5673927068710327
ACH-000807,1,0.6704123020172119
ACH-000476,1,0.6558252573013306
ACH-000525,1,0.8789157271385193
ACH-003154,0,0.6215893626213074
ACH-001148,0,0.744990885257721
ACH-003455,0,0.3084442913532257
ACH-000853,1,0.8451991081237793
ACH-000083,0,0.15527358651161194
ACH-000479,0,0.19931358098983765
ACH-000230,0,0.43639862537384033
ACH-001664,1,0.6402753591537476
ACH-002705,1,0.8935825228691101
ACH-002937,0,0.7296664118766785
ACH-000955,1,0.4954291880130768
ACH-000049,0,0.8434590101242065
ACH-000675,1,0.8678141236305237
ACH-000199,0,0.1682501882314682
ACH-000193,1,0.8328081369400024
ACH-001686,1,0.3689461350440979
ACH-000538,0,0.6293718814849854
ACH-002490,1,0.9283504486083984
ACH-001683,1,0.8543796539306641
ACH-001990,1,0.7693343758583069
ACH-001438,0,0.6366882920265198
ACH-001647,1,0.5507932305335999
ACH-002043,1,0.7737028002738953
ACH-001649,0,0.6668610572814941
ACH-000155,1,0.8839728236198425
ACH-000270,1,0.4868510961532593
ACH-003106,0,0.5219103693962097
ACH-003177,1,0.2553894817829132
ACH-000683,1,0.7998433113098145
ACH-002017,0,0.5405838489532471
ACH-000655,1,0.761728048324585
ACH-000145,1,0.6213052868843079
ACH-001495,1,0.7630833983421326
ACH-000188,1,0.7751502394676208
ACH-003458,1,0.5626352429389954
ACH-000080,0,0.571888267993927
ACH-000146,1,0.5668253302574158
ACH-000415,1,0.9492347836494446
ACH-001518,1,0.4044680595397949
ACH-002290,0,0.7178509831428528
ACH-000891,1,0.6348865628242493
ACH-001625,1,0.8564123511314392
ACH-001985,1,0.7676047682762146
ACH-000895,1,0.7716088891029358
ACH-000851,1,0.8755794763565063
ACH-000824,1,0.818785548210144
ACH-000506,1,0.8478180170059204
ACH-001427,0,0.6682685613632202
ACH-000540,0,0.4094866216182709
ACH-000061,1,0.5431262254714966
ACH-000185,0,0.15196295082569122
ACH-000568,0,0.8418010473251343
ACH-000707,1,0.46519148349761963
ACH-000603,1,0.7743262648582458
ACH-000983,1,0.2572106420993805
ACH-000541,1,0.785777747631073
ACH-000680,1,0.7694998979568481
ACH-002460,0,0.5410175323486328
ACH-000111,1,0.441913366317749
ACH-002463,1,0.35289958119392395
ACH-000369,1,0.5750004649162292
ACH-002928,0,0.47883129119873047
ACH-000618,1,0.4095027446746826
ACH-000470,1,0.8085812926292419
ACH-003150,0,0.7619337439537048
ACH-002039,1,0.8871227502822876
ACH-000118,1,0.8378713726997375
ACH-000614,0,0.5225531458854675
ACH-001338,0,0.8116986155509949
ACH-000432,0,0.24531134963035583
ACH-000556,0,0.760726809501648
ACH-001804,1,0.20401668548583984
ACH-001386,1,0.3859024941921234
ACH-001060,1,0.44950276613235474
ACH-001525,1,0.8014519810676575
ACH-001539,1,0.48205846548080444
ACH-000014,0,0.6289372444152832
ACH-002785,0,0.22124698758125305
ACH-000637,1,0.8528885245323181
ACH-002693,1,0.620981752872467
ACH-001855,0,0.3783670663833618
ACH-000455,1,0.6772427558898926
ACH-000389,0,0.7117093205451965
ACH-002710,1,0.5278321504592896
ACH-000129,0,0.6969698667526245
ACH-000490,0,0.45508480072021484
ACH-000434,1,0.8315496444702148
ACH-001086,0,0.6429134011268616
ACH-002042,1,0.77953040599823
ACH-000597,0,0.48452845215797424
ACH-000756,1,0.5538284778594971
ACH-000396,1,0.2894648015499115
ACH-003148,0,0.2427361011505127
ACH-000089,1,0.7488917112350464
ACH-002478,0,0.3902148902416229
ACH-000371,1,0.506395161151886
ACH-000265,0,0.37102043628692627
ACH-000132,1,0.9335874319076538
ACH-000216,1,0.8904727101325989
ACH-000613,1,0.6574821472167969
ACH-000855,1,0.6634677052497864
ACH-000906,1,0.5443532466888428
ACH-000348,1,0.48281848430633545
ACH-001100,1,0.5214786529541016
ACH-000238,1,0.8571669459342957
ACH-000237,1,0.49195581674575806
ACH-003099,1,0.8887757658958435
ACH-000393,1,0.6684625744819641
ACH-003107,0,0.821621835231781
ACH-000623,1,0.484125554561615
ACH-000359,0,0.6077039241790771
ACH-001028,1,0.4793473780155182
ACH-000621,1,0.7561634182929993
ACH-001641,1,0.7207858562469482
ACH-000056,0,0.7767404317855835
ACH-000483,1,0.3139306604862213
ACH-003308,0,0.2753750681877136
ACH-000514,1,0.3480192720890045
ACH-000051,0,0.7564144730567932
ACH-003433,1,0.4256258010864258
ACH-000043,0,0.7114612460136414
ACH-000936,1,0.7554633617401123
ACH-000716,1,0.6942520141601562
ACH-000988,1,0.7662114500999451
ACH-000952,0,0.7008978128433228
ACH-001350,1,0.8863422274589539
ACH-000065,0,0.7977538108825684
ACH-000609,0,0.6781166195869446
ACH-001411,1,0.7172821760177612
ACH-000504,1,0.6114093065261841
ACH-002677,1,0.44785675406455994
ACH-000956,1,0.7691080570220947
ACH-001712,1,0.42772936820983887
ACH-000652,1,0.8574178218841553
ACH-000414,0,0.4353605806827545
ACH-000472,1,0.7916105389595032
ACH-000007,0,0.8646864891052246
ACH-000446,0,0.7596336007118225
ACH-003071,1,0.7081193923950195
ACH-000386,1,0.26089373230934143
ACH-001850,1,0.2792149484157562
ACH-000755,0,0.7083671689033508
ACH-001503,0,0.2273103892803192
ACH-000028,0,0.7389602065086365
ACH-000665,1,0.5918681025505066
ACH-001679,0,0.43159380555152893
ACH-000078,0,0.29081931710243225
ACH-002046,1,0.5165728330612183
ACH-000397,1,0.8749268651008606
ACH-003145,0,0.6977631449699402
ACH-000229,0,0.30027952790260315
ACH-002925,0,0.6805626749992371
ACH-000518,1,0.8561299443244934
ACH-001566,0,0.5812785029411316
ACH-000252,1,0.7591745257377625
ACH-000572,0,0.2827054560184479
ACH-001605,1,0.20950251817703247
ACH-002522,1,0.5401644706726074
ACH-000277,1,0.8079315423965454
ACH-001239,0,0.727849543094635
ACH-000786,1,0.7246906161308289
ACH-000803,1,0.7891233563423157
ACH-001970,0,0.7718890905380249
ACH-002038,1,0.4088047444820404
ACH-000537,1,0.6461069583892822
ACH-002660,1,0.9002997875213623
ACH-002806,1,0.504801332950592
ACH-000419,1,0.803029477596283
ACH-002782,0,0.4605419635772705
ACH-000724,1,0.6572821736335754
ACH-000522,1,0.292182594537735
ACH-001549,1,0.28164416551589966
ACH-000706,1,0.35813483595848083
ACH-000737,0,0.3379330337047577
ACH-000548,1,0.7484340071678162
ACH-001839,0,0.6911259889602661
ACH-001799,0,0.5092961192131042
ACH-001573,1,0.5746922492980957
ACH-002946,0,0.5460667014122009
ACH-000425,0,0.6885374188423157
ACH-003103,0,0.49035266041755676
ACH-000375,0,0.5174908638000488
ACH-000753,1,0.609882116317749
ACH-000275,0,0.1523829996585846
ACH-000735,0,0.4715740382671356
ACH-000654,1,0.7438825964927673
ACH-001067,0,0.6206161379814148
ACH-000170,0,0.7239291667938232
ACH-001394,1,0.9392945170402527
ACH-001433,1,0.48922306299209595
ACH-000404,0,0.8174346089363098
ACH-000882,0,0.7164011597633362
ACH-001509,1,0.7820637226104736
ACH-000210,0,0.578181803226471
ACH-000254,1,0.9291161894798279
ACH-000604,1,0.7916759848594666
ACH-000090,1,0.7793126702308655
ACH-000195,1,0.7155183553695679
ACH-001791,0,0.611422061920166
ACH-001650,0,0.5749466419219971
ACH-000605,1,0.8360756039619446
ACH-000458,1,0.38460734486579895
ACH-003121,1,0.7204791903495789
ACH-003125,1,0.6961126327514648
ACH-002084,0,0.5072451233863831
ACH-000004,1,0.7496688961982727
ACH-000251,1,0.6424441337585449
ACH-000241,0,0.2733059823513031
ACH-001194,1,0.7565596699714661
ACH-001987,0,0.4951345920562744
ACH-002055,1,0.4387936592102051
ACH-002689,0,0.6989873051643372
ACH-001443,1,0.4772903025150299
ACH-000688,1,0.6224004030227661
ACH-000405,1,0.26043856143951416
ACH-000821,1,0.6553573608398438
ACH-001677,0,0.54191654920578
ACH-002526,1,0.8416614532470703
ACH-001627,0,0.809925377368927
ACH-000951,1,0.8146812319755554
ACH-001036,0,0.2567499876022339
ACH-002792,1,0.5235701203346252
ACH-000547,0,0.6960425972938538
ACH-000826,1,0.42667022347450256
ACH-001986,0,0.5684390068054199
ACH-001147,1,0.25132107734680176
ACH-002927,0,0.5848442316055298
ACH-002470,1,0.6445555090904236
ACH-000162,1,0.5610170960426331
ACH-003139,0,0.49153465032577515
ACH-001751,0,0.32316261529922485
ACH-000018,1,0.2673218548297882
ACH-000721,1,0.530669093132019
ACH-000003,0,0.801646888256073
ACH-000092,0,0.540975034236908
ACH-000669,1,0.8321878910064697
ACH-001099,0,0.4637175500392914
ACH-000648,0,0.5944939851760864
ACH-000950,0,0.5142005681991577
ACH-000050,0,0.7952864766120911
ACH-001106,1,0.44749945402145386
ACH-002051,1,0.7513794302940369
ACH-000367,0,0.7196041345596313
ACH-000589,1,0.8844208717346191
ACH-000564,0,0.7443145513534546
ACH-001522,0,0.6204487085342407
ACH-000831,1,0.8278794884681702
ACH-000424,1,0.318654328584671
ACH-000409,1,0.4343716502189636
ACH-000616,1,0.4930633008480072
ACH-000628,1,0.7394935488700867
ACH-000512,1,0.27785030007362366
ACH-000232,1,0.6189936399459839
ACH-000820,1,0.8139292001724243
ACH-001295,0,0.5883040428161621
ACH-001164,0,0.8241140842437744
ACH-000806,0,0.441218763589859
ACH-002524,1,0.7495658993721008
ACH-000645,0,0.45048901438713074
ACH-000099,0,0.5890738368034363
ACH-000902,1,0.6991629600524902
ACH-000649,1,0.7144194841384888
ACH-000086,0,0.3448830544948578
ACH-000149,0,0.5681008696556091
ACH-002538,1,0.6960328817367554
ACH-000142,1,0.407405823469162
ACH-002535,1,0.7481690049171448
ACH-000227,0,0.2725857198238373
ACH-000697,0,0.49697500467300415
ACH-000942,1,0.45014336705207825
ACH-000264,1,0.8560836911201477
ACH-000809,1,0.7754321694374084
ACH-000093,0,0.41046664118766785
ACH-000100,1,0.8416367769241333
ACH-001445,1,0.7483469843864441
ACH-000060,1,0.432503879070282
ACH-000001,1,0.4991564154624939
ACH-000957,0,0.8816193342208862
ACH-000650,1,0.5785713195800781
ACH-001096,0,0.566710352897644
ACH-002799,0,0.8264153003692627
ACH-002404,1,0.5664016604423523
ACH-000239,1,0.7541272044181824
ACH-000762,1,0.448776513338089
ACH-000922,0,0.5935619473457336
ACH-002784,1,0.4135343134403229
ACH-002653,0,0.7322832942008972
ACH-000859,1,0.8107558488845825
ACH-000990,1,0.7956801652908325
ACH-000410,0,0.491156667470932
ACH-001971,0,0.5398363471031189
ACH-000927,1,0.7404520511627197
ACH-001853,0,0.8097168803215027
ACH-001978,0,0.6779338717460632
ACH-000694,1,0.9143015742301941
ACH-000935,0,0.7512364387512207
ACH-000918,1,0.22010372579097748
ACH-001984,0,0.2594410181045532
ACH-000761,1,0.685192346572876
ACH-001563,0,0.2573762834072113
ACH-000974,0,0.6950929760932922
ACH-000297,1,0.3904644846916199
ACH-001719,1,0.6824554204940796
ACH-000243,1,0.9166930913925171
ACH-001418,1,0.9092047214508057
ACH-000362,0,0.5044790506362915
ACH-000843,1,0.8457985520362854
ACH-002052,1,0.6409582495689392
ACH-000840,1,0.8037543296813965
ACH-001852,1,0.7157629728317261
ACH-001528,0,0.541968047618866
ACH-001656,1,0.5850006937980652
ACH-000016,0,0.6494652032852173
ACH-000165,0,0.4181371033191681
ACH-001460,1,0.798264741897583
ACH-000592,1,0.7565838098526001
ACH-001192,1,0.3354167640209198
ACH-000045,0,0.5348748564720154
ACH-000741,1,0.8610251545906067
ACH-000912,1,0.6611806750297546
ACH-000529,0,0.4689251780509949
ACH-000508,1,0.7627626657485962
ACH-000577,1,0.7330759763717651
ACH-000768,1,0.7971638441085815
ACH-000636,1,0.5055782794952393
ACH-000667,1,0.7869269251823425
ACH-000905,1,0.8684483170509338
ACH-001494,1,0.7438029050827026
ACH-000387,1,0.32721951603889465
ACH-002510,0,0.6334624290466309
ACH-001303,0,0.8413655161857605
ACH-000026,0,0.28867676854133606
ACH-000838,0,0.5899098515510559
ACH-001172,1,0.6653968095779419
ACH-000822,0,0.6644616723060608
ACH-000531,0,0.3407701551914215
ACH-000349,0,0.7322377562522888
ACH-000527,0,0.7231541872024536
ACH-000279,1,0.6218953132629395
ACH-000516,1,0.8384652137756348
ACH-001662,1,0.7828719615936279
ACH-000812,1,0.754254162311554
ACH-003157,0,0.3463633060455322
ACH-003464,0,0.34374698996543884
ACH-001300,0,0.5628249645233154
ACH-000524,1,0.41526052355766296
ACH-000611,1,0.28909003734588623
ACH-002419,0,0.5742387175559998
ACH-000411,0,0.721525251865387
ACH-000718,1,0.3967248499393463
ACH-000903,1,0.5533010959625244
ACH-002021,0,0.8117157816886902
ACH-000433,0,0.7928449511528015
ACH-000499,1,0.6685494780540466
ACH-000278,1,0.7979918718338013
ACH-000202,1,0.6522368788719177
ACH-001736,1,0.5178429484367371
ACH-001379,1,0.38356977701187134
ACH-002070,1,0.7018316984176636
ACH-002794,1,0.5884456038475037
ACH-000128,1,0.30982911586761475
ACH-002528,0,0.2310577780008316
ACH-000696,1,0.8129854798316956
ACH-000041,1,0.6400237083435059
ACH-000214,0,0.5690407156944275
ACH-000747,1,0.29351991415023804
ACH-001307,1,0.7559298276901245
ACH-000341,1,0.5491091012954712
ACH-001740,1,0.5479679703712463
ACH-000417,0,0.7511834502220154
ACH-001393,1,0.6731448173522949
ACH-000120,0,0.5788760185241699
ACH-001694,1,0.6459811329841614
ACH-001542,1,0.9122361540794373
ACH-002509,0,0.5613895058631897
ACH-000438,1,0.3537350594997406
ACH-001366,1,0.32691580057144165
ACH-000653,0,0.7698778510093689
ACH-000839,1,0.4968269467353821
ACH-000673,1,0.5141135454177856
ACH-001524,1,0.74794602394104
ACH-000069,0,0.29148566722869873
ACH-002996,1,0.6518728137016296
ACH-003142,0,0.8175524473190308
ACH-000323,1,0.7071717381477356
ACH-000021,1,0.9033740162849426
ACH-001863,1,0.6904994249343872
ACH-001996,1,0.4096090495586395
ACH-000980,1,0.3094046115875244
ACH-000106,0,0.5146632194519043
ACH-003156,0,0.8198955655097961
ACH-000734,1,0.7257754802703857
ACH-000845,1,0.44181355834007263
ACH-001982,0,0.5950740575790405
ACH-000730,0,0.8471202254295349
ACH-001334,0,0.7636004090309143
ACH-000698,1,0.9066084623336792
ACH-000802,1,0.7642050981521606
ACH-001836,1,0.7730017900466919
ACH-000573,1,0.6614795923233032
ACH-001699,1,0.8021002411842346
ACH-000963,1,0.9048128128051758
ACH-001567,0,0.5503045916557312
ACH-001653,1,0.8992047905921936
ACH-000852,1,0.6879967451095581
ACH-001862,0,0.5086112022399902
ACH-001976,0,0.485188752412796
ACH-002665,1,0.6513870358467102
ACH-003153,0,0.8996784090995789
ACH-000661,0,0.5008761286735535
ACH-001500,1,0.6157501339912415
ACH-001190,1,0.3428681790828705
ACH-002467,0,0.3840278685092926
ACH-000364,0,0.7609893679618835
ACH-000448,0,0.7578285336494446
ACH-000979,1,0.900679886341095
ACH-000932,0,0.36702850461006165
ACH-000783,1,0.8195700645446777
ACH-002044,1,0.6957974433898926
ACH-000301,1,0.7934370040893555
ACH-002459,0,0.2641192674636841
ACH-000976,1,0.7580970525741577
ACH-001516,0,0.8024763464927673
ACH-001354,1,0.3005572259426117
ACH-001645,0,0.24050824344158173
ACH-003135,0,0.8173797130584717
ACH-000867,1,0.8442564606666565
ACH-000304,0,0.43672919273376465
ACH-002069,0,0.5966779589653015
ACH-000931,0,0.5783181190490723
ACH-001374,0,0.33108094334602356
ACH-000302,1,0.8751941323280334
ACH-000305,1,0.8486751914024353
ACH-000072,1,0.6432806849479675
ACH-000766,1,0.8326188921928406
ACH-000533,0,0.5217105150222778
ACH-000343,1,0.31031033396720886
ACH-001437,0,0.739686131477356
ACH-000171,1,0.8275940418243408
ACH-003475,1,0.41235366463661194
ACH-000173,1,0.9175768494606018
ACH-000535,1,0.36906248331069946
ACH-000774,1,0.9409886598587036
ACH-000178,0,0.6442925333976746
ACH-001306,1,0.717429518699646
ACH-000994,1,0.7612535953521729
ACH-001188,0,0.5993435978889465
ACH-000372,0,0.7920617461204529
ACH-002886,0,0.8653133511543274
ACH-000804,0,0.5585630536079407
ACH-000011,0,0.29306861758232117
ACH-000733,1,0.8616861701011658
ACH-001603,0,0.8586727976799011
ACH-000829,0,0.45415180921554565
ACH-000141,1,0.4282296597957611
ACH-000810,1,0.2710654139518738
ACH-001994,1,0.7397181391716003
ACH-001145,1,0.643466055393219
ACH-000717,1,0.8142309784889221
ACH-000738,1,0.5774772763252258
ACH-001843,0,0.5491384863853455
ACH-002664,1,0.7735040187835693
ACH-000780,1,0.382550984621048
ACH-001548,0,0.8434578776359558
ACH-000759,0,0.7400673031806946
ACH-001555,0,0.6873191595077515
ACH-001369,1,0.7388111352920532
ACH-000969,1,0.8811516761779785
ACH-000873,1,0.5269922018051147
ACH-001275,0,0.5580639243125916
ACH-002654,1,0.8199273943901062
ACH-002435,0,0.7577502131462097
ACH-001972,0,0.5799688696861267
ACH-000921,1,0.32539376616477966
ACH-003470,1,0.6779525279998779
ACH-001953,0,0.4673233926296234
ACH-002843,0,0.574155867099762
ACH-001373,1,0.7321509718894958
ACH-002800,0,0.6838756799697876
ACH-001022,0,0.5916851162910461
ACH-000082,0,0.5234267711639404
ACH-003105,0,0.6061068177223206
ACH-000488,1,0.8881306648254395
ACH-000790,1,0.3329954743385315
ACH-000172,0,0.2550900876522064
ACH-000647,1,0.7245747447013855
ACH-000602,0,0.46692758798599243
ACH-003181,0,0.23625122010707855
ACH-002681,1,0.5590430498123169
ACH-001465,0,0.8348574638366699
ACH-003012,0,0.7497532963752747
ACH-000156,0,0.4878939688205719
ACH-002001,0,0.7912799715995789
ACH-000315,1,0.20884573459625244
ACH-001678,0,0.7085623145103455
ACH-002446,1,0.35501810908317566
ACH-000201,0,0.2784852683544159
ACH-000435,1,0.8307616114616394
ACH-000965,1,0.7524760961532593
ACH-001550,1,0.7567197680473328
ACH-002026,0,0.5245397090911865
ACH-000883,1,0.23882240056991577
ACH-000482,1,0.38613033294677734
ACH-000450,0,0.5541027188301086
ACH-002672,1,0.7112720608711243
ACH-000835,1,0.31708624958992004
ACH-002431,0,0.7961515784263611
ACH-001802,0,0.3021213710308075
ACH-000629,0,0.3034318685531616
ACH-000715,1,0.38575491309165955
ACH-000870,1,0.6939657330513
ACH-000910,0,0.7601182460784912
ACH-000779,1,0.4477584660053253
ACH-000140,0,0.3138180673122406
ACH-001196,1,0.8173303604125977
ACH-001484,0,0.5648844838142395
ACH-000693,1,0.811546266078949
ACH-000811,1,0.8524104356765747
ACH-000423,1,0.6644123196601868
ACH-000290,1,0.7459278702735901
ACH-001847,0,0.5833240151405334
ACH-000492,0,0.7292143106460571
ACH-001519,0,0.36968642473220825
ACH-000110,1,0.4679264426231384
ACH-001497,1,0.7381149530410767
ACH-000102,1,0.4724445343017578
ACH-000817,1,0.7210999131202698
ACH-001556,0,0.5515553951263428
ACH-000964,0,0.5817456245422363
ACH-000378,1,0.9098367094993591
ACH-000913,1,0.6201228499412537
ACH-000575,0,0.6525455713272095
ACH-000634,1,0.5910112857818604
ACH-002291,0,0.7595577836036682
ACH-001322,0,0.6388834118843079
ACH-002924,0,0.2350870668888092
ACH-000767,1,0.782780647277832
ACH-001642,0,0.777963399887085
ACH-001552,1,0.6656672358512878
ACH-000451,1,0.42802900075912476
ACH-000879,1,0.8303714394569397
ACH-001842,1,0.8943039774894714
ACH-002662,1,0.8549743294715881
ACH-001032,1,0.6127195954322815
ACH-000982,0,0.3950374722480774
ACH-001636,1,0.2292291522026062
ACH-000189,0,0.2572932541370392
ACH-000454,1,0.7716344594955444
ACH-000131,0,0.4386112093925476
ACH-000660,0,0.6952669620513916
ACH-001197,1,0.46800288558006287
ACH-000915,1,0.2715805470943451
ACH-000480,1,0.7510883212089539
ACH-000745,0,0.5659567713737488
ACH-000161,0,0.8699277639389038
ACH-000395,1,0.8725298047065735
ACH-001459,1,0.44251471757888794
ACH-000916,1,0.9173992872238159
ACH-001609,1,0.5199858546257019
ACH-001960,1,0.8525292277336121
ACH-002648,1,0.7469918727874756
ACH-001856,0,0.680988073348999
ACH-003158,0,0.4980365037918091
ACH-002433,1,0.5681203603744507
ACH-000295,1,0.5400020480155945
ACH-001485,0,0.5067532062530518
ACH-003269,0,0.7314082980155945
ACH-000292,1,0.5903587937355042
ACH-000137,1,0.7809395790100098
ACH-000308,1,0.3835795223712921
ACH-000445,1,0.6541875600814819
ACH-001229,0,0.7572817206382751
ACH-000144,1,0.8385254144668579
ACH-000837,1,0.7825154662132263
ACH-000048,1,0.6301445960998535
ACH-000463,0,0.6221973896026611
ACH-000881,0,0.5372644066810608
ACH-000388,1,0.4599546492099762
ACH-001992,1,0.6806660890579224
ACH-000147,1,0.732012927532196
ACH-000930,1,0.7033251523971558
ACH-000899,0,0.8301384449005127
ACH-000366,1,0.31984320282936096
ACH-001571,0,0.4806484878063202
ACH-001526,0,0.7607881426811218
ACH-000064,0,0.8084999918937683
ACH-001329,0,0.47026801109313965
ACH-001676,1,0.5437605381011963
ACH-000418,1,0.6733996272087097
ACH-001280,1,0.559333324432373
ACH-002922,1,0.913923442363739
ACH-000861,1,0.8296822905540466
ACH-000692,1,0.8225133419036865
ACH-003137,0,0.575846791267395
ACH-000107,1,0.350200355052948
ACH-000133,1,0.21791353821754456
ACH-000306,0,0.1591925024986267
ACH-001530,0,0.37679117918014526
ACH-000651,1,0.743201732635498
ACH-000563,1,0.6907596588134766
ACH-000058,1,0.6385380029678345
ACH-000345,0,0.6152742505073547
ACH-000316,1,0.5575412511825562
ACH-000884,1,0.8147560954093933
ACH-000289,0,0.4332871437072754
ACH-001451,0,0.5638712644577026
ACH-003459,1,0.7879534959793091
ACH-002440,0,0.774138331413269
ACH-000355,1,0.32144564390182495
ACH-002926,0,0.7092626094818115
ACH-000962,1,0.7298483848571777
ACH-000473,1,0.8826030492782593
ACH-000192,1,0.49719497561454773
ACH-001624,0,0.2398919314146042
ACH-001989,0,0.5287036299705505
ACH-001807,0,0.4617297351360321
ACH-002532,1,0.870038628578186
ACH-002466,0,0.17658738791942596
ACH-001344,0,0.23017773032188416
ACH-001684,0,0.5311795473098755
ACH-000757,0,0.7951429486274719
ACH-000054,0,0.7836136817932129
ACH-001318,1,0.6651124954223633
ACH-000601,1,0.5814896821975708
ACH-000635,1,0.7341247200965881
ACH-001857,1,0.5619726181030273
ACH-000966,1,0.8610284924507141
ACH-000630,1,0.7570729851722717
ACH-000225,1,0.6280098557472229
ACH-002047,0,0.3807324469089508
ACH-000657,0,0.6135448813438416
ACH-000624,1,0.8719349503517151
ACH-000699,1,0.6240689754486084
ACH-000923,0,0.4806382954120636
ACH-000687,1,0.47384098172187805
ACH-000044,0,0.6839545369148254
ACH-000740,1,0.8233004212379456
ACH-000447,1,0.7231611609458923
ACH-000101,1,0.5096762180328369
ACH-001416,1,0.4057141840457916
ACH-000319,0,0.7290717363357544
ACH-000198,0,0.5345426201820374
ACH-000280,0,0.42568448185920715
ACH-003265,0,0.7366175651550293
ACH-000104,1,0.6813568472862244
ACH-001835,1,0.7965373992919922
ACH-000892,0,0.7348113656044006
ACH-000493,1,0.5913183093070984
ACH-000042,1,0.8227807283401489
ACH-002045,1,0.7843137979507446
ACH-000221,1,0.3555062413215637
ACH-000477,0,0.24687659740447998
ACH-000746,1,0.6685810089111328
ACH-000356,1,0.7571855187416077
ACH-000457,0,0.6138854622840881
ACH-000904,0,0.7990400791168213
ACH-002060,0,0.22862467169761658
ACH-003159,0,0.5708475112915039
ACH-001813,0,0.38554301857948303
ACH-000244,0,0.17049719393253326
ACH-000610,1,0.3057704567909241
ACH-000081,0,0.259204238653183
ACH-003161,0,0.562394380569458
ACH-000255,1,0.6158689260482788
ACH-001038,1,0.3008563816547394
ACH-000352,0,0.7707961201667786
ACH-002016,0,0.5874502062797546
ACH-000416,1,0.3529457747936249
ACH-000752,1,0.49744847416877747
ACH-000862,1,0.3515918552875519
ACH-000236,1,0.827186644077301
ACH-000401,1,0.5379830598831177
ACH-000731,0,0.631515622138977
ACH-000875,1,0.3937832713127136
ACH-000626,1,0.7119524478912354
ACH-000593,1,0.6181744933128357
ACH-000182,0,0.7709959745407104
ACH-000442,1,0.22979512810707092
ACH-000159,0,0.49460339546203613
ACH-000907,1,0.5503305196762085
ACH-000191,1,0.7186940908432007
ACH-000205,0,0.7864618301391602
ACH-000103,1,0.9388557076454163
ACH-000739,0,0.7574625611305237
ACH-001558,0,0.7274402379989624
ACH-000206,0,0.48858797550201416
ACH-000841,1,0.7803569436073303
ACH-000615,1,0.6032471060752869
ACH-001613,0,0.542022705078125
ACH-001608,1,0.2973603904247284
ACH-000801,0,0.8100643754005432
ACH-000539,0,0.43024274706840515
ACH-000464,1,0.7295598387718201
ACH-000622,1,0.5658273696899414
ACH-000452,1,0.7622315287590027
ACH-001390,1,0.5139557123184204
ACH-001401,1,0.3186272978782654
ACH-000365,1,0.5510952472686768
ACH-001431,0,0.6167470812797546
ACH-000475,1,0.7565771341323853
ACH-000860,0,0.7348649501800537
ACH-000074,1,0.6266394257545471
ACH-000377,1,0.7527410984039307
ACH-001562,0,0.5987234711647034
ACH-001693,1,0.5808641910552979
ACH-003134,0,0.4317720830440521
ACH-000259,1,0.5461660027503967
ACH-001697,1,0.5494935512542725
ACH-002801,1,0.5773147940635681
ACH-001388,0,0.8524077534675598
ACH-001410,1,0.7078449130058289
ACH-002025,1,0.7976930737495422
ACH-002688,0,0.2513420581817627
ACH-000720,1,0.6923449635505676
ACH-000095,0,0.3113621771335602
ACH-001345,0,0.6951214075088501
ACH-000558,0,0.5295071005821228
ACH-000664,1,0.5391875505447388
ACH-000177,0,0.8187190294265747
ACH-001423,0,0.6902695894241333
ACH-000335,0,0.2980194091796875
ACH-000940,1,0.5279502272605896
ACH-003160,0,0.6133148670196533
ACH-000631,0,0.6738594770431519
ACH-000207,1,0.767508327960968
ACH-000764,1,0.5272025465965271
ACH-000995,1,0.6434810161590576
ACH-000373,1,0.6540109515190125
ACH-000953,1,0.3161691129207611
ACH-000709,0,0.5513054132461548
ACH-003463,0,0.4215430021286011
ACH-000846,1,0.5030096769332886
ACH-001702,0,0.7102282643318176
ACH-000333,0,0.766395628452301
ACH-001708,0,0.48142939805984497
ACH-002059,0,0.5471403002738953
ACH-000929,1,0.7810096740722656
ACH-001395,0,0.3977928161621094
ACH-000948,0,0.739753007888794
ACH-002015,0,0.5795758366584778
ACH-000981,1,0.6865423321723938
ACH-000617,1,0.8106935024261475
ACH-000311,1,0.7954317331314087
ACH-001210,0,0.4547264575958252
ACH-001834,1,0.3336561918258667
ACH-002010,0,0.28559476137161255
ACH-003143,0,0.5951886773109436
ACH-000390,1,0.4571399688720703
ACH-000468,0,0.3184865117073059
ACH-002651,0,0.3237200379371643
ACH-001061,1,0.42448732256889343
ACH-000077,0,0.5295858979225159
ACH-000456,1,0.7360044121742249
ACH-002703,1,0.39031150937080383
ACH-000496,1,0.7233794927597046
ACH-002512,0,0.548536479473114
ACH-000062,1,0.37426072359085083
ACH-002464,0,0.3795618414878845
ACH-000088,0,0.21161307394504547
ACH-000536,1,0.7719956040382385
ACH-000071,0,0.5100415349006653
ACH-002004,0,0.7499087452888489
ACH-000878,1,0.3892224431037903
ACH-001380,1,0.6148520112037659
ACH-002061,1,0.8002325296401978
ACH-000385,0,0.7336918115615845
ACH-000412,1,0.7407286763191223
ACH-003474,1,0.8375054001808167
ACH-000427,1,0.918300211429596
ACH-000938,0,0.5261751413345337
ACH-000462,0,0.7511464953422546
ACH-000939,1,0.593207836151123
ACH-000325,1,0.8469932079315186
ACH-000515,1,0.6442503929138184
ACH-001033,0,0.636651873588562
ACH-000919,0,0.8477524518966675
ACH-000863,0,0.26488927006721497
ACH-000642,0,0.7738351225852966
ACH-000581,1,0.8671923875808716
ACH-001435,0,0.6800684928894043
ACH-001050,0,0.5648142099380493
ACH-001818,0,0.35027340054512024
ACH-001384,1,0.6401844024658203
ACH-000797,0,0.3185853958129883
ACH-000220,1,0.2481614351272583
ACH-001533,1,0.2661105692386627
ACH-001508,1,0.46858370304107666
ACH-000827,0,0.5734661817550659
ACH-003119,1,0.42468133568763733
ACH-000961,1,0.8576368689537048
ACH-000778,1,0.859991192817688
ACH-000825,1,0.606794536113739
ACH-000743,1,0.7352684140205383
ACH-000190,1,0.5811445713043213
ACH-001819,1,0.7285474538803101
ACH-000157,1,0.6429585814476013
ACH-001786,0,0.7280943393707275
ACH-000253,1,0.7380392551422119
ACH-001376,1,0.7797993421554565
ACH-000958,0,0.8026306629180908
ACH-000228,1,0.4124693274497986
ACH-000266,1,0.6846821904182434
ACH-001750,1,0.5580242276191711
ACH-000174,1,0.3337233066558838
ACH-000245,1,0.4401627779006958
ACH-001279,0,0.5343798398971558
ACH-000620,0,0.4366580545902252
ACH-000813,1,0.7517596483230591
ACH-001513,1,0.47455596923828125
ACH-000168,1,0.5741851925849915
ACH-000257,1,0.8988337516784668
ACH-000211,1,0.7962057590484619
ACH-000283,0,0.6732720732688904
ACH-002401,1,0.8026899695396423
ACH-002041,1,0.32974734902381897
ACH-000987,1,0.5699314475059509
ACH-003465,1,0.62453293800354
ACH-000682,1,0.8095017075538635
ACH-000073,0,0.28076407313346863
ACH-000212,1,0.6893253326416016
ACH-000096,0,0.30518224835395813
ACH-002500,0,0.7727481126785278
ACH-001440,0,0.9392210841178894
ACH-000063,0,0.4013943374156952
ACH-002942,0,0.6073040962219238
ACH-001999,1,0.7209569811820984
ACH-000776,0,0.36064350605010986
ACH-000521,1,0.7785764336585999
ACH-000299,0,0.23126311600208282
ACH-000025,0,0.7949682474136353
ACH-000591,1,0.2183638960123062
ACH-001716,0,0.5273388624191284
ACH-000833,1,0.6115036010742188
ACH-001628,1,0.5927466154098511
ACH-000398,1,0.5071508288383484
ACH-000274,0,0.7501542568206787
ACH-001370,1,0.6692214608192444
ACH-001700,1,0.8981786966323853
ACH-000029,1,0.904552698135376
ACH-001849,1,0.6936120390892029
ACH-000644,0,0.2603917717933655
ACH-001422,0,0.42786306142807007
ACH-000588,1,0.26405009627342224
ACH-000849,1,0.8006537556648254
ACH-002690,0,0.2971108853816986
ACH-000219,0,0.35068437457084656
ACH-000150,1,0.9095897674560547
ACH-001845,0,0.5763973593711853
ACH-002643,0,0.5038691759109497
ACH-000384,0,0.7470320463180542
ACH-001053,1,0.8229789733886719
ACH-001274,0,0.7357016205787659
ACH-000091,1,0.31573617458343506
ACH-002932,1,0.7653733491897583
ACH-002014,0,0.558449387550354
ACH-001634,0,0.45950084924697876
ACH-002531,0,0.4167260229587555
ACH-000495,0,0.5492696166038513
ACH-000911,1,0.7783834934234619
ACH-000013,1,0.8561059236526489
ACH-002667,1,0.7021821141242981
ACH-000777,1,0.6856691241264343
ACH-001765,1,0.5648543834686279
ACH-000312,1,0.6803461909294128
ACH-000085,1,0.7684369087219238
ACH-000436,0,0.5941736698150635
ACH-000869,1,0.7950030565261841
ACH-003061,1,0.7581164240837097
ACH-003471,0,0.42088502645492554
ACH-000267,0,0.4361863136291504
ACH-000489,1,0.9465014934539795
ACH-000431,1,0.8203031420707703
ACH-000152,1,0.514624834060669
ACH-000909,0,0.6645019054412842
ACH-000534,1,0.6944760084152222
ACH-001489,1,0.797540545463562
ACH-000582,1,0.3082010746002197
ACH-000460,1,0.8177210688591003
ACH-000443,1,0.37990403175354004
ACH-001570,0,0.675909161567688
ACH-000986,1,0.4409569501876831
ACH-001335,0,0.38405030965805054
ACH-000023,1,0.7726118564605713
ACH-002062,0,0.47220146656036377
ACH-002462,0,0.37499624490737915
ACH-000151,0,0.604181170463562
ACH-001277,1,0.31301963329315186
ACH-000607,0,0.44247475266456604
ACH-002647,0,0.7449232935905457
ACH-000703,1,0.8997548818588257
ACH-001211,0,0.7277727127075195
ACH-003152,0,0.4481346905231476
ACH-001511,1,0.9162381291389465
ACH-000113,0,0.5686920285224915
ACH-000337,1,0.9262982606887817
ACH-000598,0,0.27134940028190613
ACH-000057,0,0.5573826432228088
ACH-000281,1,0.7887309789657593
ACH-000321,1,0.5956092476844788
ACH-000985,1,0.9102333784103394
ACH-000444,0,0.6581577658653259
ACH-000347,1,0.7264711260795593
ACH-001399,1,0.730289876461029
ACH-001097,0,0.21289344131946564
ACH-000127,1,0.3401997983455658
ACH-001961,1,0.8576062917709351
ACH-001796,0,0.5190271139144897
ACH-000307,1,0.6702341437339783
ACH-001030,0,0.8312026858329773
ACH-002485,1,0.4499017894268036
ACH-000595,1,0.6319583654403687
ACH-001540,0,0.7862095236778259
ACH-000298,1,0.7371270656585693
ACH-000771,1,0.7520776391029358
ACH-000500,1,0.8331156373023987
ACH-000353,1,0.7257983088493347
ACH-000363,1,0.5786089301109314
ACH-000350,0,0.39526620507240295
ACH-000053,1,0.4754043221473694
ACH-001543,1,0.783011257648468
ACH-000663,0,0.6019261479377747
ACH-000346,0,0.5813639163970947
ACH-000970,1,0.47125953435897827
ACH-002543,1,0.3977300822734833
ACH-001333,1,0.3075960576534271
ACH-000794,1,0.710895836353302
ACH-000039,0,0.6453214287757874
ACH-000471,0,0.6419805884361267
ACH-000850,0,0.16664978861808777
ACH-000291,1,0.7383779883384705
ACH-001453,0,0.9157772064208984
ACH-001458,1,0.8638839721679688
ACH-000886,1,0.8020293116569519
ACH-000888,1,0.7415839433670044
ACH-000659,1,0.7605388164520264
ACH-000030,1,0.7960249185562134
ACH-001201,1,0.6517280340194702
ACH-000271,1,0.2646453380584717
ACH-002676,0,0.46796512603759766
ACH-000549,1,0.7627972960472107
ACH-000555,0,0.6059675812721252
ACH-000478,1,0.7133773565292358
ACH-000775,1,0.8043583035469055
ACH-002214,0,0.23528330028057098
ACH-000038,0,0.5503758192062378
ACH-001109,0,0.21819667518138885
ACH-001442,1,0.6961405873298645
ACH-000559,1,0.8666778802871704
ACH-000510,0,0.6168846487998962
ACH-002065,0,0.760719895362854
ACH-000676,1,0.25784239172935486
ACH-002659,1,0.44938555359840393
ACH-000844,1,0.7538815140724182
ACH-002403,1,0.7840235829353333
ACH-002787,0,0.7771490216255188
ACH-002497,1,0.7269052267074585
ACH-002798,0,0.19638335704803467
ACH-000925,0,0.8970024585723877
ACH-002465,0,0.18507161736488342
ACH-000272,0,0.6048464179039001
ACH-001035,1,0.7898136377334595
ACH-003457,0,0.7907531261444092
ACH-000513,0,0.5573232769966125
ACH-001059,0,0.7192990779876709
ACH-000959,1,0.7863466739654541
ACH-002283,1,0.5757431983947754
ACH-000169,1,0.6000790596008301
ACH-001402,0,0.5415008068084717
ACH-000796,1,0.7762770056724548
ACH-000143,1,0.6691204905509949
ACH-000067,1,0.7810402512550354
ACH-000640,0,0.5928388237953186
ACH-001591,1,0.7140797972679138
ACH-001674,1,0.2871944010257721
ACH-001698,1,0.7074989080429077
ACH-002002,0,0.5960566401481628
ACH-002011,0,0.5752931237220764
ACH-003268,0,0.5130761861801147
ACH-000967,1,0.7499889731407166
ACH-000469,1,0.6697047352790833
ACH-001353,1,0.6840203404426575
ACH-001574,0,0.28072589635849
ACH-000097,0,0.5013192296028137
ACH-000256,1,0.9046445488929749
ACH-000977,0,0.7179248332977295
ACH-000972,0,0.7507632970809937
ACH-001367,1,0.5592208504676819
ACH-000382,1,0.786148726940155
ACH-003476,1,0.7525997757911682
ACH-000579,0,0.6240212917327881
ACH-002035,0,0.32024261355400085
ACH-001532,0,0.7326005697250366
ACH-000695,1,0.6856063604354858
ACH-001795,0,0.5386520028114319
ACH-001510,1,0.9128349423408508
ACH-000502,1,0.4015127420425415
ACH-000183,1,0.31413963437080383
ACH-000408,1,0.8112385869026184
ACH-001496,1,0.42362308502197266
ACH-000788,1,0.6057676076889038
ACH-002405,0,0.6181867718696594
ACH-002409,1,0.3324130177497864
ACH-001622,0,0.5052381157875061
ACH-000466,1,0.7770761251449585
ACH-001560,0,0.5165488123893738
ACH-001019,0,0.6249051690101624
ACH-003111,0,0.1865396946668625
ACH-000005,1,0.2880873382091522
ACH-001687,0,0.7984166741371155
ACH-001151,0,0.42129313945770264
ACH-000701,1,0.7245886921882629
ACH-000542,0,0.6663957238197327
ACH-000126,0,0.21806958317756653
ACH-001685,0,0.45619338750839233
ACH-000933,0,0.4553655683994293
ACH-000068,1,0.6172239780426025
ACH-000015,1,0.3504248261451721
ACH-001111,1,0.485377699136734
ACH-000487,1,0.5743546485900879
ACH-000122,1,0.7937120795249939
ACH-000288,1,0.6314884424209595
ACH-001820,1,0.6871126294136047
ACH-000782,1,0.509560763835907
ACH-001632,1,0.8245284557342529
ACH-002399,1,0.7752514481544495
ACH-000357,1,0.8101097345352173
ACH-000079,1,0.616835355758667
ACH-001031,0,0.4890025556087494
ACH-001064,1,0.4673442542552948
ACH-002802,0,0.4343295991420746
ACH-001048,1,0.3853563070297241
ACH-000453,1,0.6543303728103638
ACH-003155,0,0.35708579421043396
ACH-000791,1,0.662039577960968
ACH-000567,1,0.8410691022872925
ACH-001391,1,0.6350626349449158
ACH-001075,0,0.44708484411239624
ACH-000105,0,0.5203765630722046
ACH-000557,1,0.551815927028656
ACH-000175,0,0.6020742058753967
ACH-001356,1,0.7217987775802612
ACH-001844,1,0.6966947913169861
ACH-001346,1,0.42035821080207825
ACH-000885,0,0.5762163400650024
ACH-000900,1,0.8629431128501892
ACH-000666,1,0.567812442779541
ACH-001428,1,0.3405815362930298
ACH-000217,1,0.6440819501876831
ACH-000872,1,0.7547400593757629
ACH-001974,0,0.2324066460132599
ACH-002020,1,0.7843921184539795
ACH-001638,0,0.5102306604385376
ACH-001228,0,0.869482696056366
ACH-000181,1,0.8163149356842041
ACH-000115,1,0.7644686698913574
ACH-000130,0,0.25335997343063354
ACH-000121,1,0.7628357410430908
ACH-001711,1,0.8205775022506714
ACH-000934,1,0.8829240202903748
ACH-000996,1,0.47676387429237366
ACH-001529,0,0.6261041164398193
ACH-001743,0,0.7549348473548889
ACH-000320,1,0.8266016244888306
ACH-000505,1,0.4992561638355255
ACH-000781,1,0.8661959767341614
ACH-000059,0,0.5940378308296204
ACH-000920,1,0.5627914667129517
ACH-000294,1,0.5774430632591248
ACH-000422,1,0.5920201539993286
ACH-000200,0,0.5565855503082275
ACH-000046,0,0.5979124903678894
ACH-000968,0,0.242300882935524
ACH-000830,1,0.702032208442688
ACH-000114,1,0.9249632954597473
ACH-000402,1,0.5043284893035889
ACH-001578,1,0.8754778504371643
ACH-000036,0,0.7238359451293945
ACH-000973,1,0.6318394541740417
ACH-001128,0,0.6125437021255493
ACH-003437,1,0.8726872205734253
ACH-000750,0,0.2567286193370819
ACH-000285,1,0.7812624573707581
ACH-002669,1,0.7306045293807983
ACH-001858,1,0.3531154692173004
ACH-001997,1,0.7684687972068787
ACH-000052,1,0.8177986145019531
