,tp53_binary,gcn_v2_topk10_proba_proba
ACH-001113,1,0.624342679977417
ACH-001289,0,0.3195161819458008
ACH-001339,1,0.5004759430885315
ACH-001979,0,0.2821281850337982
ACH-002438,0,0.4304312765598297
ACH-001538,0,0.561867356300354
ACH-000242,0,0.8127774596214294
ACH-000708,0,0.5773496627807617
ACH-000327,0,0.6126769781112671
ACH-000233,1,0.34398889541625977
ACH-000461,1,0.6849064230918884
ACH-000705,1,0.5091566443443298
ACH-001794,0,0.11773695051670074
ACH-002023,1,0.6876155138015747
ACH-000528,1,0.5153037905693054
ACH-002501,0,0.34397345781326294
ACH-001655,1,0.18381452560424805
ACH-000167,0,0.5507652759552002
ACH-000792,1,0.3185005187988281
ACH-001098,1,0.617774486541748
ACH-000570,1,0.2945886254310608
ACH-000351,1,0.7178153395652771
ACH-002075,1,0.6988757252693176
ACH-002040,1,0.2523767352104187
ACH-000769,1,0.4832742214202881
ACH-000154,0,0.0846530869603157
ACH-000828,0,0.5782263875007629
ACH-000421,1,0.9047659635543823
ACH-000765,1,0.21983425319194794
ACH-001375,1,0.6056753396987915
ACH-000008,0,0.5734297037124634
ACH-001814,0,0.36544254422187805
ACH-000800,1,0.5212590098381042
ACH-000606,1,0.8215785622596741
ACH-000317,0,0.3632301986217499
ACH-001492,0,0.48663780093193054
ACH-000123,0,0.26006895303726196
ACH-000723,1,0.772541344165802
ACH-002066,1,0.6394433379173279
ACH-001536,0,0.3182205259799957
ACH-003136,0,0.19873079657554626
ACH-000313,1,0.2996990978717804
ACH-002019,0,0.8075437545776367
ACH-000728,0,0.48710304498672485
ACH-000700,1,0.4115779399871826
ACH-000823,1,0.756626307964325
ACH-000678,1,0.7957046627998352
ACH-000006,1,0.5148271918296814
ACH-002790,0,0.2868035137653351
ACH-002029,1,0.4755587875843048
ACH-001377,0,0.6685045957565308
ACH-000754,1,0.3817417323589325
ACH-000465,0,0.18165524303913116
ACH-000138,1,0.5180120468139648
ACH-001864,1,0.8190675973892212
ACH-000383,1,0.7010992765426636
ACH-001547,0,0.4956280589103699
ACH-000917,1,0.8888016939163208
ACH-002471,0,0.4939810335636139
ACH-000984,1,0.3265129327774048
ACH-002678,1,0.3839346766471863
ACH-001409,1,0.3589545786380768
ACH-001707,0,0.41282138228416443
ACH-000117,1,0.5002830624580383
ACH-000999,1,0.86040860414505
ACH-000633,1,0.48820239305496216
ACH-000520,1,0.6049690842628479
ACH-000176,1,0.17238451540470123
ACH-000017,1,0.7902662754058838
ACH-000020,0,0.2628101408481598
ACH-001385,0,0.49461376667022705
ACH-000587,1,0.7005041241645813
ACH-000785,1,0.44161200523376465
ACH-003469,0,0.15822678804397583
ACH-000554,1,0.6857637166976929
ACH-003180,0,0.35116150975227356
ACH-001398,0,0.2388932704925537
ACH-001991,0,0.46979495882987976
ACH-001332,1,0.5917906761169434
ACH-000585,1,0.612452507019043
ACH-000550,1,0.44679737091064453
ACH-000627,1,0.4361778795719147
ACH-000704,0,0.33548668026924133
ACH-000276,1,0.8867273330688477
ACH-000075,0,0.20877550542354584
ACH-000818,1,0.6376046538352966
ACH-003184,0,0.5433323979377747
ACH-001616,0,0.4265383183956146
ACH-000625,0,0.4962129592895508
ACH-000941,1,0.47765713930130005
ACH-000392,1,0.7036930918693542
ACH-000269,0,0.3921014666557312
ACH-001670,1,0.35555267333984375
ACH-003133,0,0.5238233208656311
ACH-000856,0,0.5123497843742371
ACH-002687,0,0.133755162358284
ACH-001119,0,0.26306599378585815
ACH-003132,0,0.2708838880062103
ACH-000376,1,0.5197456479072571
ACH-000685,1,0.7501922845840454
ACH-000729,1,0.5991637110710144
ACH-001034,0,0.3987736701965332
ACH-001283,1,0.49206724762916565
ACH-000880,0,0.5171922445297241
ACH-000035,1,0.7799974083900452
ACH-001200,0,0.3096727132797241
ACH-000194,0,0.09125244617462158
ACH-000322,0,0.22145359218120575
ACH-000552,1,0.6158700585365295
ACH-002508,1,0.2398729920387268
ACH-000222,1,0.52226722240448
ACH-000260,0,0.5429866909980774
ACH-001652,0,0.5226116180419922
ACH-000608,1,0.5438835620880127
ACH-000501,1,0.4408203363418579
ACH-000612,0,0.5560263395309448
ACH-002033,1,0.2894325256347656
ACH-001184,0,0.3420993685722351
ACH-001688,0,0.42419642210006714
ACH-001838,1,0.5245457887649536
ACH-000638,1,0.6394026279449463
ACH-001846,1,0.6688643097877502
ACH-000798,1,0.7782917022705078
ACH-001321,0,0.8471130132675171
ACH-000894,1,0.6820056438446045
ACH-001559,1,0.2042212337255478
ACH-000344,1,0.24227184057235718
ACH-000223,1,0.8400158882141113
ACH-000031,1,0.6191363334655762
ACH-000034,0,0.44771698117256165
ACH-001861,1,0.8032006025314331
ACH-003468,1,0.3122192323207855
ACH-000772,0,0.6362904906272888
ACH-000946,0,0.4101453721523285
ACH-000596,1,0.771211564540863
ACH-001046,0,0.5333704948425293
ACH-000632,1,0.7002394199371338
ACH-000978,1,0.5034058690071106
ACH-000332,1,0.6886501908302307
ACH-001841,1,0.521521270275116
ACH-003273,1,0.40427300333976746
ACH-000179,1,0.7185371518135071
ACH-000887,1,0.732883870601654
ACH-000368,1,0.40032482147216797
ACH-000240,0,0.20237405598163605
ACH-000578,0,0.735339343547821
ACH-001611,0,0.4783301055431366
ACH-000135,0,0.10921567678451538
ACH-001671,0,0.6982486248016357
ACH-000406,1,0.3614896535873413
ACH-001541,1,0.3816891312599182
ACH-000998,0,0.6647148728370667
ACH-000441,0,0.16494330763816833
ACH-000960,1,0.48771974444389343
ACH-000098,1,0.4522748589515686
ACH-001651,0,0.5312753915786743
ACH-001456,1,0.6685137152671814
ACH-001336,0,0.7334721088409424
ACH-000284,0,0.19405703246593475
ACH-000971,0,0.6518792510032654
ACH-001454,0,0.4976136088371277
ACH-000926,1,0.7740386724472046
ACH-000033,0,0.7168364524841309
ACH-000576,1,0.5035515427589417
ACH-000019,0,0.5972738265991211
ACH-001577,0,0.35192766785621643
ACH-001981,0,0.17984388768672943
ACH-000330,1,0.7366368174552917
ACH-000848,1,0.5526391267776489
ACH-000481,1,0.7342162728309631
ACH-001517,1,0.427420437335968
ACH-000338,1,0.5080926418304443
ACH-001959,1,0.1172594279050827
ACH-001414,0,0.6988088488578796
ACH-001227,0,0.7445096373558044
ACH-000871,1,0.7721240520477295
ACH-001403,1,0.6197752952575684
ACH-000805,0,0.36851003766059875
ACH-001142,0,0.15801902115345
ACH-001554,0,0.17565371096134186
ACH-001667,0,0.20336194336414337
ACH-000847,1,0.416409969329834
ACH-001447,1,0.41982632875442505
ACH-001537,0,0.2933192551136017
ACH-001207,0,0.2870064079761505
ACH-001854,0,0.5320965051651001
ACH-000832,1,0.4688270390033722
ACH-001975,1,0.240820050239563
ACH-000428,0,0.6142812371253967
ACH-001382,1,0.5743342041969299
ACH-001302,0,0.2949042320251465
ACH-000690,0,0.7373992204666138
ACH-001134,0,0.4470134675502777
ACH-000914,1,0.5402253270149231
ACH-000858,1,0.8683310151100159
ACH-001421,1,0.5130116939544678
ACH-002796,0,0.3159366548061371
ACH-003183,1,0.2722089886665344
ACH-002716,0,0.30371829867362976
ACH-003100,0,0.3769342601299286
ACH-000544,1,0.7032448649406433
ACH-000725,1,0.7556774020195007
ACH-000566,1,0.5367026925086975
ACH-000760,0,0.3804759085178375
ACH-001745,1,0.3853362500667572
ACH-000787,1,0.45639312267303467
ACH-001598,0,0.4363051950931549
ACH-000749,1,0.45791125297546387
ACH-001691,1,0.26295337080955505
ACH-001328,1,0.7391160726547241
ACH-001704,0,0.36973732709884644
ACH-001502,0,0.7103550434112549
ACH-002844,0,0.18328556418418884
ACH-001068,0,0.41909128427505493
ACH-000358,1,0.7134950160980225
ACH-002695,1,0.6545921564102173
ACH-001672,0,0.661416232585907
ACH-001654,1,0.7058448791503906
ACH-001521,1,0.3868670165538788
ACH-000209,0,0.5788485407829285
ACH-001520,0,0.41813692450523376
ACH-000213,1,0.5548258423805237
ACH-001610,1,0.2613506019115448
ACH-001408,1,0.6942387223243713
ACH-000991,1,0.8560807704925537
ACH-001412,1,0.8287102580070496
ACH-000331,1,0.5545933842658997
ACH-001407,1,0.286678671836853
ACH-000580,0,0.13467474281787872
ACH-000594,1,0.5916616320610046
ACH-000684,0,0.42729589343070984
ACH-000742,0,0.1771191954612732
ACH-000868,1,0.7532748579978943
ACH-000732,1,0.6015633344650269
ACH-001481,1,0.4710410535335541
ACH-000429,0,0.4816383123397827
ACH-000310,0,0.4131900668144226
ACH-002475,1,0.2950539290904999
ACH-000643,1,0.657052218914032
ACH-000234,0,0.4058282673358917
ACH-003267,0,0.5850018262863159
ACH-001498,1,0.3133796751499176
ACH-000896,1,0.4896496832370758
ACH-003451,0,0.324384480714798
ACH-000203,0,0.4894462823867798
ACH-001607,1,0.4844864010810852
ACH-002706,1,0.4826100468635559
ACH-001441,0,0.20800304412841797
ACH-000112,0,0.45885002613067627
ACH-000874,0,0.4643419682979584
ACH-000186,1,0.8361804485321045
ACH-002780,1,0.42023035883903503
ACH-000677,0,0.34390902519226074
ACH-000055,1,0.48855116963386536
ACH-000485,1,0.48252254724502563
ACH-000672,1,0.5778523087501526
ACH-001150,0,0.20611366629600525
ACH-000287,1,0.5510453581809998
ACH-000784,1,0.6499773859977722
ACH-000530,1,0.27550989389419556
ACH-002024,1,0.4606974720954895
ACH-000380,1,0.43622833490371704
ACH-001737,0,0.41596081852912903
ACH-001400,1,0.6082116365432739
ACH-001054,0,0.44637563824653625
ACH-001695,1,0.7653636932373047
ACH-000009,1,0.7540614604949951
ACH-000491,1,0.5267731547355652
ACH-001703,0,0.5053977966308594
ACH-000002,0,0.5634989142417908
ACH-001568,0,0.28917670249938965
ACH-001449,0,0.534779965877533
ACH-000993,1,0.40930473804473877
ACH-002680,1,0.17350216209888458
ACH-000877,1,0.39143651723861694
ACH-000711,1,0.7546883225440979
ACH-001515,0,0.7341802716255188
ACH-002847,0,0.3210117518901825
ACH-000702,0,0.4663417637348175
ACH-001020,0,0.23420964181423187
ACH-000600,0,0.3056115508079529
ACH-003266,0,0.7313657402992249
ACH-000354,1,0.6958569884300232
ACH-000012,1,0.7370370626449585
ACH-000689,0,0.539622962474823
ACH-002668,1,0.37522947788238525
ACH-002533,0,0.5353673696517944
ACH-000459,0,0.20168712735176086
ACH-002050,0,0.23686997592449188
ACH-003120,1,0.6365588307380676
ACH-001413,0,0.5092219114303589
ACH-000686,1,0.4641740918159485
ACH-000342,1,0.8926780223846436
ACH-000208,1,0.33904269337654114
ACH-000360,1,0.7551901936531067
ACH-000249,1,0.5758244395256042
ACH-001368,1,0.3475574254989624
ACH-000231,1,0.5222250819206238
ACH-002074,1,0.7221131920814514
ACH-000945,1,0.38781923055648804
ACH-000662,0,0.8096083402633667
ACH-002458,0,0.5636176466941833
ACH-001378,0,0.5747462511062622
ACH-001029,1,0.30679821968078613
ACH-001817,0,0.0989791750907898
ACH-002846,0,0.1860601305961609
ACH-000248,1,0.7844758629798889
ACH-000943,0,0.17902366816997528
ACH-000751,1,0.3322579860687256
ACH-001696,1,0.5348796844482422
ACH-002936,1,0.3476094901561737
ACH-001016,1,0.4045521914958954
ACH-000282,0,0.8089197874069214
ACH-003438,1,0.30331623554229736
ACH-002215,0,0.6097831726074219
ACH-000261,1,0.3800782859325409
ACH-000164,1,0.5010619163513184
ACH-001793,0,0.17460580170154572
ACH-000262,0,0.2878362834453583
ACH-000158,0,0.5388447642326355
ACH-000773,0,0.43413472175598145
ACH-000722,1,0.5857555866241455
ACH-000857,1,0.8931153416633606
ACH-001129,1,0.5672796368598938
ACH-001619,1,0.6676957607269287
ACH-000184,0,0.13575142621994019
ACH-000329,0,0.39051321148872375
ACH-001569,1,0.39433640241622925
ACH-002544,1,0.6391275525093079
ACH-002675,1,0.3817620277404785
ACH-000814,0,0.38306543231010437
ACH-002499,1,0.841878354549408
ACH-001493,1,0.45844146609306335
ACH-001701,1,0.5733603835105896
ACH-000197,1,0.6109282374382019
ACH-000545,1,0.8055469989776611
ACH-000949,1,0.7732226252555847
ACH-000124,0,0.40223428606987
ACH-000560,0,0.32684263586997986
ACH-000897,1,0.523495078086853
ACH-001626,1,0.476520299911499
ACH-000619,1,0.52475905418396
ACH-001973,1,0.3122105300426483
ACH-001340,1,0.8247329592704773
ACH-000546,1,0.7017308473587036
ACH-001709,1,0.40045300126075745
ACH-002018,0,0.15774589776992798
ACH-000153,0,0.33602389693260193
ACH-000526,0,0.1251431256532669
ACH-000116,1,0.7290933728218079
ACH-000815,0,0.33618035912513733
ACH-001270,0,0.45676693320274353
ACH-002523,1,0.38186031579971313
ACH-000324,0,0.45754653215408325
ACH-001949,0,0.2569408714771271
ACH-001561,0,0.6622370481491089
ACH-000842,1,0.6274941563606262
ACH-000898,0,0.7338087558746338
ACH-000517,1,0.6444750428199768
ACH-001980,0,0.18914154171943665
ACH-001415,1,0.8245267868041992
ACH-000681,0,0.3177928328514099
ACH-001310,0,0.37814873456954956
ACH-000070,0,0.4425860643386841
ACH-000484,1,0.5902220010757446
ACH-003426,0,0.20362351834774017
ACH-000108,1,0.23776689171791077
ACH-000808,1,0.48265546560287476
ACH-000656,1,0.6126241087913513
ACH-000166,1,0.3582349717617035
ACH-000997,1,0.43030691146850586
ACH-000866,1,0.7872162461280823
ACH-000819,1,0.3820101320743561
ACH-000226,0,0.4442797601222992
ACH-000087,1,0.5889836549758911
ACH-000340,1,0.17232118546962738
ACH-002005,1,0.13926807045936584
ACH-001680,1,0.5522251129150391
ACH-000758,1,0.49334293603897095
ACH-000196,1,0.7641515135765076
ACH-003141,0,0.4327724277973175
ACH-000258,0,0.4801531732082367
ACH-000163,1,0.4491584002971649
ACH-000076,1,0.56407630443573
ACH-000509,1,0.5626110434532166
ACH-001193,1,0.4484361410140991
ACH-000571,1,0.5159079432487488
ACH-000391,1,0.5645549297332764
ACH-000293,1,0.5016167759895325
ACH-003138,0,0.1321592479944229
ACH-000532,1,0.581884503364563
ACH-000584,1,0.543462336063385
ACH-001690,1,0.7630882263183594
ACH-000586,1,0.6935429573059082
ACH-000944,1,0.5752572417259216
ACH-003149,0,0.1255592405796051
ACH-000561,1,0.7916649580001831
ACH-001648,0,0.337522029876709
ACH-000394,0,0.6599360108375549
ACH-000954,1,0.35747599601745605
ACH-000204,1,0.41245099902153015
ACH-000160,0,0.378906786441803
ACH-003460,1,0.4924446940422058
ACH-000989,0,0.6383376121520996
ACH-001347,1,0.370991975069046
ACH-000691,1,0.6469539999961853
ACH-000268,1,0.7261576652526855
ACH-001209,0,0.37418341636657715
ACH-003456,0,0.09432654827833176
ACH-000119,0,0.07122676819562912
ACH-000379,1,0.7715484499931335
ACH-001341,0,0.8019798398017883
ACH-000714,0,0.2615262567996979
ACH-000937,1,0.4174911677837372
ACH-000763,0,0.34332311153411865
ACH-002834,0,0.2636517584323883
ACH-001673,1,0.6579931974411011
ACH-000326,1,0.48272624611854553
ACH-000300,0,0.6158361434936523
ACH-002994,0,0.34070488810539246
ACH-000901,1,0.48305991291999817
ACH-000816,1,0.5790625214576721
ACH-000641,1,0.45478004217147827
ACH-000511,0,0.2819327414035797
ACH-002077,1,0.4901158809661865
ACH-000583,1,0.5328580737113953
ACH-000836,1,0.7062007188796997
ACH-000975,1,0.3690260648727417
ACH-000109,1,0.8573587536811829
ACH-000467,1,0.4726755619049072
ACH-000712,1,0.5128043293952942
ACH-000671,1,0.7658935189247131
ACH-000523,1,0.6278177499771118
ACH-000864,1,0.5583038330078125
ACH-000726,1,0.8366908431053162
ACH-000136,0,0.5597947239875793
ACH-002067,1,0.4780713617801666
ACH-000440,1,0.5561297535896301
ACH-002539,1,0.3677654564380646
ACH-001461,0,0.6623996496200562
ACH-000890,1,0.2620425522327423
ACH-001692,0,0.4560466706752777
ACH-000027,0,0.28645992279052734
ACH-000562,1,0.8761489987373352
ACH-000748,0,0.41883280873298645
ACH-001669,1,0.5021189451217651
ACH-000834,1,0.5429815649986267
ACH-000565,1,0.6245652437210083
ACH-000449,0,0.23921538889408112
ACH-000399,1,0.694485604763031
ACH-002080,0,0.5044956207275391
ACH-000770,1,0.5263068675994873
ACH-000710,0,0.6412513852119446
ACH-000507,1,0.5518607497215271
ACH-000066,1,0.9065039157867432
ACH-000022,1,0.6240078806877136
ACH-001668,0,0.6677560806274414
ACH-000334,1,0.42482826113700867
ACH-000374,1,0.7351788282394409
ACH-000519,1,0.37683141231536865
ACH-000908,0,0.4167935848236084
ACH-002003,0,0.24868474900722504
ACH-000574,1,0.41537269949913025
ACH-000148,1,0.08550171554088593
ACH-002461,1,0.19219377636909485
ACH-000646,0,0.6775893568992615
ACH-000314,1,0.4391665756702423
ACH-001705,1,0.5914214253425598
ACH-000040,1,0.16986945271492004
ACH-001057,0,0.5144351720809937
ACH-000430,1,0.20267081260681152
ACH-001041,1,0.2883358597755432
ACH-001988,0,0.19541847705841064
ACH-001977,0,0.4462040364742279
ACH-000370,1,0.4864034354686737
ACH-001630,1,0.7913867831230164
ACH-000437,1,0.39493706822395325
ACH-000498,1,0.3702283501625061
ACH-001392,1,0.6110616326332092
ACH-000503,1,0.7855837941169739
ACH-002778,0,0.3883552551269531
ACH-000328,1,0.3307914435863495
ACH-000403,1,0.833943784236908
ACH-000400,0,0.785857081413269
ACH-000224,0,0.04764896258711815
ACH-000318,1,0.9239203333854675
ACH-003472,0,0.47368675470352173
ACH-001430,0,0.38785654306411743
ACH-000928,0,0.7115183472633362
ACH-000893,1,0.651844322681427
ACH-000889,1,0.5638405680656433
ACH-000799,0,0.555432915687561
ACH-001623,1,0.1758025884628296
ACH-000736,1,0.4704340100288391
ACH-000876,1,0.678213894367218
ACH-001232,1,0.33154383301734924
ACH-001618,1,0.2927694320678711
ACH-001828,0,0.5216428637504578
ACH-002650,1,0.8308742642402649
ACH-000235,1,0.6492255330085754
ACH-000381,1,0.7161479592323303
ACH-001993,1,0.38432756066322327
ACH-001301,0,0.5060250163078308
ACH-000854,0,0.48908939957618713
ACH-000187,1,0.6888119578361511
ACH-000543,1,0.5220767259597778
ACH-000569,0,0.5672160387039185
ACH-000668,1,0.8296380639076233
ACH-000134,0,0.05699940025806427
ACH-000924,1,0.4918479323387146
ACH-003473,1,0.3832993805408478
ACH-001450,1,0.5424281358718872
ACH-000296,1,0.7947784066200256
ACH-002034,0,0.5465308427810669
ACH-002781,0,0.2690134048461914
ACH-000713,1,0.6397074460983276
ACH-001360,0,0.38622117042541504
ACH-002921,0,0.4872993528842926
ACH-000273,1,0.39008355140686035
ACH-001715,0,0.22867199778556824
ACH-001617,1,0.45586082339286804
ACH-000639,1,0.48556026816368103
ACH-000590,1,0.772344172000885
ACH-000553,1,0.7241705060005188
ACH-000084,0,0.5237226486206055
ACH-000094,1,0.34931397438049316
ACH-000361,0,0.38639113306999207
ACH-000719,0,0.6361755132675171
ACH-001396,1,0.5644500851631165
ACH-001848,0,0.48224011063575745
ACH-000339,1,0.49187493324279785
ACH-002048,0,0.5370813608169556
ACH-000218,1,0.5783203840255737
ACH-002486,1,0.5900020599365234
ACH-002711,0,0.24689032137393951
ACH-000789,1,0.4024808704853058
ACH-000413,0,0.071916863322258
ACH-000125,0,0.10577870905399323
ACH-000180,1,0.0654187798500061
ACH-000215,1,0.4186331629753113
ACH-001001,1,0.525079071521759
ACH-000407,1,0.2885042428970337
ACH-002170,1,0.5621294975280762
ACH-002027,0,0.724409282207489
ACH-001132,1,0.3882058262825012
ACH-001278,0,0.2028791457414627
ACH-000032,0,0.30946627259254456
ACH-003108,1,0.43589144945144653
ACH-001419,1,0.727263331413269
ACH-000494,0,0.49622470140457153
ACH-000865,1,0.6815695762634277
ACH-000439,1,0.45152583718299866
ACH-001523,1,0.7944091558456421
ACH-001983,0,0.2960119843482971
ACH-000024,1,0.6053732633590698
ACH-000674,0,0.6733007431030273
ACH-000670,1,0.4838297963142395
ACH-000599,1,0.5274173617362976
ACH-000263,1,0.5124152302742004
ACH-003191,0,0.26772233843803406
ACH-000303,1,0.4264185428619385
ACH-001551,1,0.6508419513702393
ACH-002795,0,0.4481162428855896
ACH-000793,0,0.7614023089408875
ACH-002511,0,0.45608651638031006
ACH-000286,1,0.8587142825126648
ACH-000250,1,0.23806968331336975
ACH-000139,0,0.8725696206092834
ACH-001735,1,0.3826400339603424
ACH-002013,0,0.18483422696590424
ACH-001389,1,0.3340315818786621
ACH-001183,1,0.46234652400016785
ACH-000551,1,0.6356438994407654
ACH-003101,0,0.41426753997802734
ACH-001163,1,0.3315953016281128
ACH-000037,1,0.450548380613327
ACH-000744,1,0.5319048166275024
ACH-000420,1,0.32766345143318176
ACH-000336,0,0.3749547600746155
ACH-000486,0,0.8369569778442383
ACH-000679,1,0.743819534778595
ACH-001557,0,0.386104941368103
ACH-000247,0,0.7328423261642456
ACH-000947,1,0.32699573040008545
ACH-000807,1,0.4570866525173187
ACH-000476,1,0.5991477966308594
ACH-000525,1,0.7502707242965698
ACH-003154,0,0.5582299828529358
ACH-001148,0,0.49737775325775146
ACH-003455,0,0.41117754578590393
ACH-000853,1,0.6166868805885315
ACH-000083,0,0.08626604080200195
ACH-000479,0,0.28978803753852844
ACH-000230,0,0.22020339965820312
ACH-001664,1,0.3229530155658722
ACH-002705,1,0.7388352155685425
ACH-002937,0,0.4023773670196533
ACH-000955,1,0.7400069236755371
ACH-000049,0,0.6526463031768799
ACH-000675,1,0.8361294269561768
ACH-000199,0,0.10727456957101822
ACH-000193,1,0.7113523483276367
ACH-001686,1,0.5342552065849304
ACH-000538,0,0.2513780891895294
ACH-002490,1,0.8553957939147949
ACH-001683,1,0.6370274424552917
ACH-001990,1,0.2704978585243225
ACH-001438,0,0.43234533071517944
ACH-001647,1,0.4280598759651184
ACH-002043,1,0.6195590496063232
ACH-001649,0,0.41341912746429443
ACH-000155,1,0.688525378704071
ACH-000270,1,0.6819751858711243
ACH-003106,0,0.6679840683937073
ACH-003177,1,0.2706151008605957
ACH-000683,1,0.6257507801055908
ACH-002017,0,0.1705305129289627
ACH-000655,1,0.4389151632785797
ACH-000145,1,0.2360217273235321
ACH-001495,1,0.47034621238708496
ACH-000188,1,0.48594731092453003
ACH-003458,1,0.41470593214035034
ACH-000080,0,0.33689048886299133
ACH-000146,1,0.5642557740211487
ACH-000415,1,0.8644987940788269
ACH-001518,1,0.6327731013298035
ACH-002290,0,0.38304293155670166
ACH-000891,1,0.6155891418457031
ACH-001625,1,0.6929122805595398
ACH-001985,1,0.5909214615821838
ACH-000895,1,0.5376098155975342
ACH-000851,1,0.6735297441482544
ACH-000824,1,0.8199287056922913
ACH-000506,1,0.6996594667434692
ACH-001427,0,0.4201269745826721
ACH-000540,0,0.22854721546173096
ACH-000061,1,0.37566444277763367
ACH-000185,0,0.07235943526029587
ACH-000568,0,0.6242532134056091
ACH-000707,1,0.5131803154945374
ACH-000603,1,0.7282218933105469
ACH-000983,1,0.34239688515663147
ACH-000541,1,0.4405791759490967
ACH-000680,1,0.6749252676963806
ACH-002460,0,0.4944953918457031
ACH-000111,1,0.7886435985565186
ACH-002463,1,0.09788091480731964
ACH-000369,1,0.3754786550998688
ACH-002928,0,0.3055538535118103
ACH-000618,1,0.725543737411499
ACH-000470,1,0.5667901635169983
ACH-003150,0,0.3309117555618286
ACH-002039,1,0.7226036787033081
ACH-000118,1,0.6710108518600464
ACH-000614,0,0.15436811745166779
ACH-001338,0,0.3931772708892822
ACH-000432,0,0.40720197558403015
ACH-000556,0,0.4876633882522583
ACH-001804,1,0.12259406596422195
ACH-001386,1,0.6351866722106934
ACH-001060,1,0.35490527749061584
ACH-001525,1,0.5146613121032715
ACH-001539,1,0.5279912352561951
ACH-000014,0,0.6855390071868896
ACH-002785,0,0.24680599570274353
ACH-000637,1,0.7235367894172668
ACH-002693,1,0.5009783506393433
ACH-001855,0,0.6113842129707336
ACH-000455,1,0.5333111882209778
ACH-000389,0,0.5298773646354675
ACH-002710,1,0.35796311497688293
ACH-000129,0,0.49066677689552307
ACH-000490,0,0.6821348071098328
ACH-000434,1,0.5330744385719299
ACH-001086,0,0.635124683380127
ACH-002042,1,0.5494961738586426
ACH-000597,0,0.3233030438423157
ACH-000756,1,0.5478184223175049
ACH-000396,1,0.38593292236328125
ACH-003148,0,0.3564617931842804
ACH-000089,1,0.5593887567520142
ACH-002478,0,0.42194467782974243
ACH-000371,1,0.5909478664398193
ACH-000265,0,0.36671602725982666
ACH-000132,1,0.84343421459198
ACH-000216,1,0.7890149354934692
ACH-000613,1,0.5275230407714844
ACH-000855,1,0.38557499647140503
ACH-000906,1,0.21485166251659393
ACH-000348,1,0.2268797904253006
ACH-001100,1,0.5749143362045288
ACH-000238,1,0.6712613701820374
ACH-000237,1,0.274097740650177
ACH-003099,1,0.7394775748252869
ACH-000393,1,0.37636396288871765
ACH-003107,0,0.5535746216773987
ACH-000623,1,0.2182881236076355
ACH-000359,0,0.5082380175590515
ACH-001028,1,0.38656872510910034
ACH-000621,1,0.4700778126716614
ACH-001641,1,0.45863857865333557
ACH-000056,0,0.6739284992218018
ACH-000483,1,0.6729641556739807
ACH-003308,0,0.42249858379364014
ACH-000514,1,0.5676997900009155
ACH-000051,0,0.2677574157714844
ACH-003433,1,0.5648016333580017
ACH-000043,0,0.2519960403442383
ACH-000936,1,0.7494848966598511
ACH-000716,1,0.6878808736801147
ACH-000988,1,0.6210088133811951
ACH-000952,0,0.49894827604293823
ACH-001350,1,0.8094380497932434
ACH-000065,0,0.48019275069236755
ACH-000609,0,0.4361887276172638
ACH-001411,1,0.549945056438446
ACH-000504,1,0.2373698502779007
ACH-002677,1,0.42923662066459656
ACH-000956,1,0.6837365627288818
ACH-001712,1,0.06809885799884796
ACH-000652,1,0.6331583261489868
ACH-000414,0,0.6079215407371521
ACH-000472,1,0.5400410890579224
ACH-000007,0,0.7234329581260681
ACH-000446,0,0.5017400979995728
ACH-003071,1,0.6086124777793884
ACH-000386,1,0.3999820649623871
ACH-001850,1,0.26266127824783325
ACH-000755,0,0.46306848526000977
ACH-001503,0,0.36107441782951355
ACH-000028,0,0.5079255700111389
ACH-000665,1,0.45730435848236084
ACH-001679,0,0.5134095549583435
ACH-000078,0,0.42375999689102173
ACH-002046,1,0.43624353408813477
ACH-000397,1,0.6646340489387512
ACH-003145,0,0.2923961281776428
ACH-000229,0,0.04686291888356209
ACH-002925,0,0.23567864298820496
ACH-000518,1,0.7821130752563477
ACH-001566,0,0.3951510488986969
ACH-000252,1,0.5907853245735168
ACH-000572,0,0.2988903224468231
ACH-001605,1,0.249918133020401
ACH-002522,1,0.27916157245635986
ACH-000277,1,0.5338414311408997
ACH-001239,0,0.48440325260162354
ACH-000786,1,0.5840131640434265
ACH-000803,1,0.7253962755203247
ACH-001970,0,0.3423160910606384
ACH-002038,1,0.6243174076080322
ACH-000537,1,0.5389087200164795
ACH-002660,1,0.7982202768325806
ACH-002806,1,0.42418840527534485
ACH-000419,1,0.5015588998794556
ACH-002782,0,0.21000254154205322
ACH-000724,1,0.4618816673755646
ACH-000522,1,0.2632291913032532
ACH-001549,1,0.396283894777298
ACH-000706,1,0.6632839441299438
ACH-000737,0,0.6299965977668762
ACH-000548,1,0.5659118890762329
ACH-001839,0,0.4802830219268799
ACH-001799,0,0.4277472496032715
ACH-001573,1,0.41079282760620117
ACH-002946,0,0.41319286823272705
ACH-000425,0,0.3199616074562073
ACH-003103,0,0.4068899154663086
ACH-000375,0,0.19213375449180603
ACH-000753,1,0.3713153004646301
ACH-000275,0,0.08099330216646194
ACH-000735,0,0.8418788313865662
ACH-000654,1,0.6631889343261719
ACH-001067,0,0.5871302485466003
ACH-000170,0,0.5366932153701782
ACH-001394,1,0.8737324476242065
ACH-001433,1,0.4676557779312134
ACH-000404,0,0.3987385928630829
ACH-000882,0,0.3663325309753418
ACH-001509,1,0.7469609379768372
ACH-000210,0,0.524559497833252
ACH-000254,1,0.8792078495025635
ACH-000604,1,0.48483923077583313
ACH-000090,1,0.5171191096305847
ACH-000195,1,0.5299577116966248
ACH-001791,0,0.5118342041969299
ACH-001650,0,0.3102620244026184
ACH-000605,1,0.8570030331611633
ACH-000458,1,0.6785215735435486
ACH-003121,1,0.7199280858039856
ACH-003125,1,0.3698076903820038
ACH-002084,0,0.1107853502035141
ACH-000004,1,0.5247201323509216
ACH-000251,1,0.6305336952209473
ACH-000241,0,0.4158291518688202
ACH-001194,1,0.38922157883644104
ACH-001987,0,0.2525530755519867
ACH-002055,1,0.4302893579006195
ACH-002689,0,0.41801467537879944
ACH-001443,1,0.3195301592350006
ACH-000688,1,0.3181694447994232
ACH-000405,1,0.38219887018203735
ACH-000821,1,0.6432961225509644
ACH-001677,0,0.4902290999889374
ACH-002526,1,0.6770105957984924
ACH-001627,0,0.8152520656585693
ACH-000951,1,0.7900918126106262
ACH-001036,0,0.4203828275203705
ACH-002792,1,0.2187168449163437
ACH-000547,0,0.4376850128173828
ACH-000826,1,0.7441150546073914
ACH-001986,0,0.18121422827243805
ACH-001147,1,0.3494570255279541
ACH-002927,0,0.20255467295646667
ACH-002470,1,0.3567485511302948
ACH-000162,1,0.6148195266723633
ACH-003139,0,0.27995067834854126
ACH-001751,0,0.4229336380958557
ACH-000018,1,0.45082393288612366
ACH-000721,1,0.187303364276886
ACH-000003,0,0.5573363900184631
ACH-000092,0,0.5739098191261292
ACH-000669,1,0.8591264486312866
ACH-001099,0,0.16819770634174347
ACH-000648,0,0.4644096791744232
ACH-000950,0,0.7115963101387024
ACH-000050,0,0.5500493049621582
ACH-001106,1,0.2792443633079529
ACH-002051,1,0.6711950898170471
ACH-000367,0,0.5022982358932495
ACH-000589,1,0.7739693522453308
ACH-000564,0,0.5631046891212463
ACH-001522,0,0.18934468924999237
ACH-000831,1,0.4978999197483063
ACH-000424,1,0.38931435346603394
ACH-000409,1,0.678255558013916
ACH-000616,1,0.227622389793396
ACH-000628,1,0.7865682244300842
ACH-000512,1,0.47497594356536865
ACH-000232,1,0.33779376745224
ACH-000820,1,0.8349529504776001
ACH-001295,0,0.267177939414978
ACH-001164,0,0.6198843717575073
ACH-000806,0,0.31294000148773193
ACH-002524,1,0.4390166997909546
ACH-000645,0,0.24997040629386902
ACH-000099,0,0.5428198575973511
ACH-000902,1,0.38966208696365356
ACH-000649,1,0.37670862674713135
ACH-000086,0,0.34405624866485596
ACH-000149,0,0.36337071657180786
ACH-002538,1,0.3791671097278595
ACH-000142,1,0.702882707118988
ACH-002535,1,0.5010641813278198
ACH-000227,0,0.32051846385002136
ACH-000697,0,0.5484616756439209
ACH-000942,1,0.5251916646957397
ACH-000264,1,0.6394329071044922
ACH-000809,1,0.49698007106781006
ACH-000093,0,0.5160089135169983
ACH-000100,1,0.5082352757453918
ACH-001445,1,0.4567957818508148
ACH-000060,1,0.6865420937538147
ACH-000001,1,0.8151403069496155
ACH-000957,0,0.7469306588172913
ACH-000650,1,0.1384633630514145
ACH-001096,0,0.3861546814441681
ACH-002799,0,0.6239408850669861
ACH-002404,1,0.44036591053009033
ACH-000239,1,0.7355664968490601
ACH-000762,1,0.7736913561820984
ACH-000922,0,0.512766420841217
ACH-002784,1,0.1490762084722519
ACH-002653,0,0.414479523897171
ACH-000859,1,0.6814331412315369
ACH-000990,1,0.4579927623271942
ACH-000410,0,0.2524324357509613
ACH-001971,0,0.1754455417394638
ACH-000927,1,0.6647557020187378
ACH-001853,0,0.6376073956489563
ACH-001978,0,0.23180589079856873
ACH-000694,1,0.8332586288452148
ACH-000935,0,0.39991259574890137
ACH-000918,1,0.36259931325912476
ACH-001984,0,0.2657884359359741
ACH-000761,1,0.5289310812950134
ACH-001563,0,0.17166386544704437
ACH-000974,0,0.5880212783813477
ACH-000297,1,0.701733410358429
ACH-001719,1,0.5751270055770874
ACH-000243,1,0.8773950934410095
ACH-001418,1,0.8247974514961243
ACH-000362,0,0.47266480326652527
ACH-000843,1,0.7058038115501404
ACH-002052,1,0.5905693173408508
ACH-000840,1,0.7274016737937927
ACH-001852,1,0.418037086725235
ACH-001528,0,0.26908430457115173
ACH-001656,1,0.3018864393234253
ACH-000016,0,0.5950807332992554
ACH-000165,0,0.07318056374788284
ACH-001460,1,0.7543103694915771
ACH-000592,1,0.5738571882247925
ACH-001192,1,0.44225406646728516
ACH-000045,0,0.36089879274368286
ACH-000741,1,0.8999297618865967
ACH-000912,1,0.41367650032043457
ACH-000529,0,0.3089548647403717
ACH-000508,1,0.7355674505233765
ACH-000577,1,0.5027857422828674
ACH-000768,1,0.6009142398834229
ACH-000636,1,0.5282061696052551
ACH-000667,1,0.5131725072860718
ACH-000905,1,0.7874537706375122
ACH-001494,1,0.5151514410972595
ACH-000387,1,0.5319250226020813
ACH-002510,0,0.24517136812210083
ACH-001303,0,0.405774861574173
ACH-000026,0,0.32914096117019653
ACH-000838,0,0.4523954689502716
ACH-001172,1,0.4046054780483246
ACH-000822,0,0.43114206194877625
ACH-000531,0,0.06718510389328003
ACH-000349,0,0.6192751526832581
ACH-000527,0,0.4039802849292755
ACH-000279,1,0.3115569055080414
ACH-000516,1,0.744529664516449
ACH-001662,1,0.526295006275177
ACH-000812,1,0.5098803639411926
ACH-003157,0,0.09081742912530899
ACH-003464,0,0.4271533191204071
ACH-001300,0,0.40276527404785156
ACH-000524,1,0.6920371055603027
ACH-000611,1,0.5681547522544861
ACH-002419,0,0.21859724819660187
ACH-000411,0,0.2932665944099426
ACH-000718,1,0.7451612949371338
ACH-000903,1,0.34915244579315186
ACH-002021,0,0.6731238961219788
ACH-000433,0,0.48662498593330383
ACH-000499,1,0.5569530725479126
ACH-000278,1,0.6488040089607239
ACH-000202,1,0.3906191885471344
ACH-001736,1,0.25806134939193726
ACH-001379,1,0.5506171584129333
ACH-002070,1,0.5238857269287109
ACH-002794,1,0.19762998819351196
ACH-000128,1,0.5700964331626892
ACH-002528,0,0.3710692524909973
ACH-000696,1,0.6306262612342834
ACH-000041,1,0.38591745495796204
ACH-000214,0,0.16924409568309784
ACH-000747,1,0.24499359726905823
ACH-001307,1,0.5093809366226196
ACH-000341,1,0.5576935410499573
ACH-001740,1,0.4159367084503174
ACH-000417,0,0.7069224715232849
ACH-001393,1,0.46628692746162415
ACH-000120,0,0.295575886964798
ACH-001694,1,0.35436251759529114
ACH-001542,1,0.840724527835846
ACH-002509,0,0.41964972019195557
ACH-000438,1,0.4268229007720947
ACH-001366,1,0.42074084281921387
ACH-000653,0,0.5589502453804016
ACH-000839,1,0.74861079454422
ACH-000673,1,0.38164180517196655
ACH-001524,1,0.7601584196090698
ACH-000069,0,0.5117020010948181
ACH-002996,1,0.3739643394947052
ACH-003142,0,0.5832160115242004
ACH-000323,1,0.43514326214790344
ACH-000021,1,0.769806981086731
ACH-001863,1,0.4176238477230072
ACH-001996,1,0.6428156495094299
ACH-000980,1,0.5057578086853027
ACH-000106,0,0.3138766586780548
ACH-003156,0,0.6770411729812622
ACH-000734,1,0.5190584659576416
ACH-000845,1,0.7620658874511719
ACH-001982,0,0.23807978630065918
ACH-000730,0,0.3951272964477539
ACH-001334,0,0.760211706161499
ACH-000698,1,0.8281617164611816
ACH-000802,1,0.5257717370986938
ACH-001836,1,0.5314181447029114
ACH-000573,1,0.5742353796958923
ACH-001699,1,0.5459456443786621
ACH-000963,1,0.7602414488792419
ACH-001567,0,0.38539251685142517
ACH-001653,1,0.7167127728462219
ACH-000852,1,0.46748849749565125
ACH-001862,0,0.2971477508544922
ACH-001976,0,0.2610246241092682
ACH-002665,1,0.36384662985801697
ACH-003153,0,0.7924830913543701
ACH-000661,0,0.19371207058429718
ACH-001500,1,0.32061776518821716
ACH-001190,1,0.5150759220123291
ACH-002467,0,0.1593313217163086
ACH-000364,0,0.6121283173561096
ACH-000448,0,0.47346410155296326
ACH-000979,1,0.7277669906616211
ACH-000932,0,0.20670776069164276
ACH-000783,1,0.6009153723716736
ACH-002044,1,0.5332403779029846
ACH-000301,1,0.5273011922836304
ACH-002459,0,0.4072940945625305
ACH-000976,1,0.44259753823280334
ACH-001516,0,0.627959668636322
ACH-001354,1,0.4494880139827728
ACH-001645,0,0.2540441155433655
ACH-003135,0,0.4683017134666443
ACH-000867,1,0.6816529631614685
ACH-000304,0,0.1806674748659134
ACH-002069,0,0.3021346926689148
ACH-000931,0,0.22257797420024872
ACH-001374,0,0.48670777678489685
ACH-000302,1,0.7386176586151123
ACH-000305,1,0.7230819463729858
ACH-000072,1,0.44474831223487854
ACH-000766,1,0.8905251622200012
ACH-000533,0,0.3935324251651764
ACH-000343,1,0.3524116575717926
ACH-001437,0,0.6721522808074951
ACH-000171,1,0.4557940661907196
ACH-003475,1,0.6491966843605042
ACH-000173,1,0.9364250302314758
ACH-000535,1,0.6993008255958557
ACH-000774,1,0.8668420910835266
ACH-000178,0,0.6963154673576355
ACH-001306,1,0.5320090055465698
ACH-000994,1,0.6511261463165283
ACH-001188,0,0.4016733765602112
ACH-000372,0,0.5972973704338074
ACH-002886,0,0.6837402582168579
ACH-000804,0,0.21759475767612457
ACH-000011,0,0.34621021151542664
ACH-000733,1,0.6641623377799988
ACH-001603,0,0.4582365155220032
ACH-000829,0,0.5300654768943787
ACH-000141,1,0.764464259147644
ACH-000810,1,0.24570855498313904
ACH-001994,1,0.6391096115112305
ACH-001145,1,0.37636232376098633
ACH-000717,1,0.8721327781677246
ACH-000738,1,0.2656353712081909
ACH-001843,0,0.39706966280937195
ACH-002664,1,0.53580641746521
ACH-000780,1,0.6415719389915466
ACH-001548,0,0.48650458455085754
ACH-000759,0,0.4080815613269806
ACH-001555,0,0.34746450185775757
ACH-001369,1,0.4690283536911011
ACH-000969,1,0.6623688340187073
ACH-000873,1,0.8707701563835144
ACH-001275,0,0.16262409090995789
ACH-002654,1,0.7969591617584229
ACH-002435,0,0.5208832025527954
ACH-001972,0,0.16361069679260254
ACH-000921,1,0.5490658283233643
ACH-003470,1,0.38903045654296875
ACH-001953,0,0.2194959819316864
ACH-002843,0,0.13756081461906433
ACH-001373,1,0.42447829246520996
ACH-002800,0,0.7327688336372375
ACH-001022,0,0.24865010380744934
ACH-000082,0,0.3502652645111084
ACH-003105,0,0.34351015090942383
ACH-000488,1,0.8150537610054016
ACH-000790,1,0.5570475459098816
ACH-000172,0,0.2889966368675232
ACH-000647,1,0.5171319842338562
ACH-000602,0,0.4500415027141571
ACH-003181,0,0.2902311086654663
ACH-002681,1,0.46444836258888245
ACH-001465,0,0.45834317803382874
ACH-003012,0,0.45698437094688416
ACH-000156,0,0.39323681592941284
ACH-002001,0,0.4874391257762909
ACH-000315,1,0.3256508708000183
ACH-001678,0,0.4857935905456543
ACH-002446,1,0.3414144814014435
ACH-000201,0,0.3753841519355774
ACH-000435,1,0.561617374420166
ACH-000965,1,0.5883476734161377
ACH-001550,1,0.5115447640419006
ACH-002026,0,0.3233073353767395
ACH-000883,1,0.34297534823417664
ACH-000482,1,0.561008870601654
ACH-000450,0,0.1854819804430008
ACH-002672,1,0.6591973304748535
ACH-000835,1,0.5002565383911133
ACH-002431,0,0.4008879065513611
ACH-001802,0,0.42898088693618774
ACH-000629,0,0.2705859839916229
ACH-000715,1,0.6351941823959351
ACH-000870,1,0.6920763850212097
ACH-000910,0,0.46874532103538513
ACH-000779,1,0.779813826084137
ACH-000140,0,0.5973974466323853
ACH-001196,1,0.4859141409397125
ACH-001484,0,0.3170718848705292
ACH-000693,1,0.6736189723014832
ACH-000811,1,0.7004016041755676
ACH-000423,1,0.2698962092399597
ACH-000290,1,0.6969451904296875
ACH-001847,0,0.2895255386829376
ACH-000492,0,0.42954903841018677
ACH-001519,0,0.25179168581962585
ACH-000110,1,0.8305447101593018
ACH-001497,1,0.3762252628803253
ACH-000102,1,0.25903454422950745
ACH-000817,1,0.6222825050354004
ACH-001556,0,0.27166467905044556
ACH-000964,0,0.5360585451126099
ACH-000378,1,0.8327307105064392
ACH-000913,1,0.6510980725288391
ACH-000575,0,0.5789262652397156
ACH-000634,1,0.5736182332038879
ACH-002291,0,0.48510339856147766
ACH-001322,0,0.3281908929347992
ACH-002924,0,0.1596410721540451
ACH-000767,1,0.7679063081741333
ACH-001642,0,0.4332231879234314
ACH-001552,1,0.6621112823486328
ACH-000451,1,0.8324322700500488
ACH-000879,1,0.5043506622314453
ACH-001842,1,0.7819557189941406
ACH-002662,1,0.6603878140449524
ACH-001032,1,0.5192927718162537
ACH-000982,0,0.604638934135437
ACH-001636,1,0.3875318765640259
ACH-000189,0,0.4228207468986511
ACH-000454,1,0.5862393379211426
ACH-000131,0,0.14188838005065918
ACH-000660,0,0.618455708026886
ACH-001197,1,0.3863012492656708
ACH-000915,1,0.25240078568458557
ACH-000480,1,0.5051966905593872
ACH-000745,0,0.47420480847358704
ACH-000161,0,0.7216143608093262
ACH-000395,1,0.7365509867668152
ACH-001459,1,0.6066703200340271
ACH-000916,1,0.899640679359436
ACH-001609,1,0.39631620049476624
ACH-001960,1,0.7892720699310303
ACH-002648,1,0.5485219359397888
ACH-001856,0,0.5261380076408386
ACH-003158,0,0.1636669933795929
ACH-002433,1,0.21342281997203827
ACH-000295,1,0.43561822175979614
ACH-001485,0,0.5334110856056213
ACH-003269,0,0.4481613039970398
ACH-000292,1,0.3771260380744934
ACH-000137,1,0.6101956367492676
ACH-000308,1,0.7427737712860107
ACH-000445,1,0.3887730836868286
ACH-001229,0,0.512376606464386
ACH-000144,1,0.6709344983100891
ACH-000837,1,0.6040455102920532
ACH-000048,1,0.2366863191127777
ACH-000463,0,0.35045748949050903
ACH-000881,0,0.2545357346534729
ACH-000388,1,0.5046498775482178
ACH-001992,1,0.33864715695381165
ACH-000147,1,0.5408408641815186
ACH-000930,1,0.5897529721260071
ACH-000899,0,0.6284304857254028
ACH-000366,1,0.4688149392604828
ACH-001571,0,0.4962327480316162
ACH-001526,0,0.3568021059036255
ACH-000064,0,0.8532702922821045
ACH-001329,0,0.18065020442008972
ACH-001676,1,0.4275880455970764
ACH-000418,1,0.33543938398361206
ACH-001280,1,0.3435423672199249
ACH-002922,1,0.7562106847763062
ACH-000861,1,0.7236631512641907
ACH-000692,1,0.6441241502761841
ACH-003137,0,0.38789013028144836
ACH-000107,1,0.624753475189209
ACH-000133,1,0.2865460216999054
ACH-000306,0,0.08384288102388382
ACH-001530,0,0.5577042698860168
ACH-000651,1,0.5158240795135498
ACH-000563,1,0.4048892855644226
ACH-000058,1,0.7181717157363892
ACH-000345,0,0.34474340081214905
ACH-000316,1,0.2991188168525696
ACH-000884,1,0.43281522393226624
ACH-000289,0,0.17934589087963104
ACH-001451,0,0.29220595955848694
ACH-003459,1,0.593673050403595
ACH-002440,0,0.4123724699020386
ACH-000355,1,0.47252100706100464
ACH-002926,0,0.27088892459869385
ACH-000962,1,0.44614332914352417
ACH-000473,1,0.7464156150817871
ACH-000192,1,0.7814778089523315
ACH-001624,0,0.2509121298789978
ACH-001989,0,0.16445790231227875
ACH-001807,0,0.11453337967395782
ACH-002532,1,0.6147011518478394
ACH-002466,0,0.12025091797113419
ACH-001344,0,0.32251405715942383
ACH-001684,0,0.3290283977985382
ACH-000757,0,0.5505139231681824
ACH-000054,0,0.5778037309646606
ACH-001318,1,0.49794259667396545
ACH-000601,1,0.19895634055137634
ACH-000635,1,0.5453681945800781
ACH-001857,1,0.5139164924621582
ACH-000966,1,0.5848577618598938
ACH-000630,1,0.577260434627533
ACH-000225,1,0.37933245301246643
ACH-002047,0,0.1516699641942978
ACH-000657,0,0.23689964413642883
ACH-000624,1,0.8971564769744873
ACH-000699,1,0.42314979434013367
ACH-000923,0,0.49246838688850403
ACH-000687,1,0.5257269144058228
ACH-000044,0,0.46548357605934143
ACH-000740,1,0.6730673909187317
ACH-000447,1,0.5775479674339294
ACH-000101,1,0.47881340980529785
ACH-001416,1,0.6079171299934387
ACH-000319,0,0.46507489681243896
ACH-000198,0,0.4668479561805725
ACH-000280,0,0.8063037991523743
ACH-003265,0,0.4185391664505005
ACH-000104,1,0.4385868310928345
ACH-001835,1,0.6607450842857361
ACH-000892,0,0.4952024221420288
ACH-000493,1,0.4556545615196228
ACH-000042,1,0.6318100690841675
ACH-002045,1,0.6938292980194092
ACH-000221,1,0.37342193722724915
ACH-000477,0,0.35830605030059814
ACH-000746,1,0.4235815703868866
ACH-000356,1,0.5497938394546509
ACH-000457,0,0.3189980387687683
ACH-000904,0,0.7612349390983582
ACH-002060,0,0.34705850481987
ACH-003159,0,0.18157455325126648
ACH-001813,0,0.08515118062496185
ACH-000244,0,0.13293617963790894
ACH-000610,1,0.5443032383918762
ACH-000081,0,0.4565013349056244
ACH-003161,0,0.3676069378852844
ACH-000255,1,0.3200973570346832
ACH-001038,1,0.4040111005306244
ACH-000352,0,0.7089797854423523
ACH-002016,0,0.2543163299560547
ACH-000416,1,0.4317922294139862
ACH-000752,1,0.31543129682540894
ACH-000862,1,0.6327406764030457
ACH-000236,1,0.6694216728210449
ACH-000401,1,0.2028355598449707
ACH-000731,0,0.4434658885002136
ACH-000875,1,0.7289724349975586
ACH-000626,1,0.7865157127380371
ACH-000593,1,0.40917208790779114
ACH-000182,0,0.8213233947753906
ACH-000442,1,0.5156817436218262
ACH-000159,0,0.2576501667499542
ACH-000907,1,0.4919000566005707
ACH-000191,1,0.7552857398986816
ACH-000205,0,0.7156585454940796
ACH-000103,1,0.8814616799354553
ACH-000739,0,0.5061701536178589
ACH-001558,0,0.5429799556732178
ACH-000206,0,0.3811488449573517
ACH-000841,1,0.6587722897529602
ACH-000615,1,0.2232559621334076
ACH-001613,0,0.349643737077713
ACH-001608,1,0.28908419609069824
ACH-000801,0,0.4400458037853241
ACH-000539,0,0.24820005893707275
ACH-000464,1,0.3284001052379608
ACH-000622,1,0.3057308495044708
ACH-000452,1,0.6161113977432251
ACH-001390,1,0.7027677297592163
ACH-001401,1,0.2801821827888489
ACH-000365,1,0.5403233766555786
ACH-001431,0,0.3458610773086548
ACH-000475,1,0.5629370212554932
ACH-000860,0,0.505158543586731
ACH-000074,1,0.46234896779060364
ACH-000377,1,0.5054694414138794
ACH-001562,0,0.3813135325908661
ACH-001693,1,0.3561042249202728
ACH-003134,0,0.15843001008033752
ACH-000259,1,0.5285457372665405
ACH-001697,1,0.8181365728378296
ACH-002801,1,0.21388249099254608
ACH-001388,0,0.6578965783119202
ACH-001410,1,0.43539395928382874
ACH-002025,1,0.473019003868103
ACH-002688,0,0.3778436481952667
ACH-000720,1,0.5276411175727844
ACH-000095,0,0.26775118708610535
ACH-001345,0,0.4945261776447296
ACH-000558,0,0.6067627668380737
ACH-000664,1,0.3005099594593048
ACH-000177,0,0.7837264537811279
ACH-001423,0,0.43466246128082275
ACH-000335,0,0.36568039655685425
ACH-000940,1,0.2873273491859436
ACH-003160,0,0.5128529667854309
ACH-000631,0,0.39964956045150757
ACH-000207,1,0.5014051198959351
ACH-000764,1,0.2934475243091583
ACH-000995,1,0.3669830560684204
ACH-000373,1,0.41918256878852844
ACH-000953,1,0.5689142942428589
ACH-000709,0,0.21205633878707886
ACH-003463,0,0.2189762145280838
ACH-000846,1,0.7827035188674927
ACH-001702,0,0.299491822719574
ACH-000333,0,0.7413554191589355
ACH-001708,0,0.4636296033859253
ACH-002059,0,0.32185518741607666
ACH-000929,1,0.7977216839790344
ACH-001395,0,0.4951913058757782
ACH-000948,0,0.7562094330787659
ACH-002015,0,0.22058412432670593
ACH-000981,1,0.5009384155273438
ACH-000617,1,0.779122531414032
ACH-000311,1,0.611960768699646
ACH-001210,0,0.3240760564804077
ACH-001834,1,0.6162187457084656
ACH-002010,0,0.21272492408752441
ACH-003143,0,0.29545459151268005
ACH-000390,1,0.757745623588562
ACH-000468,0,0.44298580288887024
ACH-002651,0,0.5026911497116089
ACH-001061,1,0.6141098737716675
ACH-000077,0,0.5438153743743896
ACH-000456,1,0.6094372868537903
ACH-002703,1,0.5422403812408447
ACH-000496,1,0.48816579580307007
ACH-002512,0,0.34114187955856323
ACH-000062,1,0.7736159563064575
ACH-002464,0,0.17729642987251282
ACH-000088,0,0.2924613952636719
ACH-000536,1,0.7828792333602905
ACH-000071,0,0.17385044693946838
ACH-002004,0,0.2845587730407715
ACH-000878,1,0.6234403848648071
ACH-001380,1,0.5269743204116821
ACH-002061,1,0.5734350681304932
ACH-000385,0,0.4636964499950409
ACH-000412,1,0.47742024064064026
ACH-003474,1,0.6775097250938416
ACH-000427,1,0.8808851838111877
ACH-000938,0,0.5037098526954651
ACH-000462,0,0.42786887288093567
ACH-000939,1,0.5037838220596313
ACH-000325,1,0.6043946743011475
ACH-000515,1,0.6460150480270386
ACH-001033,0,0.22943846881389618
ACH-000919,0,0.6807798743247986
ACH-000863,0,0.45167046785354614
ACH-000642,0,0.8274461030960083
ACH-000581,1,0.6239296197891235
ACH-001435,0,0.3977647125720978
ACH-001050,0,0.25992900133132935
ACH-001818,0,0.07020091265439987
ACH-001384,1,0.23641544580459595
ACH-000797,0,0.06719761341810226
ACH-000220,1,0.4084427058696747
ACH-001533,1,0.4339439272880554
ACH-001508,1,0.7808768153190613
ACH-000827,0,0.5031903386116028
ACH-003119,1,0.6855136156082153
ACH-000961,1,0.7724142074584961
ACH-000778,1,0.7279868125915527
ACH-000825,1,0.5720673203468323
ACH-000743,1,0.5889630317687988
ACH-000190,1,0.24372315406799316
ACH-001819,1,0.7311480641365051
ACH-000157,1,0.5820563435554504
ACH-001786,0,0.7262108325958252
ACH-000253,1,0.7385311722755432
ACH-001376,1,0.7594279646873474
ACH-000958,0,0.7445086240768433
ACH-000228,1,0.8166561126708984
ACH-000266,1,0.4302012622356415
ACH-001750,1,0.25589805841445923
ACH-000174,1,0.4151321351528168
ACH-000245,1,0.5496265888214111
ACH-001279,0,0.37809211015701294
ACH-000620,0,0.7070463299751282
ACH-000813,1,0.6294034719467163
ACH-001513,1,0.6334262490272522
ACH-000168,1,0.3157777190208435
ACH-000257,1,0.8424156308174133
ACH-000211,1,0.5769242644309998
ACH-000283,0,0.337936133146286
ACH-002401,1,0.5909635424613953
ACH-002041,1,0.578998327255249
ACH-000987,1,0.21575744450092316
ACH-003465,1,0.2294742912054062
ACH-000682,1,0.8477699160575867
ACH-000073,0,0.4231964349746704
ACH-000212,1,0.43270134925842285
ACH-000096,0,0.38353925943374634
ACH-002500,0,0.4929088056087494
ACH-001440,0,0.8452142477035522
ACH-000063,0,0.2502713203430176
ACH-002942,0,0.5217215418815613
ACH-001999,1,0.4467197060585022
ACH-000776,0,0.7451351284980774
ACH-000521,1,0.4178059697151184
ACH-000299,0,0.33015766739845276
ACH-000025,0,0.4405056834220886
ACH-000591,1,0.3459642231464386
ACH-001716,0,0.37305277585983276
ACH-000833,1,0.32184162735939026
ACH-001628,1,0.5039368867874146
ACH-000398,1,0.5999475717544556
ACH-000274,0,0.38403376936912537
ACH-001370,1,0.6410579085350037
ACH-001700,1,0.8153253197669983
ACH-000029,1,0.8047888278961182
ACH-001849,1,0.49961990118026733
ACH-000644,0,0.3497800827026367
ACH-001422,0,0.5822327733039856
ACH-000588,1,0.4202074408531189
ACH-000849,1,0.6203208565711975
ACH-002690,0,0.5203291177749634
ACH-000219,0,0.5699042677879333
ACH-000150,1,0.862189769744873
ACH-001845,0,0.27019861340522766
ACH-002643,0,0.48214465379714966
ACH-000384,0,0.5782548785209656
ACH-001053,1,0.502317488193512
ACH-001274,0,0.49258673191070557
ACH-000091,1,0.5176241993904114
ACH-002932,1,0.5183140635490417
ACH-002014,0,0.1716059148311615
ACH-001634,0,0.4672815203666687
ACH-002531,0,0.6642327308654785
ACH-000495,0,0.281773179769516
ACH-000911,1,0.7386058568954468
ACH-000013,1,0.7320293188095093
ACH-002667,1,0.4260689914226532
ACH-000777,1,0.4635807275772095
ACH-001765,1,0.4308522641658783
ACH-000312,1,0.44210708141326904
ACH-000085,1,0.569270133972168
ACH-000436,0,0.4105818569660187
ACH-000869,1,0.6681152582168579
ACH-003061,1,0.7735090851783752
ACH-003471,0,0.6942477226257324
ACH-000267,0,0.43116649985313416
ACH-000489,1,0.8905458450317383
ACH-000431,1,0.5196742415428162
ACH-000152,1,0.3890431821346283
ACH-000909,0,0.36408641934394836
ACH-000534,1,0.6712712049484253
ACH-001489,1,0.5105884671211243
ACH-000582,1,0.2998184859752655
ACH-000460,1,0.8189406991004944
ACH-000443,1,0.834361732006073
ACH-001570,0,0.3461606502532959
ACH-000986,1,0.6466855406761169
ACH-001335,0,0.618137776851654
ACH-000023,1,0.3964373469352722
ACH-002062,0,0.3499890863895416
ACH-002462,0,0.1015673354268074
ACH-000151,0,0.5103369951248169
ACH-001277,1,0.41816818714141846
ACH-000607,0,0.31660372018814087
ACH-002647,0,0.628250241279602
ACH-000703,1,0.8236396312713623
ACH-001211,0,0.29675742983818054
ACH-003152,0,0.14894266426563263
ACH-001511,1,0.7890729904174805
ACH-000113,0,0.43874362111091614
ACH-000337,1,0.8243539929389954
ACH-000598,0,0.5155254006385803
ACH-000057,0,0.3753421902656555
ACH-000281,1,0.7537949085235596
ACH-000321,1,0.35068804025650024
ACH-000985,1,0.7299972176551819
ACH-000444,0,0.6368834972381592
ACH-000347,1,0.6527456641197205
ACH-001399,1,0.40902599692344666
ACH-001097,0,0.3304789364337921
ACH-000127,1,0.49017009139060974
ACH-001961,1,0.6150346994400024
ACH-001796,0,0.19274869561195374
ACH-000307,1,0.4077748954296112
ACH-001030,0,0.5691534280776978
ACH-002485,1,0.48346784710884094
ACH-000595,1,0.32942309975624084
ACH-001540,0,0.24926739931106567
ACH-000298,1,0.6494191288948059
ACH-000771,1,0.49125802516937256
ACH-000500,1,0.6491718888282776
ACH-000353,1,0.49143150448799133
ACH-000363,1,0.4867217242717743
ACH-000350,0,0.596933901309967
ACH-000053,1,0.45181360840797424
ACH-001543,1,0.7526833415031433
ACH-000663,0,0.2683105170726776
ACH-000346,0,0.34414681792259216
ACH-000970,1,0.7416480183601379
ACH-002543,1,0.49959418177604675
ACH-001333,1,0.30212604999542236
ACH-000794,1,0.4150429666042328
ACH-000039,0,0.34784430265426636
ACH-000471,0,0.3267061114311218
ACH-000850,0,0.11373935639858246
ACH-000291,1,0.5223285555839539
ACH-001453,0,0.8366209268569946
ACH-001458,1,0.6443169116973877
ACH-000886,1,0.8258383274078369
ACH-000888,1,0.5987843871116638
ACH-000659,1,0.7693064212799072
ACH-000030,1,0.7039611339569092
ACH-001201,1,0.4982694983482361
ACH-000271,1,0.4935687780380249
ACH-002676,0,0.4529854953289032
ACH-000549,1,0.5488606095314026
ACH-000555,0,0.29222702980041504
ACH-000478,1,0.5227041840553284
ACH-000775,1,0.8299156427383423
ACH-002214,0,0.3352375626564026
ACH-000038,0,0.6141970157623291
ACH-001109,0,0.2221061885356903
ACH-001442,1,0.4189022481441498
ACH-000559,1,0.8180891871452332
ACH-000510,0,0.4509682357311249
ACH-002065,0,0.37385261058807373
ACH-000676,1,0.28693675994873047
ACH-002659,1,0.5977175235748291
ACH-000844,1,0.7326887845993042
ACH-002403,1,0.4511587619781494
ACH-002787,0,0.4238113462924957
ACH-002497,1,0.4934241473674774
ACH-002798,0,0.09712827950716019
ACH-000925,0,0.8270605206489563
ACH-002465,0,0.15532039105892181
ACH-000272,0,0.4308376908302307
ACH-001035,1,0.5323470234870911
ACH-003457,0,0.4429212212562561
ACH-000513,0,0.46043160557746887
ACH-001059,0,0.32701942324638367
ACH-000959,1,0.6142820119857788
ACH-002283,1,0.44881105422973633
ACH-000169,1,0.6523426175117493
ACH-001402,0,0.2533850371837616
ACH-000796,1,0.7239241003990173
ACH-000143,1,0.5313520431518555
ACH-000067,1,0.5416309833526611
ACH-000640,0,0.5736988186836243
ACH-001591,1,0.4745251536369324
ACH-001674,1,0.36157649755477905
ACH-001698,1,0.7006581425666809
ACH-002002,0,0.3113928735256195
ACH-002011,0,0.19040808081626892
ACH-003268,0,0.4836856722831726
ACH-000967,1,0.5392082333564758
ACH-000469,1,0.23628029227256775
ACH-001353,1,0.4149264693260193
ACH-001574,0,0.43590208888053894
ACH-000097,0,0.7369592189788818
ACH-000256,1,0.6732061505317688
ACH-000977,0,0.6614040732383728
ACH-000972,0,0.4952094852924347
ACH-001367,1,0.28683775663375854
ACH-000382,1,0.6826875805854797
ACH-003476,1,0.48136061429977417
ACH-000579,0,0.28839027881622314
ACH-002035,0,0.5605199337005615
ACH-001532,0,0.3363759219646454
ACH-000695,1,0.4856702983379364
ACH-001795,0,0.2134467214345932
ACH-001510,1,0.7752012014389038
ACH-000502,1,0.6068172454833984
ACH-000183,1,0.5131350159645081
ACH-000408,1,0.6687707304954529
ACH-001496,1,0.6561977863311768
ACH-000788,1,0.45593810081481934
ACH-002405,0,0.5712575912475586
ACH-002409,1,0.41577160358428955
ACH-001622,0,0.36866462230682373
ACH-000466,1,0.8444377183914185
ACH-001560,0,0.2278042435646057
ACH-001019,0,0.5552111268043518
ACH-003111,0,0.12538796663284302
ACH-000005,1,0.4686003029346466
ACH-001687,0,0.4697018265724182
ACH-001151,0,0.6369239091873169
ACH-000701,1,0.4599795341491699
ACH-000542,0,0.3256729245185852
ACH-000126,0,0.34952661395072937
ACH-001685,0,0.40199461579322815
ACH-000933,0,0.705316960811615
ACH-000068,1,0.6060453653335571
ACH-000015,1,0.375995010137558
ACH-001111,1,0.4766460359096527
ACH-000487,1,0.4512313902378082
ACH-000122,1,0.6845875978469849
ACH-000288,1,0.2984784245491028
ACH-001820,1,0.5051546692848206
ACH-000782,1,0.5493062734603882
ACH-001632,1,0.6272838711738586
ACH-002399,1,0.7877938151359558
ACH-000357,1,0.6286353468894958
ACH-000079,1,0.5582196116447449
ACH-001031,0,0.42110520601272583
ACH-001064,1,0.43195948004722595
ACH-002802,0,0.44838637113571167
ACH-001048,1,0.8255768418312073
ACH-000453,1,0.6162757277488708
ACH-003155,0,0.4846234619617462
ACH-000791,1,0.5157191157341003
ACH-000567,1,0.7800571322441101
ACH-001391,1,0.35226020216941833
ACH-001075,0,0.7293469309806824
ACH-000105,0,0.46913817524909973
ACH-000557,1,0.5944063067436218
ACH-000175,0,0.1248186007142067
ACH-001356,1,0.4684547483921051
ACH-001844,1,0.432489812374115
ACH-001346,1,0.6969958543777466
ACH-000885,0,0.28213152289390564
ACH-000900,1,0.608019232749939
ACH-000666,1,0.2777321934700012
ACH-001428,1,0.4386001527309418
ACH-000217,1,0.531302809715271
ACH-000872,1,0.6429224610328674
ACH-001974,0,0.23303842544555664
ACH-002020,1,0.5275249481201172
ACH-001638,0,0.4084777235984802
ACH-001228,0,0.7579201459884644
ACH-000181,1,0.6057268977165222
ACH-000115,1,0.4642122983932495
ACH-000130,0,0.45298850536346436
ACH-000121,1,0.5932273268699646
ACH-001711,1,0.5386983156204224
ACH-000934,1,0.8373398780822754
ACH-000996,1,0.7904947996139526
ACH-001529,0,0.43245169520378113
ACH-001743,0,0.4382745027542114
ACH-000320,1,0.5637532472610474
ACH-000505,1,0.21780382096767426
ACH-000781,1,0.6836128830909729
ACH-000059,0,0.34885716438293457
ACH-000920,1,0.6175629496574402
ACH-000294,1,0.35998380184173584
ACH-000422,1,0.41153985261917114
ACH-000200,0,0.2363080233335495
ACH-000046,0,0.5228007435798645
ACH-000968,0,0.19418060779571533
ACH-000830,1,0.7706019282341003
ACH-000114,1,0.9113268852233887
ACH-000402,1,0.6163108348846436
ACH-001578,1,0.5594275593757629
ACH-000036,0,0.3952939808368683
ACH-000973,1,0.3291105628013611
ACH-001128,0,0.1605280190706253
ACH-003437,1,0.6409488320350647
ACH-000750,0,0.23905840516090393
ACH-000285,1,0.6214815378189087
ACH-002669,1,0.37054893374443054
ACH-001858,1,0.7218203544616699
ACH-001997,1,0.7529325485229492
ACH-000052,1,0.6702378392219543
