,tp53_binary,gcn_v2_hybrid_proba_proba
ACH-001113,1,0.6583614349365234
ACH-001289,0,0.4645282030105591
ACH-001339,1,0.49704819917678833
ACH-001979,0,0.32760295271873474
ACH-002438,0,0.4923962354660034
ACH-001538,0,0.6536576151847839
ACH-000242,0,0.7659783959388733
ACH-000708,0,0.6887546181678772
ACH-000327,0,0.7101791501045227
ACH-000233,1,0.4913964867591858
ACH-000461,1,0.7846128344535828
ACH-000705,1,0.6208752393722534
ACH-001794,0,0.1551908403635025
ACH-002023,1,0.8237360119819641
ACH-000528,1,0.6367327570915222
ACH-002501,0,0.369323194026947
ACH-001655,1,0.18208792805671692
ACH-000167,0,0.5459519028663635
ACH-000792,1,0.45708179473876953
ACH-001098,1,0.7139745354652405
ACH-000570,1,0.4449581503868103
ACH-000351,1,0.7816072702407837
ACH-002075,1,0.7663497924804688
ACH-002040,1,0.25898659229278564
ACH-000769,1,0.6332013607025146
ACH-000154,0,0.12953899800777435
ACH-000828,0,0.7242233753204346
ACH-000421,1,0.8701367378234863
ACH-000765,1,0.3935112953186035
ACH-001375,1,0.6604723930358887
ACH-000008,0,0.5457136034965515
ACH-001814,0,0.33312225341796875
ACH-000800,1,0.5516139268875122
ACH-000606,1,0.7822604775428772
ACH-000317,0,0.5898358821868896
ACH-001492,0,0.49447745084762573
ACH-000123,0,0.3602980971336365
ACH-000723,1,0.7101958990097046
ACH-002066,1,0.590506374835968
ACH-001536,0,0.4297553598880768
ACH-003136,0,0.23694078624248505
ACH-000313,1,0.5848183631896973
ACH-002019,0,0.8199701905250549
ACH-000728,0,0.4450847804546356
ACH-000700,1,0.46780291199684143
ACH-000823,1,0.7344138026237488
ACH-000678,1,0.8147351741790771
ACH-000006,1,0.4229760766029358
ACH-002790,0,0.3704478144645691
ACH-002029,1,0.5696942806243896
ACH-001377,0,0.7379377484321594
ACH-000754,1,0.4411269724369049
ACH-000465,0,0.4062087833881378
ACH-000138,1,0.7154363989830017
ACH-001864,1,0.8235512971878052
ACH-000383,1,0.7560207843780518
ACH-001547,0,0.5539909601211548
ACH-000917,1,0.8803959488868713
ACH-002471,0,0.28810355067253113
ACH-000984,1,0.5175656676292419
ACH-002678,1,0.4302411675453186
ACH-001409,1,0.6110488176345825
ACH-001707,0,0.4718572795391083
ACH-000117,1,0.6879443526268005
ACH-000999,1,0.8139657974243164
ACH-000633,1,0.5925381779670715
ACH-000520,1,0.5955560207366943
ACH-000176,1,0.36450445652008057
ACH-000017,1,0.777180016040802
ACH-000020,0,0.39748215675354004
ACH-001385,0,0.5663122534751892
ACH-000587,1,0.6837355494499207
ACH-000785,1,0.691303014755249
ACH-003469,0,0.21798764169216156
ACH-000554,1,0.7734360098838806
ACH-003180,0,0.28995072841644287
ACH-001398,0,0.5077354311943054
ACH-001991,0,0.6025377511978149
ACH-001332,1,0.6686716675758362
ACH-000585,1,0.6905980706214905
ACH-000550,1,0.5343310832977295
ACH-000627,1,0.5942999720573425
ACH-000704,0,0.5816856026649475
ACH-000276,1,0.8721519112586975
ACH-000075,0,0.39770859479904175
ACH-000818,1,0.7411695122718811
ACH-003184,0,0.36380958557128906
ACH-001616,0,0.5474584102630615
ACH-000625,0,0.6622559428215027
ACH-000941,1,0.5280096530914307
ACH-000392,1,0.6993488073348999
ACH-000269,0,0.5373790860176086
ACH-001670,1,0.4506587088108063
ACH-003133,0,0.44785916805267334
ACH-000856,0,0.6955556273460388
ACH-002687,0,0.2397325485944748
ACH-001119,0,0.39483925700187683
ACH-003132,0,0.30313533544540405
ACH-000376,1,0.4760534465312958
ACH-000685,1,0.724615752696991
ACH-000729,1,0.7131489515304565
ACH-001034,0,0.38177284598350525
ACH-001283,1,0.4169040322303772
ACH-000880,0,0.6758200526237488
ACH-000035,1,0.8665671348571777
ACH-001200,0,0.4708491563796997
ACH-000194,0,0.19511015713214874
ACH-000322,0,0.316046804189682
ACH-000552,1,0.7522895336151123
ACH-002508,1,0.2760605216026306
ACH-000222,1,0.7361456155776978
ACH-000260,0,0.4990583658218384
ACH-001652,0,0.609813392162323
ACH-000608,1,0.7554224133491516
ACH-000501,1,0.6722467541694641
ACH-000612,0,0.33969634771347046
ACH-002033,1,0.46043428778648376
ACH-001184,0,0.39994511008262634
ACH-001688,0,0.4048006534576416
ACH-001838,1,0.6792985200881958
ACH-000638,1,0.7499915361404419
ACH-001846,1,0.7336666584014893
ACH-000798,1,0.8014156222343445
ACH-001321,0,0.8343534469604492
ACH-000894,1,0.7859897613525391
ACH-001559,1,0.28328782320022583
ACH-000344,1,0.4583108723163605
ACH-000223,1,0.8264755606651306
ACH-000031,1,0.7272173166275024
ACH-000034,0,0.3877493441104889
ACH-001861,1,0.872678279876709
ACH-003468,1,0.3795129954814911
ACH-000772,0,0.5223273634910583
ACH-000946,0,0.6129999756813049
ACH-000596,1,0.7906324863433838
ACH-001046,0,0.4166159927845001
ACH-000632,1,0.6293010115623474
ACH-000978,1,0.6040786504745483
ACH-000332,1,0.7954705953598022
ACH-001841,1,0.672081470489502
ACH-003273,1,0.4264076352119446
ACH-000179,1,0.7957078814506531
ACH-000887,1,0.7789490818977356
ACH-000368,1,0.3592909872531891
ACH-000240,0,0.1962740570306778
ACH-000578,0,0.7589637637138367
ACH-001611,0,0.3953257203102112
ACH-000135,0,0.32221662998199463
ACH-001671,0,0.7888670563697815
ACH-000406,1,0.4253643751144409
ACH-001541,1,0.5254449248313904
ACH-000998,0,0.7612287402153015
ACH-000441,0,0.45878222584724426
ACH-000960,1,0.4477705955505371
ACH-000098,1,0.6240107417106628
ACH-001651,0,0.6072866916656494
ACH-001456,1,0.7419379353523254
ACH-001336,0,0.61510169506073
ACH-000284,0,0.2409866899251938
ACH-000971,0,0.6972537040710449
ACH-001454,0,0.707054615020752
ACH-000926,1,0.7860224843025208
ACH-000033,0,0.8125406503677368
ACH-000576,1,0.5237401723861694
ACH-000019,0,0.680346667766571
ACH-001577,0,0.4613923728466034
ACH-001981,0,0.4282572567462921
ACH-000330,1,0.7685696482658386
ACH-000848,1,0.5799622535705566
ACH-000481,1,0.8032852411270142
ACH-001517,1,0.4186701774597168
ACH-000338,1,0.395268052816391
ACH-001959,1,0.3177790939807892
ACH-001414,0,0.6690175533294678
ACH-001227,0,0.7745824456214905
ACH-000871,1,0.8175621032714844
ACH-001403,1,0.7019813060760498
ACH-000805,0,0.44260886311531067
ACH-001142,0,0.365896999835968
ACH-001554,0,0.3968523442745209
ACH-001667,0,0.3527394235134125
ACH-000847,1,0.3041282296180725
ACH-001447,1,0.4840462803840637
ACH-001537,0,0.4518425166606903
ACH-001207,0,0.26803380250930786
ACH-001854,0,0.5292479991912842
ACH-000832,1,0.6419652700424194
ACH-001975,1,0.23522987961769104
ACH-000428,0,0.6574947237968445
ACH-001382,1,0.7759079933166504
ACH-001302,0,0.41636648774147034
ACH-000690,0,0.7174091339111328
ACH-001134,0,0.470207542181015
ACH-000914,1,0.5082884430885315
ACH-000858,1,0.7356487512588501
ACH-001421,1,0.6404223442077637
ACH-002796,0,0.31306150555610657
ACH-003183,1,0.309750497341156
ACH-002716,0,0.42399367690086365
ACH-003100,0,0.4011519253253937
ACH-000544,1,0.6713139414787292
ACH-000725,1,0.7734098434448242
ACH-000566,1,0.5877115726470947
ACH-000760,0,0.4075252115726471
ACH-001745,1,0.4501534700393677
ACH-000787,1,0.6317920088768005
ACH-001598,0,0.5154892206192017
ACH-000749,1,0.5348039269447327
ACH-001691,1,0.3597336709499359
ACH-001328,1,0.7007200717926025
ACH-001704,0,0.5300711393356323
ACH-001502,0,0.7031327486038208
ACH-002844,0,0.2654639482498169
ACH-001068,0,0.44216400384902954
ACH-000358,1,0.7856994867324829
ACH-002695,1,0.5791876912117004
ACH-001672,0,0.6935626864433289
ACH-001654,1,0.8145949244499207
ACH-001521,1,0.5274915099143982
ACH-000209,0,0.6364971995353699
ACH-001520,0,0.5118811726570129
ACH-000213,1,0.6486865878105164
ACH-001610,1,0.31738510727882385
ACH-001408,1,0.7208782434463501
ACH-000991,1,0.8600363731384277
ACH-001412,1,0.8600836396217346
ACH-000331,1,0.6389856934547424
ACH-001407,1,0.34446990489959717
ACH-000580,0,0.293101966381073
ACH-000594,1,0.7526712417602539
ACH-000684,0,0.4831990599632263
ACH-000742,0,0.33156847953796387
ACH-000868,1,0.7683097720146179
ACH-000732,1,0.6069320440292358
ACH-001481,1,0.3140142858028412
ACH-000429,0,0.5012620091438293
ACH-000310,0,0.46634072065353394
ACH-002475,1,0.40335261821746826
ACH-000643,1,0.7500331997871399
ACH-000234,0,0.7013689875602722
ACH-003267,0,0.6349908113479614
ACH-001498,1,0.3559646010398865
ACH-000896,1,0.6495175957679749
ACH-003451,0,0.3639415204524994
ACH-000203,0,0.5788426399230957
ACH-001607,1,0.592900812625885
ACH-002706,1,0.5795068740844727
ACH-001441,0,0.28422361612319946
ACH-000112,0,0.5171547532081604
ACH-000874,0,0.4624546766281128
ACH-000186,1,0.858622133731842
ACH-002780,1,0.38278982043266296
ACH-000677,0,0.584556519985199
ACH-000055,1,0.5158110857009888
ACH-000485,1,0.6622159481048584
ACH-000672,1,0.5680721402168274
ACH-001150,0,0.35754743218421936
ACH-000287,1,0.4802144169807434
ACH-000784,1,0.566601037979126
ACH-000530,1,0.4619823098182678
ACH-002024,1,0.7232975363731384
ACH-000380,1,0.5781427025794983
ACH-001737,0,0.4343254268169403
ACH-001400,1,0.5842680931091309
ACH-001054,0,0.36931270360946655
ACH-001695,1,0.7706567645072937
ACH-000009,1,0.7380715608596802
ACH-000491,1,0.5722596049308777
ACH-001703,0,0.4811420738697052
ACH-000002,0,0.521110475063324
ACH-001568,0,0.24225907027721405
ACH-001449,0,0.4669610559940338
ACH-000993,1,0.5278491377830505
ACH-002680,1,0.32990527153015137
ACH-000877,1,0.3933221399784088
ACH-000711,1,0.8050826191902161
ACH-001515,0,0.792969286441803
ACH-002847,0,0.5237764120101929
ACH-000702,0,0.5528059005737305
ACH-001020,0,0.3578622043132782
ACH-000600,0,0.5624885559082031
ACH-003266,0,0.6588614583015442
ACH-000354,1,0.8470522165298462
ACH-000012,1,0.7742533683776855
ACH-000689,0,0.4469028115272522
ACH-002668,1,0.4838084578514099
ACH-002533,0,0.6872285008430481
ACH-000459,0,0.4334220886230469
ACH-002050,0,0.20302945375442505
ACH-003120,1,0.7091752886772156
ACH-001413,0,0.5390233397483826
ACH-000686,1,0.6620098948478699
ACH-000342,1,0.8380481600761414
ACH-000208,1,0.23790223896503448
ACH-000360,1,0.7721405029296875
ACH-000249,1,0.7421264052391052
ACH-001368,1,0.4294414520263672
ACH-000231,1,0.4883454144001007
ACH-002074,1,0.7416580319404602
ACH-000945,1,0.5523694157600403
ACH-000662,0,0.7984482049942017
ACH-002458,0,0.497175008058548
ACH-001378,0,0.6670441627502441
ACH-001029,1,0.39868757128715515
ACH-001817,0,0.1502009928226471
ACH-002846,0,0.4155619442462921
ACH-000248,1,0.7752619981765747
ACH-000943,0,0.2501298785209656
ACH-000751,1,0.48322364687919617
ACH-001696,1,0.5801889896392822
ACH-002936,1,0.38629764318466187
ACH-001016,1,0.4397848844528198
ACH-000282,0,0.7807742953300476
ACH-003438,1,0.35259708762168884
ACH-002215,0,0.6401020884513855
ACH-000261,1,0.5437148213386536
ACH-000164,1,0.5510788559913635
ACH-001793,0,0.3839433491230011
ACH-000262,0,0.48933839797973633
ACH-000158,0,0.4732615351676941
ACH-000773,0,0.4406365752220154
ACH-000722,1,0.7173792719841003
ACH-000857,1,0.8189050555229187
ACH-001129,1,0.4447093605995178
ACH-001619,1,0.5874271392822266
ACH-000184,0,0.1930946409702301
ACH-000329,0,0.32074692845344543
ACH-001569,1,0.3836316466331482
ACH-002544,1,0.629235029220581
ACH-002675,1,0.48383983969688416
ACH-000814,0,0.48069509863853455
ACH-002499,1,0.8175491690635681
ACH-001493,1,0.5235849022865295
ACH-001701,1,0.6564467549324036
ACH-000197,1,0.5453487038612366
ACH-000545,1,0.8777758479118347
ACH-000949,1,0.8236604928970337
ACH-000124,0,0.4899097979068756
ACH-000560,0,0.5914739966392517
ACH-000897,1,0.6483253836631775
ACH-001626,1,0.648502767086029
ACH-000619,1,0.6674942970275879
ACH-001973,1,0.2892545163631439
ACH-001340,1,0.7959535717964172
ACH-000546,1,0.7313503623008728
ACH-001709,1,0.442087322473526
ACH-002018,0,0.393307089805603
ACH-000153,0,0.5546082854270935
ACH-000526,0,0.2195097655057907
ACH-000116,1,0.7716068029403687
ACH-000815,0,0.49082204699516296
ACH-001270,0,0.5094299912452698
ACH-002523,1,0.5102662444114685
ACH-000324,0,0.619968593120575
ACH-001949,0,0.5098904371261597
ACH-001561,0,0.7003940939903259
ACH-000842,1,0.6696997880935669
ACH-000898,0,0.7809503674507141
ACH-000517,1,0.6412888169288635
ACH-001980,0,0.41505441069602966
ACH-001415,1,0.8424513936042786
ACH-000681,0,0.5456333756446838
ACH-001310,0,0.5316378474235535
ACH-000070,0,0.5000932216644287
ACH-000484,1,0.6908006072044373
ACH-003426,0,0.37081775069236755
ACH-000108,1,0.5591918230056763
ACH-000808,1,0.39531806111335754
ACH-000656,1,0.4993188679218292
ACH-000166,1,0.5040889382362366
ACH-000997,1,0.610878050327301
ACH-000866,1,0.7240613698959351
ACH-000819,1,0.49100521206855774
ACH-000226,0,0.4707385003566742
ACH-000087,1,0.5031944513320923
ACH-000340,1,0.2495959997177124
ACH-002005,1,0.24548886716365814
ACH-001680,1,0.4788479208946228
ACH-000758,1,0.6740660667419434
ACH-000196,1,0.7570541501045227
ACH-003141,0,0.34748849272727966
ACH-000258,0,0.685340404510498
ACH-000163,1,0.3508516550064087
ACH-000076,1,0.5640822649002075
ACH-000509,1,0.5926879048347473
ACH-001193,1,0.5130645036697388
ACH-000571,1,0.4699964225292206
ACH-000391,1,0.493660032749176
ACH-000293,1,0.721580982208252
ACH-003138,0,0.1406317800283432
ACH-000532,1,0.6538198590278625
ACH-000584,1,0.7729591727256775
ACH-001690,1,0.675211489200592
ACH-000586,1,0.7390607595443726
ACH-000944,1,0.5109062790870667
ACH-003149,0,0.26102161407470703
ACH-000561,1,0.8191079497337341
ACH-001648,0,0.5465506315231323
ACH-000394,0,0.7764528393745422
ACH-000954,1,0.5958826541900635
ACH-000204,1,0.4403420686721802
ACH-000160,0,0.35015392303466797
ACH-003460,1,0.40960946679115295
ACH-000989,0,0.7299842834472656
ACH-001347,1,0.6684385538101196
ACH-000691,1,0.714764416217804
ACH-000268,1,0.7876932621002197
ACH-001209,0,0.40304818749427795
ACH-003456,0,0.25858888030052185
ACH-000119,0,0.08787074685096741
ACH-000379,1,0.7899765968322754
ACH-001341,0,0.7893174886703491
ACH-000714,0,0.44949376583099365
ACH-000937,1,0.5173544883728027
ACH-000763,0,0.5073257088661194
ACH-002834,0,0.36199721693992615
ACH-001673,1,0.7634511590003967
ACH-000326,1,0.5536220669746399
ACH-000300,0,0.6243322491645813
ACH-002994,0,0.500262975692749
ACH-000901,1,0.5510390400886536
ACH-000816,1,0.6258470416069031
ACH-000641,1,0.549720287322998
ACH-000511,0,0.4943925738334656
ACH-002077,1,0.6900753378868103
ACH-000583,1,0.3744754493236542
ACH-000836,1,0.6967051029205322
ACH-000975,1,0.49111634492874146
ACH-000109,1,0.8456653356552124
ACH-000467,1,0.6956875324249268
ACH-000712,1,0.7035692930221558
ACH-000671,1,0.7214090824127197
ACH-000523,1,0.6244783997535706
ACH-000864,1,0.6062476634979248
ACH-000726,1,0.8819890022277832
ACH-000136,0,0.534884512424469
ACH-002067,1,0.5233698487281799
ACH-000440,1,0.525813102722168
ACH-002539,1,0.620784342288971
ACH-001461,0,0.7475185394287109
ACH-000890,1,0.471372127532959
ACH-001692,0,0.612783670425415
ACH-000027,0,0.4105878174304962
ACH-000562,1,0.8029791712760925
ACH-000748,0,0.35209715366363525
ACH-001669,1,0.545768678188324
ACH-000834,1,0.6770485639572144
ACH-000565,1,0.725273847579956
ACH-000449,0,0.2689385414123535
ACH-000399,1,0.6922959685325623
ACH-002080,0,0.5559692978858948
ACH-000770,1,0.5722075700759888
ACH-000710,0,0.7446127533912659
ACH-000507,1,0.662250280380249
ACH-000066,1,0.8779612183570862
ACH-000022,1,0.74735426902771
ACH-001668,0,0.6792925596237183
ACH-000334,1,0.3728031516075134
ACH-000374,1,0.7420288324356079
ACH-000519,1,0.471445769071579
ACH-000908,0,0.6258766651153564
ACH-002003,0,0.32831981778144836
ACH-000574,1,0.5725948810577393
ACH-000148,1,0.08706458657979965
ACH-002461,1,0.35196226835250854
ACH-000646,0,0.6594750881195068
ACH-000314,1,0.620750367641449
ACH-001705,1,0.654378354549408
ACH-000040,1,0.198897585272789
ACH-001057,0,0.38806986808776855
ACH-000430,1,0.25567203760147095
ACH-001041,1,0.3214207887649536
ACH-001988,0,0.43167752027511597
ACH-001977,0,0.42831844091415405
ACH-000370,1,0.635276198387146
ACH-001630,1,0.7534696459770203
ACH-000437,1,0.49253442883491516
ACH-000498,1,0.46356698870658875
ACH-001392,1,0.7403921484947205
ACH-000503,1,0.8277073502540588
ACH-002778,0,0.3745359778404236
ACH-000328,1,0.4873279631137848
ACH-000403,1,0.7967625856399536
ACH-000400,0,0.7799922227859497
ACH-000224,0,0.22425003349781036
ACH-000318,1,0.8201627135276794
ACH-003472,0,0.471791535615921
ACH-001430,0,0.46894368529319763
ACH-000928,0,0.7172559499740601
ACH-000893,1,0.742651104927063
ACH-000889,1,0.5811914205551147
ACH-000799,0,0.6360447406768799
ACH-001623,1,0.3601526916027069
ACH-000736,1,0.6190651655197144
ACH-000876,1,0.7660434246063232
ACH-001232,1,0.3691800534725189
ACH-001618,1,0.4326528012752533
ACH-001828,0,0.43534567952156067
ACH-002650,1,0.8351123929023743
ACH-000235,1,0.7748488783836365
ACH-000381,1,0.7775000929832458
ACH-001993,1,0.3895195424556732
ACH-001301,0,0.3029821813106537
ACH-000854,0,0.5370097160339355
ACH-000187,1,0.7909679412841797
ACH-000543,1,0.40698954463005066
ACH-000569,0,0.5721093416213989
ACH-000668,1,0.8244931697845459
ACH-000134,0,0.2600725591182709
ACH-000924,1,0.6248431205749512
ACH-003473,1,0.4544818699359894
ACH-001450,1,0.4278491139411926
ACH-000296,1,0.8441798686981201
ACH-002034,0,0.525803804397583
ACH-002781,0,0.4605928957462311
ACH-000713,1,0.7777770161628723
ACH-001360,0,0.5670872330665588
ACH-002921,0,0.7020018100738525
ACH-000273,1,0.3929114043712616
ACH-001715,0,0.3661934733390808
ACH-001617,1,0.47015368938446045
ACH-000639,1,0.6670880317687988
ACH-000590,1,0.7385679483413696
ACH-000553,1,0.7552504539489746
ACH-000084,0,0.6133551597595215
ACH-000094,1,0.5667904019355774
ACH-000361,0,0.5479116439819336
ACH-000719,0,0.6528017520904541
ACH-001396,1,0.6853341460227966
ACH-001848,0,0.6511097550392151
ACH-000339,1,0.6284767389297485
ACH-002048,0,0.44125232100486755
ACH-000218,1,0.5134977102279663
ACH-002486,1,0.6127643585205078
ACH-002711,0,0.2221318781375885
ACH-000789,1,0.7079792022705078
ACH-000413,0,0.2665236294269562
ACH-000125,0,0.26291796565055847
ACH-000180,1,0.2691206634044647
ACH-000215,1,0.32072386145591736
ACH-001001,1,0.527601420879364
ACH-000407,1,0.32438552379608154
ACH-002170,1,0.7187824845314026
ACH-002027,0,0.766649067401886
ACH-001132,1,0.42136430740356445
ACH-001278,0,0.31021544337272644
ACH-000032,0,0.4188854992389679
ACH-003108,1,0.5047433972358704
ACH-001419,1,0.7610651254653931
ACH-000494,0,0.5829501152038574
ACH-000865,1,0.6908750534057617
ACH-000439,1,0.4132588803768158
ACH-001523,1,0.7903044819831848
ACH-001983,0,0.37785691022872925
ACH-000024,1,0.5632985830307007
ACH-000674,0,0.7335408926010132
ACH-000670,1,0.4891327917575836
ACH-000599,1,0.6314956545829773
ACH-000263,1,0.5547253489494324
ACH-003191,0,0.31488797068595886
ACH-000303,1,0.5310236215591431
ACH-001551,1,0.6960905194282532
ACH-002795,0,0.40080076456069946
ACH-000793,0,0.7856075763702393
ACH-002511,0,0.4479631781578064
ACH-000286,1,0.8193264007568359
ACH-000250,1,0.4880738854408264
ACH-000139,0,0.783554196357727
ACH-001735,1,0.3877579867839813
ACH-002013,0,0.20167940855026245
ACH-001389,1,0.3391095995903015
ACH-001183,1,0.6010531783103943
ACH-000551,1,0.6082016825675964
ACH-003101,0,0.47082948684692383
ACH-001163,1,0.4430142045021057
ACH-000037,1,0.5675519108772278
ACH-000744,1,0.7180755138397217
ACH-000420,1,0.5801209211349487
ACH-000336,0,0.4960979223251343
ACH-000486,0,0.8143996000289917
ACH-000679,1,0.7884082794189453
ACH-001557,0,0.5055992007255554
ACH-000247,0,0.7954009771347046
ACH-000947,1,0.48569223284721375
ACH-000807,1,0.5590204000473022
ACH-000476,1,0.6247698068618774
ACH-000525,1,0.7393670082092285
ACH-003154,0,0.4760090112686157
ACH-001148,0,0.5630905628204346
ACH-003455,0,0.3685501515865326
ACH-000853,1,0.6504697799682617
ACH-000083,0,0.15342476963996887
ACH-000479,0,0.5052495002746582
ACH-000230,0,0.18310105800628662
ACH-001664,1,0.5433703660964966
ACH-002705,1,0.7711297273635864
ACH-002937,0,0.5431509017944336
ACH-000955,1,0.809467077255249
ACH-000049,0,0.6208674907684326
ACH-000675,1,0.8318145871162415
ACH-000199,0,0.2621709406375885
ACH-000193,1,0.6715091466903687
ACH-001686,1,0.42502811551094055
ACH-000538,0,0.44028955698013306
ACH-002490,1,0.8083860874176025
ACH-001683,1,0.7223265171051025
ACH-001990,1,0.28946855664253235
ACH-001438,0,0.5460352897644043
ACH-001647,1,0.5148791074752808
ACH-002043,1,0.5935121178627014
ACH-001649,0,0.5770048499107361
ACH-000155,1,0.6395642757415771
ACH-000270,1,0.7688975930213928
ACH-003106,0,0.48574182391166687
ACH-003177,1,0.22148792445659637
ACH-000683,1,0.7212018966674805
ACH-002017,0,0.4075901508331299
ACH-000655,1,0.4552401304244995
ACH-000145,1,0.4285820722579956
ACH-001495,1,0.5937394499778748
ACH-000188,1,0.6163619756698608
ACH-003458,1,0.39759284257888794
ACH-000080,0,0.4361814260482788
ACH-000146,1,0.5129597783088684
ACH-000415,1,0.7662897109985352
ACH-001518,1,0.6340885162353516
ACH-002290,0,0.4092193841934204
ACH-000891,1,0.6471056342124939
ACH-001625,1,0.7448942065238953
ACH-001985,1,0.5323116183280945
ACH-000895,1,0.7046740055084229
ACH-000851,1,0.6965227723121643
ACH-000824,1,0.7885090112686157
ACH-000506,1,0.7422605752944946
ACH-001427,0,0.4800335168838501
ACH-000540,0,0.2059127390384674
ACH-000061,1,0.4350971579551697
ACH-000185,0,0.17030930519104004
ACH-000568,0,0.7207663059234619
ACH-000707,1,0.3518904745578766
ACH-000603,1,0.7946544289588928
ACH-000983,1,0.3842985928058624
ACH-000541,1,0.5267263054847717
ACH-000680,1,0.7470859289169312
ACH-002460,0,0.4537714719772339
ACH-000111,1,0.8202511668205261
ACH-002463,1,0.2339058667421341
ACH-000369,1,0.5119004845619202
ACH-002928,0,0.3114657998085022
ACH-000618,1,0.825137197971344
ACH-000470,1,0.7590575218200684
ACH-003150,0,0.39339789748191833
ACH-002039,1,0.7343897819519043
ACH-000118,1,0.7016794085502625
ACH-000614,0,0.26688069105148315
ACH-001338,0,0.4354963004589081
ACH-000432,0,0.45557093620300293
ACH-000556,0,0.5657247304916382
ACH-001804,1,0.1579940766096115
ACH-001386,1,0.7827895879745483
ACH-001060,1,0.4449971914291382
ACH-001525,1,0.6102744340896606
ACH-001539,1,0.4124622642993927
ACH-000014,0,0.58284592628479
ACH-002785,0,0.3083900213241577
ACH-000637,1,0.731621265411377
ACH-002693,1,0.4003477096557617
ACH-001855,0,0.6599092483520508
ACH-000455,1,0.5207773447036743
ACH-000389,0,0.6118823289871216
ACH-002710,1,0.3070341944694519
ACH-000129,0,0.6370917558670044
ACH-000490,0,0.7742612361907959
ACH-000434,1,0.5343868732452393
ACH-001086,0,0.6050423383712769
ACH-002042,1,0.6711267232894897
ACH-000597,0,0.2582628130912781
ACH-000756,1,0.4654717445373535
ACH-000396,1,0.594082772731781
ACH-003148,0,0.5367822051048279
ACH-000089,1,0.7195047736167908
ACH-002478,0,0.4493821859359741
ACH-000371,1,0.4613281190395355
ACH-000265,0,0.540057361125946
ACH-000132,1,0.8070310950279236
ACH-000216,1,0.80577152967453
ACH-000613,1,0.5650333166122437
ACH-000855,1,0.5403379797935486
ACH-000906,1,0.28546103835105896
ACH-000348,1,0.28569355607032776
ACH-001100,1,0.5109199285507202
ACH-000238,1,0.712592601776123
ACH-000237,1,0.4863148331642151
ACH-003099,1,0.7381328344345093
ACH-000393,1,0.4316326081752777
ACH-003107,0,0.5561203360557556
ACH-000623,1,0.2893063724040985
ACH-000359,0,0.42874565720558167
ACH-001028,1,0.22757893800735474
ACH-000621,1,0.5758825540542603
ACH-001641,1,0.6275709271430969
ACH-000056,0,0.5687899589538574
ACH-000483,1,0.7397361993789673
ACH-003308,0,0.5091424584388733
ACH-000514,1,0.7603651285171509
ACH-000051,0,0.4081380069255829
ACH-003433,1,0.7556179165840149
ACH-000043,0,0.3156249225139618
ACH-000936,1,0.7472923994064331
ACH-000716,1,0.67833012342453
ACH-000988,1,0.689974844455719
ACH-000952,0,0.6828126907348633
ACH-001350,1,0.7089019417762756
ACH-000065,0,0.5259082317352295
ACH-000609,0,0.44430258870124817
ACH-001411,1,0.597071647644043
ACH-000504,1,0.49396204948425293
ACH-002677,1,0.3138713538646698
ACH-000956,1,0.7314746379852295
ACH-001712,1,0.2738910913467407
ACH-000652,1,0.6752579808235168
ACH-000414,0,0.7147209644317627
ACH-000472,1,0.5872429609298706
ACH-000007,0,0.7763366103172302
ACH-000446,0,0.5936514139175415
ACH-003071,1,0.7251446843147278
ACH-000386,1,0.48200175166130066
ACH-001850,1,0.4104693531990051
ACH-000755,0,0.6442989706993103
ACH-001503,0,0.38751551508903503
ACH-000028,0,0.6567485332489014
ACH-000665,1,0.646263837814331
ACH-001679,0,0.45894476771354675
ACH-000078,0,0.45178163051605225
ACH-002046,1,0.4102102816104889
ACH-000397,1,0.6984835267066956
ACH-003145,0,0.41007283329963684
ACH-000229,0,0.07348452508449554
ACH-002925,0,0.3129710853099823
ACH-000518,1,0.7730347514152527
ACH-001566,0,0.3966628313064575
ACH-000252,1,0.7209092974662781
ACH-000572,0,0.384981632232666
ACH-001605,1,0.3203708827495575
ACH-002522,1,0.3939988315105438
ACH-000277,1,0.7307077050209045
ACH-001239,0,0.6594739556312561
ACH-000786,1,0.5110334157943726
ACH-000803,1,0.7603939175605774
ACH-001970,0,0.4421839118003845
ACH-002038,1,0.7683247923851013
ACH-000537,1,0.6160072684288025
ACH-002660,1,0.7891749143600464
ACH-002806,1,0.43768250942230225
ACH-000419,1,0.5440673828125
ACH-002782,0,0.3534805476665497
ACH-000724,1,0.6731844544410706
ACH-000522,1,0.3879280090332031
ACH-001549,1,0.5382379293441772
ACH-000706,1,0.8201766014099121
ACH-000737,0,0.7437366843223572
ACH-000548,1,0.6891546249389648
ACH-001839,0,0.6738646626472473
ACH-001799,0,0.33885473012924194
ACH-001573,1,0.49680235981941223
ACH-002946,0,0.539126455783844
ACH-000425,0,0.546698272228241
ACH-003103,0,0.4707571566104889
ACH-000375,0,0.2634578049182892
ACH-000753,1,0.5498597621917725
ACH-000275,0,0.19682839512825012
ACH-000735,0,0.8587083220481873
ACH-000654,1,0.5007068514823914
ACH-001067,0,0.5442333221435547
ACH-000170,0,0.6862872242927551
ACH-001394,1,0.7370097637176514
ACH-001433,1,0.44356855750083923
ACH-000404,0,0.48930683732032776
ACH-000882,0,0.5338804125785828
ACH-001509,1,0.7540585398674011
ACH-000210,0,0.4530044198036194
ACH-000254,1,0.829179048538208
ACH-000604,1,0.5710667967796326
ACH-000090,1,0.6335679292678833
ACH-000195,1,0.5476902723312378
ACH-001791,0,0.42198383808135986
ACH-001650,0,0.5332300066947937
ACH-000605,1,0.7987518906593323
ACH-000458,1,0.7991055250167847
ACH-003121,1,0.7830766439437866
ACH-003125,1,0.5222979187965393
ACH-002084,0,0.2616053819656372
ACH-000004,1,0.5474198460578918
ACH-000251,1,0.6622077226638794
ACH-000241,0,0.4789229929447174
ACH-001194,1,0.559411883354187
ACH-001987,0,0.32465028762817383
ACH-002055,1,0.27273911237716675
ACH-002689,0,0.5111033916473389
ACH-001443,1,0.25397875905036926
ACH-000688,1,0.4516008198261261
ACH-000405,1,0.5147340893745422
ACH-000821,1,0.6361793875694275
ACH-001677,0,0.49624067544937134
ACH-002526,1,0.6867610216140747
ACH-001627,0,0.8106110692024231
ACH-000951,1,0.8397700786590576
ACH-001036,0,0.45191046595573425
ACH-002792,1,0.42813384532928467
ACH-000547,0,0.6828123927116394
ACH-000826,1,0.828575849533081
ACH-001986,0,0.3067012429237366
ACH-001147,1,0.3539825677871704
ACH-002927,0,0.4452192783355713
ACH-002470,1,0.4482980966567993
ACH-000162,1,0.5329838395118713
ACH-003139,0,0.2556668817996979
ACH-001751,0,0.35494372248649597
ACH-000018,1,0.5487676858901978
ACH-000721,1,0.20829921960830688
ACH-000003,0,0.7040544748306274
ACH-000092,0,0.524025022983551
ACH-000669,1,0.873723030090332
ACH-001099,0,0.2477537840604782
ACH-000648,0,0.48336806893348694
ACH-000950,0,0.772831916809082
ACH-000050,0,0.5762695074081421
ACH-001106,1,0.34725141525268555
ACH-002051,1,0.7391527891159058
ACH-000367,0,0.5653190016746521
ACH-000589,1,0.7854323983192444
ACH-000564,0,0.5570839047431946
ACH-001522,0,0.37474796175956726
ACH-000831,1,0.5795469880104065
ACH-000424,1,0.45498743653297424
ACH-000409,1,0.6912376284599304
ACH-000616,1,0.397013783454895
ACH-000628,1,0.7997394800186157
ACH-000512,1,0.5794931054115295
ACH-000232,1,0.5165694952011108
ACH-000820,1,0.8204973936080933
ACH-001295,0,0.4154590666294098
ACH-001164,0,0.5870397090911865
ACH-000806,0,0.4451853036880493
ACH-002524,1,0.6048108339309692
ACH-000645,0,0.3701452314853668
ACH-000099,0,0.43644967675209045
ACH-000902,1,0.6548234820365906
ACH-000649,1,0.5074261426925659
ACH-000086,0,0.5055727362632751
ACH-000149,0,0.38358548283576965
ACH-002538,1,0.5795949101448059
ACH-000142,1,0.8369219899177551
ACH-002535,1,0.6625131964683533
ACH-000227,0,0.38247737288475037
ACH-000697,0,0.5620652437210083
ACH-000942,1,0.40409576892852783
ACH-000264,1,0.5832588076591492
ACH-000809,1,0.654472291469574
ACH-000093,0,0.7692718505859375
ACH-000100,1,0.45395544171333313
ACH-001445,1,0.5339628458023071
ACH-000060,1,0.7480156421661377
ACH-000001,1,0.8636182546615601
ACH-000957,0,0.7845271229743958
ACH-000650,1,0.3088783919811249
ACH-001096,0,0.2915760576725006
ACH-002799,0,0.7301368117332458
ACH-002404,1,0.39153289794921875
ACH-000239,1,0.7912240624427795
ACH-000762,1,0.8148235082626343
ACH-000922,0,0.5447199940681458
ACH-002784,1,0.19104313850402832
ACH-002653,0,0.4600479304790497
ACH-000859,1,0.7218747735023499
ACH-000990,1,0.6212396025657654
ACH-000410,0,0.34215426445007324
ACH-001971,0,0.42149674892425537
ACH-000927,1,0.7207798361778259
ACH-001853,0,0.6733109951019287
ACH-001978,0,0.3576793372631073
ACH-000694,1,0.8343588709831238
ACH-000935,0,0.418184757232666
ACH-000918,1,0.45616093277931213
ACH-001984,0,0.30565667152404785
ACH-000761,1,0.7026754021644592
ACH-001563,0,0.19134050607681274
ACH-000974,0,0.6419235467910767
ACH-000297,1,0.7646529674530029
ACH-001719,1,0.631060004234314
ACH-000243,1,0.8302717804908752
ACH-001418,1,0.7681320309638977
ACH-000362,0,0.416573703289032
ACH-000843,1,0.7183389067649841
ACH-002052,1,0.7292249202728271
ACH-000840,1,0.753381609916687
ACH-001852,1,0.57598876953125
ACH-001528,0,0.31840622425079346
ACH-001656,1,0.44448578357696533
ACH-000016,0,0.6411067247390747
ACH-000165,0,0.28665393590927124
ACH-001460,1,0.7805113792419434
ACH-000592,1,0.5968713760375977
ACH-001192,1,0.4990333616733551
ACH-000045,0,0.494089275598526
ACH-000741,1,0.8847382068634033
ACH-000912,1,0.6390436887741089
ACH-000529,0,0.2697630226612091
ACH-000508,1,0.7632442712783813
ACH-000577,1,0.6348331570625305
ACH-000768,1,0.6193569898605347
ACH-000636,1,0.5148882269859314
ACH-000667,1,0.5946216583251953
ACH-000905,1,0.7975040078163147
ACH-001494,1,0.6514526009559631
ACH-000387,1,0.5835317373275757
ACH-002510,0,0.30700984597206116
ACH-001303,0,0.4591690003871918
ACH-000026,0,0.49304044246673584
ACH-000838,0,0.5282526016235352
ACH-001172,1,0.5873751044273376
ACH-000822,0,0.4854067265987396
ACH-000531,0,0.08286958932876587
ACH-000349,0,0.6780651807785034
ACH-000527,0,0.6816030740737915
ACH-000279,1,0.4073500335216522
ACH-000516,1,0.5800471305847168
ACH-001662,1,0.6719401478767395
ACH-000812,1,0.49659064412117004
ACH-003157,0,0.11205553263425827
ACH-003464,0,0.35564884543418884
ACH-001300,0,0.2981363832950592
ACH-000524,1,0.7485676407814026
ACH-000611,1,0.5819219350814819
ACH-002419,0,0.2652416527271271
ACH-000411,0,0.4787580072879791
ACH-000718,1,0.8472213745117188
ACH-000903,1,0.4572705328464508
ACH-002021,0,0.6967995166778564
ACH-000433,0,0.5729487538337708
ACH-000499,1,0.5249404311180115
ACH-000278,1,0.7082924246788025
ACH-000202,1,0.46986547112464905
ACH-001736,1,0.3823917806148529
ACH-001379,1,0.7231407761573792
ACH-002070,1,0.6155045628547668
ACH-002794,1,0.2928335964679718
ACH-000128,1,0.6154683828353882
ACH-002528,0,0.5817378759384155
ACH-000696,1,0.6082596778869629
ACH-000041,1,0.4725949168205261
ACH-000214,0,0.23526054620742798
ACH-000747,1,0.35863232612609863
ACH-001307,1,0.554512619972229
ACH-000341,1,0.40345603227615356
ACH-001740,1,0.3147484362125397
ACH-000417,0,0.7879111766815186
ACH-001393,1,0.6133165955543518
ACH-000120,0,0.3690149188041687
ACH-001694,1,0.5365042090415955
ACH-001542,1,0.6817855834960938
ACH-002509,0,0.4791950285434723
ACH-000438,1,0.5408002138137817
ACH-001366,1,0.46704310178756714
ACH-000653,0,0.5604759454727173
ACH-000839,1,0.7835819721221924
ACH-000673,1,0.287595272064209
ACH-001524,1,0.7902100682258606
ACH-000069,0,0.46549174189567566
ACH-002996,1,0.5297992825508118
ACH-003142,0,0.4861678183078766
ACH-000323,1,0.34162387251853943
ACH-000021,1,0.7107775807380676
ACH-001863,1,0.6453261375427246
ACH-001996,1,0.7726046442985535
ACH-000980,1,0.6086585521697998
ACH-000106,0,0.5243911743164062
ACH-003156,0,0.676510751247406
ACH-000734,1,0.6795238256454468
ACH-000845,1,0.8044429421424866
ACH-001982,0,0.49049142003059387
ACH-000730,0,0.4522552788257599
ACH-001334,0,0.781730592250824
ACH-000698,1,0.8191824555397034
ACH-000802,1,0.6965415477752686
ACH-001836,1,0.6713005900382996
ACH-000573,1,0.6493718028068542
ACH-001699,1,0.6518355011940002
ACH-000963,1,0.743338406085968
ACH-001567,0,0.34877315163612366
ACH-001653,1,0.6875488758087158
ACH-000852,1,0.665492832660675
ACH-001862,0,0.5880137085914612
ACH-001976,0,0.39574363827705383
ACH-002665,1,0.6485067009925842
ACH-003153,0,0.7089159488677979
ACH-000661,0,0.3997953236103058
ACH-001500,1,0.5232383012771606
ACH-001190,1,0.546177089214325
ACH-002467,0,0.18718662858009338
ACH-000364,0,0.690336287021637
ACH-000448,0,0.6513591408729553
ACH-000979,1,0.5781745314598083
ACH-000932,0,0.21537910401821136
ACH-000783,1,0.7072170972824097
ACH-002044,1,0.6853103041648865
ACH-000301,1,0.540891706943512
ACH-002459,0,0.4770156443119049
ACH-000976,1,0.6003891825675964
ACH-001516,0,0.7149431109428406
ACH-001354,1,0.45046988129615784
ACH-001645,0,0.284089058637619
ACH-003135,0,0.40368616580963135
ACH-000867,1,0.7267944812774658
ACH-000304,0,0.2846545875072479
ACH-002069,0,0.44927549362182617
ACH-000931,0,0.3954020142555237
ACH-001374,0,0.5231441259384155
ACH-000302,1,0.7227846384048462
ACH-000305,1,0.7555147409439087
ACH-000072,1,0.5451582670211792
ACH-000766,1,0.8744908571243286
ACH-000533,0,0.35092347860336304
ACH-000343,1,0.5024287104606628
ACH-001437,0,0.6548616886138916
ACH-000171,1,0.5913220643997192
ACH-003475,1,0.7595233917236328
ACH-000173,1,0.8874848484992981
ACH-000535,1,0.8025200366973877
ACH-000774,1,0.8194265961647034
ACH-000178,0,0.7171577215194702
ACH-001306,1,0.5013027787208557
ACH-000994,1,0.6454097032546997
ACH-001188,0,0.48898714780807495
ACH-000372,0,0.5408037304878235
ACH-002886,0,0.7324604988098145
ACH-000804,0,0.29754433035850525
ACH-000011,0,0.4586324095726013
ACH-000733,1,0.7244447469711304
ACH-001603,0,0.4265349507331848
ACH-000829,0,0.4106317162513733
ACH-000141,1,0.8186801075935364
ACH-000810,1,0.34087714552879333
ACH-001994,1,0.6863683462142944
ACH-001145,1,0.6302304267883301
ACH-000717,1,0.8660920262336731
ACH-000738,1,0.4159533679485321
ACH-001843,0,0.3912413716316223
ACH-002664,1,0.6452372074127197
ACH-000780,1,0.7687452435493469
ACH-001548,0,0.43779659271240234
ACH-000759,0,0.68357253074646
ACH-001555,0,0.397040456533432
ACH-001369,1,0.6738941669464111
ACH-000969,1,0.7175126075744629
ACH-000873,1,0.8523515462875366
ACH-001275,0,0.2702063024044037
ACH-002654,1,0.810826301574707
ACH-002435,0,0.6119356751441956
ACH-001972,0,0.2987048029899597
ACH-000921,1,0.6674883365631104
ACH-003470,1,0.2780156433582306
ACH-001953,0,0.276850163936615
ACH-002843,0,0.20702867209911346
ACH-001373,1,0.5629851818084717
ACH-002800,0,0.6547136902809143
ACH-001022,0,0.31557345390319824
ACH-000082,0,0.26110440492630005
ACH-003105,0,0.5331911444664001
ACH-000488,1,0.740898609161377
ACH-000790,1,0.6790030002593994
ACH-000172,0,0.30328935384750366
ACH-000647,1,0.7227871417999268
ACH-000602,0,0.42943477630615234
ACH-003181,0,0.3992106318473816
ACH-002681,1,0.4115714430809021
ACH-001465,0,0.48143643140792847
ACH-003012,0,0.663189709186554
ACH-000156,0,0.5166933536529541
ACH-002001,0,0.4659360349178314
ACH-000315,1,0.4047710597515106
ACH-001678,0,0.4766499400138855
ACH-002446,1,0.492662638425827
ACH-000201,0,0.4770667850971222
ACH-000435,1,0.675790548324585
ACH-000965,1,0.6651418209075928
ACH-001550,1,0.5439206957817078
ACH-002026,0,0.5595994591712952
ACH-000883,1,0.48717784881591797
ACH-000482,1,0.7589736580848694
ACH-000450,0,0.42554333806037903
ACH-002672,1,0.7163107395172119
ACH-000835,1,0.5511034727096558
ACH-002431,0,0.36401671171188354
ACH-001802,0,0.4875814616680145
ACH-000629,0,0.3569646179676056
ACH-000715,1,0.8072803020477295
ACH-000870,1,0.6374998688697815
ACH-000910,0,0.6688973307609558
ACH-000779,1,0.8187065124511719
ACH-000140,0,0.7008224129676819
ACH-001196,1,0.41640347242355347
ACH-001484,0,0.4634384214878082
ACH-000693,1,0.663615882396698
ACH-000811,1,0.7549651265144348
ACH-000423,1,0.4814879298210144
ACH-000290,1,0.777808666229248
ACH-001847,0,0.6423822641372681
ACH-000492,0,0.4939163327217102
ACH-001519,0,0.2611755430698395
ACH-000110,1,0.8862378597259521
ACH-001497,1,0.5471739768981934
ACH-000102,1,0.37260669469833374
ACH-000817,1,0.6568415760993958
ACH-001556,0,0.435607373714447
ACH-000964,0,0.5342524647712708
ACH-000378,1,0.7748498320579529
ACH-000913,1,0.5926774740219116
ACH-000575,0,0.5974383354187012
ACH-000634,1,0.4390698969364166
ACH-002291,0,0.6020900011062622
ACH-001322,0,0.5422568917274475
ACH-002924,0,0.2107643485069275
ACH-000767,1,0.8144009709358215
ACH-001642,0,0.4723188579082489
ACH-001552,1,0.6391918063163757
ACH-000451,1,0.8572023510932922
ACH-000879,1,0.5077815651893616
ACH-001842,1,0.7701267600059509
ACH-002662,1,0.7424204349517822
ACH-001032,1,0.40615981817245483
ACH-000982,0,0.7470599412918091
ACH-001636,1,0.4057822823524475
ACH-000189,0,0.666451096534729
ACH-000454,1,0.6806896328926086
ACH-000131,0,0.15774013102054596
ACH-000660,0,0.5549033880233765
ACH-001197,1,0.4599950611591339
ACH-000915,1,0.313557505607605
ACH-000480,1,0.6755836009979248
ACH-000745,0,0.5238621234893799
ACH-000161,0,0.7042786478996277
ACH-000395,1,0.7162879109382629
ACH-001459,1,0.7204883098602295
ACH-000916,1,0.8505806922912598
ACH-001609,1,0.3062531054019928
ACH-001960,1,0.7861379981040955
ACH-002648,1,0.7284513711929321
ACH-001856,0,0.5552452206611633
ACH-003158,0,0.17932873964309692
ACH-002433,1,0.265544056892395
ACH-000295,1,0.5221244692802429
ACH-001485,0,0.4667392671108246
ACH-003269,0,0.5731226801872253
ACH-000292,1,0.4492959976196289
ACH-000137,1,0.6912416219711304
ACH-000308,1,0.8102732300758362
ACH-000445,1,0.5260324478149414
ACH-001229,0,0.6263319253921509
ACH-000144,1,0.8368730545043945
ACH-000837,1,0.6752156615257263
ACH-000048,1,0.348716139793396
ACH-000463,0,0.40364810824394226
ACH-000881,0,0.3382137715816498
ACH-000388,1,0.3555436432361603
ACH-001992,1,0.46936532855033875
ACH-000147,1,0.6798123121261597
ACH-000930,1,0.7044159770011902
ACH-000899,0,0.586667537689209
ACH-000366,1,0.46446192264556885
ACH-001571,0,0.3986854553222656
ACH-001526,0,0.4096028804779053
ACH-000064,0,0.8434813618659973
ACH-001329,0,0.22586335241794586
ACH-001676,1,0.45683762431144714
ACH-000418,1,0.5309754610061646
ACH-001280,1,0.2737067937850952
ACH-002922,1,0.5574721693992615
ACH-000861,1,0.6705516576766968
ACH-000692,1,0.7006136178970337
ACH-003137,0,0.39646920561790466
ACH-000107,1,0.7472459077835083
ACH-000133,1,0.4343394637107849
ACH-000306,0,0.20151755213737488
ACH-001530,0,0.6557217836380005
ACH-000651,1,0.6732821464538574
ACH-000563,1,0.590582013130188
ACH-000058,1,0.6469528675079346
ACH-000345,0,0.5050958395004272
ACH-000316,1,0.5319513082504272
ACH-000884,1,0.4944153130054474
ACH-000289,0,0.2171180099248886
ACH-001451,0,0.5122525691986084
ACH-003459,1,0.5180613398551941
ACH-002440,0,0.38001954555511475
ACH-000355,1,0.5913895964622498
ACH-002926,0,0.32216253876686096
ACH-000962,1,0.6377696394920349
ACH-000473,1,0.766048014163971
ACH-000192,1,0.8042621612548828
ACH-001624,0,0.23399870097637177
ACH-001989,0,0.2879365086555481
ACH-001807,0,0.14340358972549438
ACH-002532,1,0.71699458360672
ACH-002466,0,0.1904904991388321
ACH-001344,0,0.2345530092716217
ACH-001684,0,0.45478612184524536
ACH-000757,0,0.5963537693023682
ACH-000054,0,0.5392203330993652
ACH-001318,1,0.6849242448806763
ACH-000601,1,0.3183937668800354
ACH-000635,1,0.7507758140563965
ACH-001857,1,0.5217255353927612
ACH-000966,1,0.6244314312934875
ACH-000630,1,0.5890319347381592
ACH-000225,1,0.6164027452468872
ACH-002047,0,0.3308795690536499
ACH-000657,0,0.28845253586769104
ACH-000624,1,0.8626691102981567
ACH-000699,1,0.5193794965744019
ACH-000923,0,0.5163217782974243
ACH-000687,1,0.3890686631202698
ACH-000044,0,0.69036465883255
ACH-000740,1,0.7258286476135254
ACH-000447,1,0.7192184925079346
ACH-000101,1,0.538594126701355
ACH-001416,1,0.7222504615783691
ACH-000319,0,0.6262466907501221
ACH-000198,0,0.3908703029155731
ACH-000280,0,0.8609966039657593
ACH-003265,0,0.46999993920326233
ACH-000104,1,0.4853037893772125
ACH-001835,1,0.7065964341163635
ACH-000892,0,0.6023308634757996
ACH-000493,1,0.5114951729774475
ACH-000042,1,0.6663714647293091
ACH-002045,1,0.6663175821304321
ACH-000221,1,0.4214896261692047
ACH-000477,0,0.5423666834831238
ACH-000746,1,0.6144182682037354
ACH-000356,1,0.7063509821891785
ACH-000457,0,0.6079004406929016
ACH-000904,0,0.8128365874290466
ACH-002060,0,0.38233664631843567
ACH-003159,0,0.33721768856048584
ACH-001813,0,0.1077495664358139
ACH-000244,0,0.2206716388463974
ACH-000610,1,0.6406034827232361
ACH-000081,0,0.5059829354286194
ACH-003161,0,0.27813267707824707
ACH-000255,1,0.44454723596572876
ACH-001038,1,0.4896238446235657
ACH-000352,0,0.7486763000488281
ACH-002016,0,0.48850661516189575
ACH-000416,1,0.5138931274414062
ACH-000752,1,0.44796693325042725
ACH-000862,1,0.7259914875030518
ACH-000236,1,0.7215102314949036
ACH-000401,1,0.3623019754886627
ACH-000731,0,0.611670732498169
ACH-000875,1,0.818209171295166
ACH-000626,1,0.68772953748703
ACH-000593,1,0.6041045784950256
ACH-000182,0,0.8311496376991272
ACH-000442,1,0.6338451504707336
ACH-000159,0,0.49421000480651855
ACH-000907,1,0.5203927755355835
ACH-000191,1,0.7058643698692322
ACH-000205,0,0.8045341372489929
ACH-000103,1,0.8307847380638123
ACH-000739,0,0.5457589030265808
ACH-001558,0,0.6026351451873779
ACH-000206,0,0.45524635910987854
ACH-000841,1,0.7241438031196594
ACH-000615,1,0.39677149057388306
ACH-001613,0,0.42500072717666626
ACH-001608,1,0.3013639450073242
ACH-000801,0,0.48991838097572327
ACH-000539,0,0.2082567811012268
ACH-000464,1,0.4272731840610504
ACH-000622,1,0.5178746581077576
ACH-000452,1,0.748626708984375
ACH-001390,1,0.6679946184158325
ACH-001401,1,0.4278258979320526
ACH-000365,1,0.5038107633590698
ACH-001431,0,0.46266260743141174
ACH-000475,1,0.6701474189758301
ACH-000860,0,0.7000463604927063
ACH-000074,1,0.5637284517288208
ACH-000377,1,0.6862795352935791
ACH-001562,0,0.5747963786125183
ACH-001693,1,0.4776126444339752
ACH-003134,0,0.14580270648002625
ACH-000259,1,0.4352878928184509
ACH-001697,1,0.8087314963340759
ACH-002801,1,0.4837431311607361
ACH-001388,0,0.5874611735343933
ACH-001410,1,0.5884925127029419
ACH-002025,1,0.6793156266212463
ACH-002688,0,0.4891410171985626
ACH-000720,1,0.6561842560768127
ACH-000095,0,0.33608201146125793
ACH-001345,0,0.6455075144767761
ACH-000558,0,0.5320931673049927
ACH-000664,1,0.4221950173377991
ACH-000177,0,0.8022128343582153
ACH-001423,0,0.6086064577102661
ACH-000335,0,0.4797486662864685
ACH-000940,1,0.40153294801712036
ACH-003160,0,0.44172459840774536
ACH-000631,0,0.37517768144607544
ACH-000207,1,0.631462574005127
ACH-000764,1,0.4136856198310852
ACH-000995,1,0.5416138172149658
ACH-000373,1,0.4952235817909241
ACH-000953,1,0.5767757296562195
ACH-000709,0,0.4034367799758911
ACH-003463,0,0.29748737812042236
ACH-000846,1,0.8152397274971008
ACH-001702,0,0.5230270624160767
ACH-000333,0,0.7829634547233582
ACH-001708,0,0.47707584500312805
ACH-002059,0,0.4847271144390106
ACH-000929,1,0.8234775066375732
ACH-001395,0,0.6670742630958557
ACH-000948,0,0.7839122414588928
ACH-002015,0,0.37290510535240173
ACH-000981,1,0.5307942032814026
ACH-000617,1,0.7956085801124573
ACH-000311,1,0.6702525615692139
ACH-001210,0,0.22247545421123505
ACH-001834,1,0.7899206280708313
ACH-002010,0,0.30334600806236267
ACH-003143,0,0.4160847067832947
ACH-000390,1,0.8185827732086182
ACH-000468,0,0.5888540744781494
ACH-002651,0,0.6160978078842163
ACH-001061,1,0.7011696100234985
ACH-000077,0,0.46528857946395874
ACH-000456,1,0.6638185381889343
ACH-002703,1,0.7085885405540466
ACH-000496,1,0.6823621988296509
ACH-002512,0,0.35324886441230774
ACH-000062,1,0.820736825466156
ACH-002464,0,0.19908809661865234
ACH-000088,0,0.35673320293426514
ACH-000536,1,0.8057101964950562
ACH-000071,0,0.3521360754966736
ACH-002004,0,0.3748992085456848
ACH-000878,1,0.7207662463188171
ACH-001380,1,0.5172300338745117
ACH-002061,1,0.5653066039085388
ACH-000385,0,0.588307797908783
ACH-000412,1,0.6824327111244202
ACH-003474,1,0.559368908405304
ACH-000427,1,0.817955732345581
ACH-000938,0,0.48015183210372925
ACH-000462,0,0.505418062210083
ACH-000939,1,0.5099100470542908
ACH-000325,1,0.748100757598877
ACH-000515,1,0.6779980659484863
ACH-001033,0,0.31122201681137085
ACH-000919,0,0.7855128049850464
ACH-000863,0,0.6212199926376343
ACH-000642,0,0.8421701788902283
ACH-000581,1,0.7680188417434692
ACH-001435,0,0.44436806440353394
ACH-001050,0,0.30831071734428406
ACH-001818,0,0.09359659999608994
ACH-001384,1,0.3875139653682709
ACH-000797,0,0.08546053618192673
ACH-000220,1,0.457744836807251
ACH-001533,1,0.5074145793914795
ACH-001508,1,0.8041207194328308
ACH-000827,0,0.4951322674751282
ACH-003119,1,0.8006809949874878
ACH-000961,1,0.7680850625038147
ACH-000778,1,0.6807695031166077
ACH-000825,1,0.5925038456916809
ACH-000743,1,0.750688910484314
ACH-000190,1,0.4302912950515747
ACH-001819,1,0.7416403293609619
ACH-000157,1,0.5938661098480225
ACH-001786,0,0.7435408234596252
ACH-000253,1,0.7894555926322937
ACH-001376,1,0.7905786037445068
ACH-000958,0,0.7667609453201294
ACH-000228,1,0.8724879026412964
ACH-000266,1,0.6156219244003296
ACH-001750,1,0.2924521565437317
ACH-000174,1,0.5383002161979675
ACH-000245,1,0.3856724798679352
ACH-001279,0,0.3648507595062256
ACH-000620,0,0.7749861478805542
ACH-000813,1,0.7124269604682922
ACH-001513,1,0.6719321608543396
ACH-000168,1,0.4730897545814514
ACH-000257,1,0.804222583770752
ACH-000211,1,0.6268792152404785
ACH-000283,0,0.4198835492134094
ACH-002401,1,0.6794473528862
ACH-002041,1,0.6583689451217651
ACH-000987,1,0.4344148337841034
ACH-003465,1,0.3699544668197632
ACH-000682,1,0.8505415320396423
ACH-000073,0,0.5640743970870972
ACH-000212,1,0.5928230881690979
ACH-000096,0,0.42978566884994507
ACH-002500,0,0.505352258682251
ACH-001440,0,0.7673229575157166
ACH-000063,0,0.23251120746135712
ACH-002942,0,0.4242834448814392
ACH-001999,1,0.6561131477355957
ACH-000776,0,0.7603293657302856
ACH-000521,1,0.5824046730995178
ACH-000299,0,0.38995882868766785
ACH-000025,0,0.4484735429286957
ACH-000591,1,0.38227948546409607
ACH-001716,0,0.290200412273407
ACH-000833,1,0.4312152862548828
ACH-001628,1,0.5597453713417053
ACH-000398,1,0.5412868857383728
ACH-000274,0,0.46723034977912903
ACH-001370,1,0.5613861680030823
ACH-001700,1,0.7251510620117188
ACH-000029,1,0.7664640545845032
ACH-001849,1,0.5710875988006592
ACH-000644,0,0.5099544525146484
ACH-001422,0,0.7592639923095703
ACH-000588,1,0.5193853378295898
ACH-000849,1,0.7840757966041565
ACH-002690,0,0.5665311217308044
ACH-000219,0,0.5825425386428833
ACH-000150,1,0.8186693787574768
ACH-001845,0,0.5521915555000305
ACH-002643,0,0.48898249864578247
ACH-000384,0,0.7444479465484619
ACH-001053,1,0.48358333110809326
ACH-001274,0,0.5021036863327026
ACH-000091,1,0.6631630063056946
ACH-002932,1,0.6784049868583679
ACH-002014,0,0.3905078172683716
ACH-001634,0,0.5176280736923218
ACH-002531,0,0.772137463092804
ACH-000495,0,0.5041282773017883
ACH-000911,1,0.749167799949646
ACH-000013,1,0.7394563555717468
ACH-002667,1,0.6599204540252686
ACH-000777,1,0.6621622443199158
ACH-001765,1,0.34240803122520447
ACH-000312,1,0.5310795903205872
ACH-000085,1,0.6753495335578918
ACH-000436,0,0.5546420216560364
ACH-000869,1,0.7509417533874512
ACH-003061,1,0.7031967639923096
ACH-003471,0,0.7247101068496704
ACH-000267,0,0.4440363049507141
ACH-000489,1,0.8280513286590576
ACH-000431,1,0.6000229716300964
ACH-000152,1,0.31732669472694397
ACH-000909,0,0.323665052652359
ACH-000534,1,0.5651146173477173
ACH-001489,1,0.6511103510856628
ACH-000582,1,0.3585541844367981
ACH-000460,1,0.8048496842384338
ACH-000443,1,0.8720661997795105
ACH-001570,0,0.520219624042511
ACH-000986,1,0.7255039811134338
ACH-001335,0,0.76088547706604
ACH-000023,1,0.43005040287971497
ACH-002062,0,0.40970391035079956
ACH-002462,0,0.2527901232242584
ACH-000151,0,0.5684645771980286
ACH-001277,1,0.345583438873291
ACH-000607,0,0.46135857701301575
ACH-002647,0,0.7186176180839539
ACH-000703,1,0.7978813052177429
ACH-001211,0,0.4357665777206421
ACH-003152,0,0.3035731911659241
ACH-001511,1,0.7983170747756958
ACH-000113,0,0.5485488772392273
ACH-000337,1,0.7564412355422974
ACH-000598,0,0.5635993480682373
ACH-000057,0,0.47318005561828613
ACH-000281,1,0.7958806753158569
ACH-000321,1,0.4629337787628174
ACH-000985,1,0.7599460482597351
ACH-000444,0,0.6097525358200073
ACH-000347,1,0.7572910189628601
ACH-001399,1,0.6239279508590698
ACH-001097,0,0.3010392189025879
ACH-000127,1,0.6106854677200317
ACH-001961,1,0.7212172150611877
ACH-001796,0,0.24092330038547516
ACH-000307,1,0.5876359939575195
ACH-001030,0,0.5051509737968445
ACH-002485,1,0.4685050845146179
ACH-000595,1,0.47861289978027344
ACH-001540,0,0.2860679626464844
ACH-000298,1,0.7766686081886292
ACH-000771,1,0.5993878245353699
ACH-000500,1,0.7282430529594421
ACH-000353,1,0.6634436845779419
ACH-000363,1,0.5385647416114807
ACH-000350,0,0.747638463973999
ACH-000053,1,0.35908442735671997
ACH-001543,1,0.7279201745986938
ACH-000663,0,0.5138987898826599
ACH-000346,0,0.46929967403411865
ACH-000970,1,0.8324214220046997
ACH-002543,1,0.6457412838935852
ACH-001333,1,0.33943915367126465
ACH-000794,1,0.5490860342979431
ACH-000039,0,0.44563016295433044
ACH-000471,0,0.6236592531204224
ACH-000850,0,0.20858317613601685
ACH-000291,1,0.6462960839271545
ACH-001453,0,0.8117012977600098
ACH-001458,1,0.7101486921310425
ACH-000886,1,0.8384475111961365
ACH-000888,1,0.7353578209877014
ACH-000659,1,0.7246715426445007
ACH-000030,1,0.708694577217102
ACH-001201,1,0.5044182538986206
ACH-000271,1,0.49120819568634033
ACH-002676,0,0.5003189444541931
ACH-000549,1,0.6552474498748779
ACH-000555,0,0.544181764125824
ACH-000478,1,0.4795759916305542
ACH-000775,1,0.8211337327957153
ACH-002214,0,0.4371106028556824
ACH-000038,0,0.5010877847671509
ACH-001109,0,0.17422789335250854
ACH-001442,1,0.5545923113822937
ACH-000559,1,0.7830167412757874
ACH-000510,0,0.48187056183815
ACH-002065,0,0.4548543691635132
ACH-000676,1,0.38588380813598633
ACH-002659,1,0.7476740479469299
ACH-000844,1,0.7447734475135803
ACH-002403,1,0.436134934425354
ACH-002787,0,0.39511555433273315
ACH-002497,1,0.5762922763824463
ACH-002798,0,0.20822051167488098
ACH-000925,0,0.8080292344093323
ACH-002465,0,0.22084546089172363
ACH-000272,0,0.491675466299057
ACH-001035,1,0.5226221084594727
ACH-003457,0,0.41591161489486694
ACH-000513,0,0.5047672986984253
ACH-001059,0,0.4762103855609894
ACH-000959,1,0.7009333968162537
ACH-002283,1,0.3137241303920746
ACH-000169,1,0.48791253566741943
ACH-001402,0,0.4250876009464264
ACH-000796,1,0.7569785714149475
ACH-000143,1,0.5298081636428833
ACH-000067,1,0.50347501039505
ACH-000640,0,0.5601646900177002
ACH-001591,1,0.7013949155807495
ACH-001674,1,0.33247601985931396
ACH-001698,1,0.5575940608978271
ACH-002002,0,0.450456827878952
ACH-002011,0,0.30576908588409424
ACH-003268,0,0.43649789690971375
ACH-000967,1,0.7256669998168945
ACH-000469,1,0.4738781452178955
ACH-001353,1,0.5645761489868164
ACH-001574,0,0.4490587115287781
ACH-000097,0,0.8371753096580505
ACH-000256,1,0.5964450240135193
ACH-000977,0,0.6870757341384888
ACH-000972,0,0.6014392971992493
ACH-001367,1,0.37118634581565857
ACH-000382,1,0.7742912769317627
ACH-003476,1,0.4271385371685028
ACH-000579,0,0.5321358442306519
ACH-002035,0,0.663619339466095
ACH-001532,0,0.33653736114501953
ACH-000695,1,0.6926671266555786
ACH-001795,0,0.48430734872817993
ACH-001510,1,0.5790757536888123
ACH-000502,1,0.7636032700538635
ACH-000183,1,0.5627219080924988
ACH-000408,1,0.6971408724784851
ACH-001496,1,0.7456393241882324
ACH-000788,1,0.4867994487285614
ACH-002405,0,0.3847399950027466
ACH-002409,1,0.4347982704639435
ACH-001622,0,0.28480422496795654
ACH-000466,1,0.8450067043304443
ACH-001560,0,0.2705797553062439
ACH-001019,0,0.6675778031349182
ACH-003111,0,0.1747015118598938
ACH-000005,1,0.5210283994674683
ACH-001687,0,0.4019128680229187
ACH-001151,0,0.7832409739494324
ACH-000701,1,0.6491096019744873
ACH-000542,0,0.4621405005455017
ACH-000126,0,0.49732810258865356
ACH-001685,0,0.48023056983947754
ACH-000933,0,0.7008251547813416
ACH-000068,1,0.5490924119949341
ACH-000015,1,0.5761079788208008
ACH-001111,1,0.4212809205055237
ACH-000487,1,0.5353594422340393
ACH-000122,1,0.5926668047904968
ACH-000288,1,0.4330187141895294
ACH-001820,1,0.6577487587928772
ACH-000782,1,0.39087817072868347
ACH-001632,1,0.6334648132324219
ACH-002399,1,0.8148266673088074
ACH-000357,1,0.5428345799446106
ACH-000079,1,0.46524524688720703
ACH-001031,0,0.4546798765659332
ACH-001064,1,0.32792404294013977
ACH-002802,0,0.3807234764099121
ACH-001048,1,0.83661288022995
ACH-000453,1,0.6222031712532043
ACH-003155,0,0.5905190110206604
ACH-000791,1,0.7120473980903625
ACH-000567,1,0.6294894218444824
ACH-001391,1,0.3144240975379944
ACH-001075,0,0.8290016651153564
ACH-000105,0,0.4945131242275238
ACH-000557,1,0.5413844585418701
ACH-000175,0,0.23332607746124268
ACH-001356,1,0.4613158404827118
ACH-001844,1,0.6258101463317871
ACH-001346,1,0.8022623062133789
ACH-000885,0,0.5344301462173462
ACH-000900,1,0.5398791432380676
ACH-000666,1,0.552300214767456
ACH-001428,1,0.47436532378196716
ACH-000217,1,0.6202805042266846
ACH-000872,1,0.6471302509307861
ACH-001974,0,0.2875850796699524
ACH-002020,1,0.6928471326828003
ACH-001638,0,0.48496463894844055
ACH-001228,0,0.7363471984863281
ACH-000181,1,0.7070616483688354
ACH-000115,1,0.6756513118743896
ACH-000130,0,0.5299987196922302
ACH-000121,1,0.7653465270996094
ACH-001711,1,0.40832820534706116
ACH-000934,1,0.8176920413970947
ACH-000996,1,0.8258678317070007
ACH-001529,0,0.5920310616493225
ACH-001743,0,0.5134238600730896
ACH-000320,1,0.6255267262458801
ACH-000505,1,0.3239057958126068
ACH-000781,1,0.7563761472702026
ACH-000059,0,0.46333980560302734
ACH-000920,1,0.5523868203163147
ACH-000294,1,0.47321370244026184
ACH-000422,1,0.5368919372558594
ACH-000200,0,0.4930915832519531
ACH-000046,0,0.5607189536094666
ACH-000968,0,0.3129432201385498
ACH-000830,1,0.6984107494354248
ACH-000114,1,0.8854444026947021
ACH-000402,1,0.48887521028518677
ACH-001578,1,0.6179096102714539
ACH-000036,0,0.3650904893875122
ACH-000973,1,0.46448275446891785
ACH-001128,0,0.328412264585495
ACH-003437,1,0.7096884250640869
ACH-000750,0,0.27683889865875244
ACH-000285,1,0.5370107889175415
ACH-002669,1,0.5673993825912476
ACH-001858,1,0.7525684237480164
ACH-001997,1,0.8187829852104187
ACH-000052,1,0.5221017003059387
