run,fold,epoch,train_loss,val_loss,val_auc,val_f1,lr
v2_thr05,0,1,0.5760594014546907,0.6541932376463022,0.6522360628956503,0.7272727272727273,0.001
v2_thr05,0,2,0.5530033278800777,0.7264681218275383,0.6388605268531755,0.17777777777777778,0.001
v2_thr05,0,3,0.5463380872312091,0.6569092404189988,0.6873596079232184,0.711864406779661,0.001
v2_thr05,0,4,0.5406965109058505,0.709646476441948,0.6694915254237289,0.28,0.001
v2_thr05,0,5,0.5373857038631288,0.6267514015311626,0.7009393506228303,0.7471698113207547,0.001
v2_thr05,0,6,0.533700874476655,0.6287535055359798,0.7069634470083725,0.7340823970037453,0.001
v2_thr05,0,7,0.5350844483157471,0.6639853567626346,0.6833775781090462,0.6699029126213593,0.001
v2_thr05,0,8,0.536411275964299,0.7693941201736678,0.6624463957525014,0.16296296296296298,0.001
v2_thr05,0,9,0.5319490057916734,0.6187789641802584,0.7100265468654278,0.7224334600760456,0.001
v2_thr05,0,10,0.5275332207415538,0.6371633828575931,0.7146211966510109,0.7247706422018348,0.001
v2_thr05,0,11,0.5334987031752956,0.6818828345531255,0.7005309373085562,0.732484076433121,0.001
v2_thr05,0,12,0.5316527221636911,0.6514484063902898,0.7057382070655503,0.6764705882352942,0.001
v2_thr05,0,13,0.5309461035692807,0.8287357169004222,0.6753114151521339,0.064,0.001
v2_thr05,0,14,0.5323087508571493,0.622310451014125,0.7035940371656116,0.7509293680297398,0.001
v2_thr05,0,15,0.5274662145314346,0.6172960622986751,0.7098223402082908,0.7364341085271318,0.001
v2_thr05,0,16,0.5281439975572451,1.194165168116935,0.5379824382274863,0.0,0.001
v2_thr05,0,17,0.5278418224530987,0.6523770455697283,0.7047171737798652,0.65,0.001
v2_thr05,0,18,0.5244169790386211,1.1076994179493158,0.5110271594853992,0.049586776859504134,0.001
v2_thr05,0,19,0.5275311148680399,0.8083824992772952,0.7144169899938739,0.7398119122257053,0.001
v2_thr05,0,20,0.5508422086190632,0.6225791973854179,0.7097202368797223,0.7407407407407407,0.001
v2_thr05,0,21,0.5252431935664322,0.6154934944798104,0.7141106800081682,0.7445255474452555,0.001
v2_thr05,0,22,0.51946495888835,0.6117153404957026,0.7219726363079437,0.7531380753138075,0.0005
v2_thr05,0,23,0.5197941590110357,0.6074586009504783,0.7210537063508271,0.7469879518072289,0.0005
v2_thr05,0,24,0.5207999664749507,0.6777881840568277,0.7044108637941596,0.7378640776699029,0.0005
v2_thr05,0,25,0.5219200715068777,0.6095351745833212,0.7216663263222381,0.7419354838709677,0.0005
v2_thr05,0,26,0.5217510281735172,0.6453110756565682,0.7055340004084133,0.7075471698113207,0.0005
v2_thr05,0,27,0.5176899596170679,0.6091565089439278,0.7168674698795181,0.7415730337078652,0.0005
v2_thr05,0,28,0.5196670523943772,0.7859224608881556,0.6772513783949357,0.2127659574468085,0.0005
v2_thr05,0,29,0.5187157161317589,0.6071397676989807,0.7181948131509087,0.7441860465116279,0.0005
v2_thr05,0,30,0.5219387630674015,0.6190059149443213,0.7081886869511946,0.7292418772563177,0.0005
v2_thr05,0,31,0.5182025382260849,0.6055392744529307,0.7227894629364918,0.7607843137254902,0.0005
v2_thr05,0,32,0.5174714152290827,0.6047592542657805,0.7260567694506841,0.7372262773722628,0.0005
v2_thr05,0,33,0.5138924015438546,0.6406233180221633,0.7199305697365734,0.6893203883495146,0.0005
v2_thr05,0,34,0.518253587376369,0.609331837934048,0.720236879722279,0.7569721115537849,0.0005
v2_thr05,0,35,0.517886681156192,0.6285549230243436,0.7147232999795793,0.7368421052631579,0.0005
v2_thr05,0,36,0.5197298545636099,0.6158850560733928,0.7225852562793547,0.7375886524822695,0.0005
v2_thr05,0,37,0.5187647936631423,0.6394573467880932,0.7195221564222993,0.6926829268292682,0.0005
v2_thr05,0,38,0.5137994613632783,0.6255843176770566,0.7139064733510312,0.7420814479638009,0.0005
v2_thr05,0,39,0.5159417608115583,0.7813487171533688,0.6754135184807024,0.2361111111111111,0.0005
v2_thr05,0,40,0.5164684077680582,0.8944541209965796,0.6464161731672453,0.10687022900763359,0.0005
v2_thr05,0,41,0.5164729245105331,0.6059627390619534,0.7237083928936083,0.7591836734693878,0.0005
v2_thr05,0,42,0.5128605651457055,0.6452518814238742,0.7051255870941393,0.7214611872146118,0.0005
v2_thr05,0,43,0.5178225278434988,0.6748875195707255,0.693281600980192,0.6224489795918368,0.0005
v2_thr05,0,44,0.5129106473062996,0.605774846243028,0.7268735960792322,0.75,0.00025
v2_thr05,0,45,0.5159901656282504,0.6934786696932209,0.7077802736369206,0.5573770491803278,0.00025
v2_thr05,0,46,0.5118036463581478,0.6255585921937553,0.7280988360220544,0.7440273037542662,0.00025
v2_thr05,0,47,0.5121747950450726,0.6059575507889933,0.7267714927506637,0.7518248175182481,0.00025
v2_thr05,0,48,0.5129289735852361,0.5971965576285747,0.729426179293445,0.7450980392156863,0.00025
v2_thr05,0,49,0.5132092519506826,0.6239898026879154,0.7308556258934041,0.7308970099667774,0.00025
v2_thr05,0,50,0.5123947956316703,0.6988511559975088,0.7003267306514193,0.5621621621621622,0.00025
v2_thr05,0,51,0.5123204492432252,0.619633157454913,0.7239125995507454,0.7372013651877133,0.00025
v2_thr05,0,52,0.5086573370213874,0.6912267291130711,0.7115580967939555,0.5652173913043478,0.00025
v2_thr05,0,53,0.5125071631257956,0.6741673151652018,0.7111496834796814,0.5894736842105263,0.00025
v2_thr05,0,54,0.5117665798179707,0.6047153283114457,0.7257504594649785,0.7557251908396947,0.00025
v2_thr05,0,55,0.5105276634112302,0.638621059816275,0.72564835613641,0.7402597402597403,0.00025
v2_thr05,0,56,0.5159155169441287,0.6061301302554002,0.7259546661221158,0.7468879668049793,0.00025
v2_thr05,0,57,0.5100378276175748,0.6084866262787018,0.7316724525219523,0.75177304964539,0.00025
v2_thr05,0,58,0.5128604456218797,0.5990032129619846,0.7326934858076374,0.7615384615384615,0.00025
v2_thr05,0,59,0.5106087738259801,0.6507218916024735,0.7064529303655299,0.7081339712918661,0.00025
v2_thr05,0,60,0.511723076343117,0.6019935773972848,0.730038799264856,0.7540983606557377,0.00025
v2_thr05,0,61,0.5109639097014959,0.6522899528047932,0.7155401266081274,0.6798029556650246,0.00025
v2_thr05,0,62,0.5119781736595754,0.6413542358436395,0.7276904227077802,0.7450980392156863,0.00025
v2_thr05,0,63,0.5142946763843849,0.6197540890518113,0.7218705329793752,0.7207207207207207,0.00025
v2_thr05,0,64,0.5084866221892592,0.6376925985611493,0.7190116397794568,0.6730769230769231,0.00025
v2_thr05,0,65,0.5095147797698606,0.617140950255133,0.720441086379416,0.7400881057268722,0.00025
v2_thr05,0,66,0.5080487017266668,0.6071600747938773,0.7269756994078007,0.7207207207207207,0.00025
v2_thr05,0,67,0.5070159334882688,0.5951126630033426,0.7380028588931998,0.7518796992481203,0.00025
v2_thr05,0,68,0.5155746909276162,0.5970678021065632,0.7320808658362264,0.7630522088353414,0.00025
v2_thr05,0,69,0.5103277438234214,0.6023053601013487,0.7308556258934041,0.7575757575757576,0.00025
v2_thr05,0,70,0.5091698512815024,0.6108545189473167,0.7356544823361241,0.7448275862068966,0.00025
v2_thr05,0,71,0.5080762027436008,0.6031033340378187,0.7326934858076374,0.7482014388489209,0.00025
v2_thr05,0,72,0.5061056856901476,0.6146204507172998,0.7219726363079436,0.7288888888888889,0.00025
v2_thr05,0,73,0.5103429750381275,0.6216440295698631,0.7303451092505615,0.7432432432432432,0.00025
v2_thr05,0,74,0.5112767885312136,0.6303663277507421,0.7327955891362059,0.7458745874587459,0.00025
v2_thr05,0,75,0.513014969379103,0.6020128904883542,0.7276904227077803,0.7606837606837606,0.00025
v2_thr05,0,76,0.514673914580148,0.6521799552499952,0.720441086379416,0.6532663316582915,0.00025
v2_thr05,0,77,0.509907314781568,0.6077310884769876,0.7261588727792525,0.7467811158798283,0.00025
v2_thr05,0,78,0.5136235266163774,0.611924731316258,0.7313661425362467,0.7482517482517482,0.00025
v2_thr05,0,79,0.5084979384744388,0.6030116769211802,0.734633449050439,0.7581227436823105,0.000125
v2_thr05,0,80,0.5086012044913326,0.6030795514880128,0.7253420461507045,0.7421875,0.000125
v2_thr05,0,81,0.5077757922934144,0.603573732708224,0.7261588727792525,0.7457627118644068,0.000125
v2_thr05,0,82,0.5084386742104536,0.6068855162283674,0.7243210128650194,0.7345132743362832,0.000125
v2_thr05,0,83,0.5070892967932457,0.6044614564126997,0.7239125995507454,0.7394957983193278,0.000125
v2_thr05,0,84,0.5058125992982977,0.6018407665081879,0.724627322850725,0.746031746031746,0.000125
v2_thr05,0,85,0.5081806282988743,0.6095179728607634,0.7228405146007759,0.7280701754385965,0.000125
v2_thr05,0,86,0.5043264897695842,0.6149495846003442,0.7237083928936083,0.730593607305936,0.000125
v2_thr05,0,87,0.5056424044996579,0.5998073264734068,0.7319787625076577,0.7531380753138075,0.000125
v2_thr05,0,88,0.5057035429286872,0.6061175830328642,0.7263630794363896,0.7532467532467533,0.000125
v2_thr05,0,89,0.5060817931394569,0.6032403499925908,0.7243210128650194,0.7479674796747967,0.000125
v2_thr05,0,90,0.5023357386953913,0.5987020084513953,0.7287114559934654,0.75,6.25e-05
v2_thr05,0,91,0.5076149047836465,0.6055853354990186,0.7250357361649991,0.75,6.25e-05
v2_thr05,0,92,0.5084181073577968,0.6046768587027023,0.725852562793547,0.7565217391304347,6.25e-05
v2_thr05,0,93,0.5075893188214868,0.5988213173785613,0.7291198693077394,0.7538461538461538,6.25e-05
v2_thr05,0,94,0.5051055075625317,0.5986369830458912,0.729221972636308,0.752,6.25e-05
v2_thr05,0,95,0.5079604644941046,0.5984441036015601,0.729426179293445,0.7413127413127413,6.25e-05
v2_thr05,0,96,0.5067261393487505,0.5984462410656374,0.7305493159076987,0.7470817120622568,6.25e-05
v2_thr05,0,97,0.5057367221661168,0.6003242298145199,0.7274862160506432,0.7468879668049793,6.25e-05
v2_thr05,1,1,0.5707292281543359,0.6813983632557428,0.5835212133633942,0.6616541353383458,0.001
v2_thr05,1,2,0.5552166378487593,0.7067968074362077,0.6613035458085674,0.24285714285714285,0.001
v2_thr05,1,3,0.5444169955601688,0.6872683994805635,0.6931748309079729,0.389937106918239,0.001
v2_thr05,1,4,0.5489445933670776,0.946890114551753,0.6549497847919655,0.0,0.001
v2_thr05,1,5,0.5387866813673088,0.9611810427993092,0.6595613855298218,0.0,0.001
v2_thr05,1,6,0.5407860489822629,0.6425309062597171,0.6517729042836647,0.706766917293233,0.001
v2_thr05,1,7,0.5314927459706732,1.0381344562739283,0.6914326706292273,0.0,0.001
v2_thr05,1,8,0.5385016352331418,1.0172585776789271,0.6724738675958188,0.0,0.001
v2_thr05,1,9,0.5367086666555078,1.0054446263099783,0.663558106169297,0.0,0.001
v2_thr05,1,10,0.541604152140957,0.7798717840393977,0.7156179544988727,0.12598425196850394,0.001
v2_thr05,1,11,0.530532022631787,0.6676907088626084,0.6342488214798114,0.6612903225806451,0.001
v2_thr05,1,12,0.5285680724951711,0.8716742055333075,0.58782537405206,0.7412140575079872,0.001
v2_thr05,1,13,0.5339507077908243,0.7479181882753894,0.6164172986267678,0.7412140575079872,0.001
v2_thr05,1,14,0.5319040719101905,0.6427985755958368,0.6654027464644394,0.7265917602996255,0.001
v2_thr05,1,15,0.5323605884453028,0.6108649358227478,0.7104939536790326,0.6970954356846473,0.001
v2_thr05,1,16,0.5347399007571614,0.6351484327173945,0.6710391473662636,0.6808510638297872,0.001
v2_thr05,1,17,0.5291682379541423,0.63668543070703,0.7088542734166838,0.6509433962264151,0.001
v2_thr05,1,18,0.5376748095611364,1.3286174612851878,0.6592539454806312,0.0,0.001
v2_thr05,1,19,0.5275107671423973,0.7508365123426143,0.7450297192047551,0.18045112781954886,0.001
v2_thr05,1,20,0.5253323445796128,0.6044199905585294,0.7225865956138554,0.7142857142857143,0.001
v2_thr05,1,21,0.5345923444002264,0.6292959611807296,0.7340643574502972,0.6633663366336634,0.001
v2_thr05,1,22,0.5342196002274935,0.6961988643627262,0.7477966796474688,0.3443708609271523,0.001
v2_thr05,1,23,0.5308885626239324,0.6388778591630471,0.6742160278745646,0.7364620938628159,0.001
v2_thr05,1,24,0.5364614209797472,1.1696828823184493,0.6809797089567534,0.0,0.001
v2_thr05,1,25,0.5279278526100655,0.6507905134514197,0.7340643574502972,0.6091370558375635,0.001
v2_thr05,1,26,0.5242819523433897,0.6534496041672739,0.6730887476941997,0.7266187050359713,0.001
v2_thr05,1,27,0.5247100834114675,0.6497096446023058,0.7494363599098176,0.6073298429319371,0.001
v2_thr05,1,28,0.5292009886357485,0.6281701605118329,0.7029104324656693,0.7544483985765125,0.001
v2_thr05,1,29,0.5262792019751791,0.6855597187630573,0.7470793195326911,0.43636363636363634,0.001
v2_thr05,1,30,0.5260368522155043,0.6221500059858484,0.7243287558926009,0.6818181818181818,0.001
v2_thr05,1,31,0.5247991555284385,0.6063397772869661,0.7244312359089978,0.7697841726618705,0.001
v2_thr05,1,32,0.5255471831785553,0.6092771060431181,0.7100840336134454,0.6942148760330579,0.001
v2_thr05,1,33,0.5229120426463159,0.7665365086266057,0.7407255585160893,0.2463768115942029,0.001
v2_thr05,1,34,0.5282123791301261,0.6834766591959331,0.7469768395162943,0.4484848484848485,0.001
v2_thr05,1,35,0.532104355442807,0.6678215686361588,0.7530231604837057,0.5363128491620112,0.001
v2_thr05,1,36,0.5191186436352859,0.6640630124220207,0.7511785201885632,0.5333333333333333,0.001
v2_thr05,1,37,0.524366905632623,0.6453104375013664,0.7426726788276286,0.6192893401015228,0.001
v2_thr05,1,38,0.5241116662767757,0.7352674920760577,0.7564050010248002,0.3194444444444444,0.001
v2_thr05,1,39,0.5219638486545969,1.254574666568889,0.6817995490879278,0.0,0.001
v2_thr05,1,40,0.5266974388294925,0.6537090320492265,0.7470793195326911,0.5925925925925926,0.001
v2_thr05,1,41,0.525946293992753,0.7241743381936752,0.7489239598278337,0.29931972789115646,0.001
v2_thr05,1,42,0.5221093681525429,0.7316792853436067,0.7519983603197377,0.2695035460992908,0.001
v2_thr05,1,43,0.5174342541707223,0.6373940652875758,0.6778028284484525,0.7692307692307693,0.001
v2_thr05,1,44,0.52075049582551,0.609025547160438,0.738368518138963,0.6851851851851852,0.001
v2_thr05,1,45,0.519709017366931,0.5895957567205476,0.7398032383685181,0.7569721115537849,0.001
v2_thr05,1,46,0.5299128357422593,0.6623468470217576,0.7584546013527362,0.5363128491620112,0.001
v2_thr05,1,47,0.5199803013285735,0.602593419563711,0.7285304365648699,0.6896551724137931,0.001
v2_thr05,1,48,0.520394678271016,0.6692793096475933,0.7638860422217669,0.49411764705882355,0.001
v2_thr05,1,49,0.5192584512049206,0.6177445715339622,0.7618364418938305,0.6896551724137931,0.001
v2_thr05,1,50,0.5210518929763331,0.6145533068263116,0.7090592334494774,0.7049180327868853,0.001
v2_thr05,1,51,0.5176058790352435,0.5864457372409194,0.7599918015986883,0.7622950819672131,0.001
v2_thr05,1,52,0.5238751483361975,0.5964291226211472,0.7356015576962492,0.7341772151898734,0.001
v2_thr05,1,53,0.5195207535539055,0.6057850211413939,0.7354990776798525,0.6755555555555556,0.001
v2_thr05,1,54,0.5186357519662265,0.6519009889061771,0.7604017216642754,0.5652173913043478,0.001
v2_thr05,1,55,0.5223449308199115,0.7859672361345433,0.7645009223201475,0.13953488372093023,0.001
v2_thr05,1,56,0.5234677217566558,0.5948939133639359,0.7297601967616315,0.7008547008547008,0.001
v2_thr05,1,57,0.5326789638507544,0.6895055913213474,0.6976839516294322,0.740506329113924,0.001
v2_thr05,1,58,0.5224673719708083,0.6238682329358153,0.7504611600737855,0.6473429951690821,0.001
v2_thr05,1,59,0.5190239153415778,0.7494822117819715,0.747181799549088,0.32432432432432434,0.001
v2_thr05,1,60,0.5231998195853691,0.6071636427694292,0.7451321992211518,0.6883720930232559,0.001
v2_thr05,1,61,0.518023545949629,0.5828415932346932,0.7513834802213569,0.7413793103448276,0.001
v2_thr05,1,62,0.5164841321758146,0.626819902391576,0.7014757122361139,0.7758007117437722,0.001
v2_thr05,1,63,0.5199774035835014,0.6121287464502438,0.7262758762041401,0.6872246696035242,0.001
v2_thr05,1,64,0.5234572276171615,0.6652542536531515,0.7468743594998976,0.5573770491803278,0.001
v2_thr05,1,65,0.5245875844120874,0.617033977413652,0.73109243697479,0.794425087108014,0.001
v2_thr05,1,66,0.5183760805306146,0.6266313287156138,0.7591719614675139,0.6368159203980099,0.001
v2_thr05,1,67,0.5175507329175004,0.5983807364506508,0.7563025210084033,0.6792452830188679,0.0005
v2_thr05,1,68,0.5116410561580876,0.6275786641818374,0.7027054724328757,0.7942238267148014,0.0005
v2_thr05,1,69,0.5137940379434651,0.6363261374668102,0.7413404386144702,0.6169154228855721,0.0005
v2_thr05,1,70,0.5178178197580571,0.6532814728086861,0.6718589874974381,0.7552447552447552,0.0005
v2_thr05,1,71,0.5151203949407411,0.630732953844972,0.719614675138348,0.7713310580204779,0.0005
v2_thr05,1,72,0.5137845872260021,0.5930518083904514,0.7461569993851199,0.6846846846846847,0.0005
v2_thr05,1,73,0.516100732401577,0.6102780346846699,0.7608116417298626,0.6504854368932039,0.0005
v2_thr05,1,74,0.5139907686303558,0.5899584993201109,0.7405205984832958,0.7088607594936709,0.0005
v2_thr05,1,75,0.5153809498042105,0.6021482363269104,0.7514859602377536,0.6944444444444444,0.0005
v2_thr05,1,76,0.5140576820784529,0.6082107795411674,0.7718794835007174,0.6634146341463415,0.0005
v2_thr05,1,77,0.517043550127729,0.5946160809910712,0.7562000409920066,0.7090909090909091,0.0005
v2_thr05,1,78,0.5099948881588804,0.6099089769581657,0.7332445173191228,0.784452296819788,0.0005
v2_thr05,1,79,0.5208026481073157,0.5822925140608602,0.7490264398442305,0.7729083665338645,0.0005
v2_thr05,1,80,0.5190043971008026,0.6316812074006494,0.7116212338593975,0.7785714285714286,0.0005
v2_thr05,1,81,0.5157435927982381,0.5898323818225766,0.7713670834187334,0.7096774193548387,0.0005
v2_thr05,1,82,0.5139772881775858,0.6732686977481368,0.7676778028284484,0.5202312138728323,0.0005
v2_thr05,1,83,0.5136644995935988,0.6717341551140174,0.7705472432875589,0.5310734463276836,0.0005
v2_thr05,1,84,0.5152958881309815,0.6892797958791552,0.7662430825988933,0.49101796407185627,0.0005
v2_thr05,1,85,0.5135065080203188,0.5943518111954874,0.7339618774339003,0.7674418604651163,0.0005
v2_thr05,1,86,0.5136573083482506,0.6179424589546165,0.7478991596638656,0.6571428571428571,0.0005
v2_thr05,1,87,0.511592413971271,0.610321770853071,0.7109038737446198,0.7686567164179104,0.0005
v2_thr05,1,88,0.5140219017823957,0.5840086296423158,0.747079319532691,0.7428571428571429,0.00025
v2_thr05,1,89,0.5099894335213312,0.5954319825812951,0.7343717974994877,0.7637795275590551,0.00025
v2_thr05,1,90,0.5109382139661381,0.587380916918095,0.7623488419758148,0.7207207207207207,0.00025
v2_thr05,1,91,0.5094936476166876,0.6034970924035826,0.7629637220741955,0.6602870813397129,0.00025
v2_thr05,1,92,0.5099887108739888,0.5898289514418266,0.7387784382045501,0.7398373983739838,0.00025
v2_thr05,1,93,0.5111188784228571,0.5941811794072241,0.7616314818610371,0.6883720930232559,0.00025
v2_thr05,1,94,0.5083086841339172,0.5873304789339132,0.7576347612215618,0.7058823529411765,0.00025
v2_thr05,1,95,0.5088649111142154,0.5849496784494884,0.7708546833367493,0.7064220183486238,0.00025
v2_thr05,1,96,0.513611585714362,0.6141329309833583,0.7168477146956344,0.7835820895522388,0.00025
v2_thr05,1,97,0.5088354583990186,0.6002313794188239,0.7687026029924166,0.6602870813397129,0.00025
v2_thr05,1,98,0.5131048129751898,0.6077043571282382,0.7722894035663046,0.6467661691542289,0.00025
v2_thr05,1,99,0.5130422509282748,0.5945431533737562,0.767472842795655,0.6729857819905213,0.00025
v2_thr05,1,100,0.5112729296940088,0.6106628873454991,0.7662430825988933,0.6372549019607843,0.00025
v2_thr05,1,101,0.509033713093324,0.5819909892865082,0.755995080959213,0.7224669603524229,0.00025
v2_thr05,1,102,0.5103060101980479,0.6021209356203601,0.7714695634351303,0.6634615384615384,0.00025
v2_thr05,1,103,0.5092357714236988,0.5901192669844746,0.7624513219922116,0.7004608294930875,0.00025
v2_thr05,1,104,0.5096901003058374,0.5737290714510638,0.7698298831727813,0.7543859649122807,0.00025
v2_thr05,1,105,0.5057246039704262,0.5844551461253,0.7492313998770239,0.7074235807860262,0.00025
v2_thr05,1,106,0.5097244940206683,0.6033679667990006,0.7745439639270343,0.6731707317073171,0.00025
v2_thr05,1,107,0.511389639677452,0.5901316125594561,0.7666530026644804,0.6666666666666666,0.00025
v2_thr05,1,108,0.5135447417525943,0.5702396743926242,0.7655257224841157,0.782258064516129,0.00025
v2_thr05,1,109,0.5101296955698293,0.6259840139702185,0.7764910842385735,0.6256410256410256,0.00025
v2_thr05,1,110,0.5089992216101004,0.5858763177596514,0.7466693994671039,0.6982758620689655,0.00025
v2_thr05,1,111,0.5125609627132784,0.5769443511962891,0.7616314818610371,0.7359307359307359,0.00025
v2_thr05,1,112,0.509057830878277,0.5764128746677987,0.7643984423037508,0.7445887445887446,0.00025
v2_thr05,1,113,0.5084748562743188,0.5903129530190235,0.7699323631891782,0.6729857819905213,0.00025
v2_thr05,1,114,0.5063287030738388,0.5782671805044904,0.7535355605656897,0.7186147186147186,0.00025
v2_thr05,1,115,0.5059605318931707,0.6062344176259207,0.7192047550727608,0.7559055118110236,0.00025
v2_thr05,1,116,0.5058068406089105,0.5811118533955285,0.7527157204345153,0.721030042918455,0.00025
v2_thr05,1,117,0.5044688473118956,0.5831085935753969,0.7584546013527361,0.7027027027027027,0.00025
v2_thr05,1,118,0.5108188855721433,0.6010564832545039,0.7394957983193277,0.6755555555555556,0.00025
v2_thr05,1,119,0.5089883960016799,0.5789900988488648,0.7604017216642754,0.74235807860262,0.00025
v2_thr05,1,120,0.5103065513841081,0.6180558180927638,0.7157204345152695,0.7737226277372263,0.00025
v2_thr05,1,121,0.5097144114520326,0.5853700400584966,0.752818200450912,0.7136563876651982,0.000125
v2_thr05,1,122,0.5121194577154194,0.5996046279793354,0.7698298831727813,0.6473429951690821,0.000125
v2_thr05,1,123,0.5100802086169194,0.5812530256622467,0.7692150030744005,0.7321428571428571,0.000125
v2_thr05,1,124,0.5103212353579287,0.5806602601388201,0.7656282025005124,0.7207207207207207,0.000125
v2_thr05,1,125,0.5088614272568031,0.5885903372693417,0.7651158024185284,0.6883720930232559,0.000125
v2_thr05,1,126,0.5044290298365037,0.584640244346353,0.7647058823529412,0.7004608294930875,0.000125
v2_thr05,1,127,0.5055283557037146,0.5786204931154773,0.7540479606476738,0.717948717948718,0.000125
v2_thr05,1,128,0.5078007110714807,0.5840759965317759,0.7432875589260095,0.7172995780590717,0.000125
v2_thr05,1,129,0.5079778376753747,0.6228998525818782,0.7733142037302726,0.6224489795918368,0.000125
v2_thr05,1,130,0.5069984508483371,0.5775621898138701,0.7659356425497027,0.7354260089686099,0.000125
v2_thr05,1,131,0.5065916571160001,0.5809365267777324,0.7631686821069891,0.7090909090909091,0.000125
v2_thr05,1,132,0.5060673914358295,0.5752546490721442,0.7611190817790531,0.7435897435897436,6.25e-05
v2_thr05,1,133,0.5060252786835978,0.5751411214989809,0.7655257224841155,0.7336244541484717,6.25e-05
v2_thr05,1,134,0.5054376783503077,0.5793577379255153,0.7608116417298627,0.7192982456140351,6.25e-05
v2_thr05,1,135,0.5032830809225822,0.5755982138031158,0.761631481861037,0.7304347826086957,6.25e-05
v2_thr05,1,136,0.5054947316069925,0.5761160138827651,0.7546628407460545,0.7489711934156379,6.25e-05
v2_thr05,1,137,0.5064183336763709,0.5786533260819924,0.7625538020086083,0.7224669603524229,6.25e-05
v2_thr05,1,138,0.5038375976112923,0.5794454830795971,0.7591719614675139,0.7272727272727273,6.25e-05
v2_thr05,1,139,0.5074830033481383,0.59244673524923,0.7664480426316868,0.676056338028169,6.25e-05
v2_thr05,2,1,0.5597282421096124,0.6359418090896227,0.6970690715310515,0.7338129496402878,0.001
v2_thr05,2,2,0.547746969821061,0.6248315388883524,0.7176675548268089,0.7315175097276264,0.001
v2_thr05,2,3,0.5374467784150609,0.6335282823932704,0.6948145111703217,0.7148014440433214,0.001
v2_thr05,2,4,0.5310984806943171,0.6046956071806191,0.7232014757122361,0.7320754716981132,0.001
v2_thr05,2,5,0.5332629715232547,0.7086937463105615,0.7297601967616315,0.43902439024390244,0.001
v2_thr05,2,6,0.5249010821969864,0.610125740962242,0.7265833162533306,0.744,0.001
v2_thr05,2,7,0.5273227112117103,1.0342736600050286,0.5927444148391063,0.1111111111111111,0.001
v2_thr05,2,8,0.5281965636640866,0.5890936163527456,0.7521008403361344,0.7542372881355932,0.001
v2_thr05,2,9,0.5215561277738452,0.5914225412245414,0.7394957983193278,0.7555555555555555,0.001
v2_thr05,2,10,0.5169770106896038,0.6674524492292262,0.7529206804673089,0.6326530612244898,0.001
v2_thr05,2,11,0.5215099453663973,0.685742779157648,0.7137733142037304,0.74375,0.001
v2_thr05,2,12,0.5207840772501292,0.8796135252387962,0.7068046730887477,0.0,0.001
v2_thr05,2,13,0.5175415679039196,0.875000208764527,0.6881533101045296,0.19548872180451127,0.001
v2_thr05,2,14,0.5172362272531816,0.6317503606502096,0.7588645214183235,0.6798029556650246,0.001
v2_thr05,2,15,0.5236520330268454,0.9155802465789947,0.7365238778438205,0.04918032786885246,0.001
v2_thr05,2,16,0.5164801288877754,0.6149561250980814,0.7248411559745849,0.6635514018691588,0.001
v2_thr05,2,17,0.5133624548647838,0.614037191096823,0.7589670014347203,0.6666666666666666,0.001
v2_thr05,2,18,0.5079801005025443,0.648077395424914,0.7470793195326911,0.6428571428571429,0.001
v2_thr05,2,19,0.5262434462129598,0.7351091014805125,0.7031153924984628,0.36129032258064514,0.001
v2_thr05,2,20,0.5177624610923526,0.6098839062363354,0.7496413199426112,0.7357859531772575,0.001
v2_thr05,2,21,0.5172282860482483,0.6602655999102995,0.7189997950399672,0.7344262295081967,0.001
v2_thr05,2,22,0.5138903663886044,0.7351222773689535,0.7208444353351097,0.4883720930232558,0.001
v2_thr05,2,23,0.5112884793768038,0.709344688339613,0.7165402746464439,0.4727272727272727,0.001
v2_thr05,2,24,0.5118543471069638,0.5856064042048668,0.7584546013527362,0.7794117647058824,0.001
v2_thr05,2,25,0.5131290103640594,0.6804878604945852,0.6656077064972331,0.6078431372549019,0.001
v2_thr05,2,26,0.512964699178174,1.00846130219265,0.6331215412994466,0.1925925925925926,0.001
v2_thr05,2,27,0.5129768630864857,0.9422273019059973,0.7095716335314614,0.0,0.001
v2_thr05,2,28,0.5104684413475432,0.6190289597013103,0.7151055544168887,0.7655172413793103,0.001
v2_thr05,2,29,0.5060643570509099,0.5880708243716416,0.734679237548678,0.7468879668049793,0.0005
v2_thr05,2,30,0.5038722008597777,0.5794737327158155,0.7681902029104325,0.7256637168141593,0.0005
v2_thr05,2,31,0.508305745053522,0.6265834931710467,0.7282229965156795,0.6634615384615384,0.0005
v2_thr05,2,32,0.5094352320242893,0.6124693789885411,0.7384709981553598,0.6504854368932039,0.0005
v2_thr05,2,33,0.506895171620915,0.6395956888720764,0.746566919450707,0.6395939086294417,0.0005
v2_thr05,2,34,0.5088927496811121,0.6222795408163497,0.7515884402541504,0.7260726072607261,0.0005
v2_thr05,2,35,0.50170934913236,0.5899094396562719,0.7663455626152899,0.6893203883495146,0.0005
v2_thr05,2,36,0.5037757442148506,0.5941133760101166,0.7593769215003074,0.6883720930232559,0.0005
v2_thr05,2,37,0.5078988578514562,0.5980414727433997,0.7637835622053699,0.7,0.0005
v2_thr05,2,38,0.5029333784271985,0.5780993361971272,0.7538430006148801,0.7569721115537849,0.0005
v2_thr05,2,39,0.5040723528375517,0.6767326611191479,0.7206394753023161,0.6282722513089005,0.0005
v2_thr05,2,40,0.5053596693953613,0.7097818554930426,0.7535355605656897,0.5901639344262295,0.0005
v2_thr05,2,41,0.5023858004373317,0.5775694348918858,0.7652182824349253,0.7542372881355932,0.0005
v2_thr05,2,42,0.4998329033323202,0.5834584686886611,0.7659356425497029,0.72,0.00025
v2_thr05,2,43,0.5011882773594785,0.5696615295030585,0.7708546833367492,0.7692307692307693,0.00025
v2_thr05,2,44,0.4988107469748696,0.6271817648588721,0.75128100020496,0.6326530612244898,0.00025
v2_thr05,2,45,0.5014154302413356,0.6189886112118241,0.7463619594179134,0.6470588235294118,0.00025
v2_thr05,2,46,0.49801404631337054,0.586915163258415,0.7633736421397828,0.7769784172661871,0.00025
v2_thr05,2,47,0.4995679254582186,0.5725118841104839,0.7660381225660997,0.7654320987654321,0.00025
v2_thr05,2,48,0.497298621407914,0.5935909427813629,0.7674728427956548,0.6829268292682927,0.00025
v2_thr05,2,49,0.5046346104239411,0.5711795180591185,0.7653207624513219,0.7692307692307693,0.00025
v2_thr05,2,50,0.5014793536803548,0.6277205528904549,0.7417503586800573,0.6395939086294417,0.00025
v2_thr05,2,51,0.49910143589176625,0.5931659243000087,0.753330600532896,0.6857142857142857,0.00025
v2_thr05,2,52,0.49678013580560476,0.5825988333023603,0.7656282025005126,0.7272727272727273,0.00025
v2_thr05,2,53,0.4964129550475873,0.6022559825460709,0.7529206804673089,0.6761904761904762,0.00025
v2_thr05,2,54,0.4992500891681292,0.6159955494439424,0.7550727608116418,0.6502463054187192,0.00025
v2_thr05,2,55,0.49596547535247937,0.5944107112599842,0.764808362369338,0.6796116504854369,0.000125
v2_thr05,2,56,0.4934850934050853,0.6124765291735901,0.7532281205164992,0.6534653465346535,0.000125
v2_thr05,2,57,0.497481452233978,0.5920852547261253,0.7664480426316869,0.6794258373205742,0.000125
v2_thr05,2,58,0.49500141216142196,0.5718990487245778,0.7671654027464645,0.7723577235772358,0.000125
v2_thr05,2,59,0.497009791401047,0.5772598015135201,0.7669604427136709,0.7445887445887446,0.000125
v2_thr05,2,60,0.49567696758813784,0.6027041501666776,0.7546628407460545,0.6763285024154589,0.000125
v2_thr05,2,61,0.49525228895004525,0.5754854002995278,0.7673703627792581,0.7542372881355932,0.000125
v2_thr05,2,62,0.4966343837342141,0.5933030185414784,0.7592744414839107,0.6981132075471698,0.000125
v2_thr05,2,63,0.49490889752236183,0.5881718830089664,0.7651158024185284,0.7069767441860465,0.000125
v2_thr05,2,64,0.4957851705156929,0.5829613813713416,0.763271162123386,0.7232142857142857,0.000125
v2_thr05,2,65,0.49488777939226924,0.5778699538007898,0.7646034023365443,0.7803030303030303,0.000125
v2_thr05,2,66,0.49519279321349285,0.5966002763207279,0.760606681697069,0.6919431279620853,6.25e-05
v2_thr05,2,67,0.49472895450726245,0.5726782030134059,0.7669604427136709,0.759493670886076,6.25e-05
v2_thr05,2,68,0.49319394133336314,0.5912104791669703,0.763271162123386,0.6981132075471698,6.25e-05
v2_thr05,2,69,0.49578124955755215,0.5785087376684692,0.766857962697274,0.7413793103448276,6.25e-05
v2_thr05,2,70,0.4944007327762107,0.5787039657137287,0.7634761221561797,0.7280701754385965,6.25e-05
v2_thr05,2,71,0.4943340703805707,0.5921893190981736,0.7593769215003076,0.7009345794392523,6.25e-05
v2_thr05,2,72,0.49541158789380557,0.5720539425142962,0.7680877228940357,0.7615062761506276,6.25e-05
v2_thr05,2,73,0.4935814766581895,0.5751707826680805,0.7671654027464644,0.75,6.25e-05
v2_thr05,3,1,0.5635217156896273,0.7018070126054299,0.5878088625689198,0.7181208053691275,0.001
v2_thr05,3,2,0.5453446559830584,0.661238124714562,0.6350827036961404,0.7111111111111111,0.001
v2_thr05,3,3,0.5432958518055077,0.6834362300474253,0.6227792526036349,0.6827309236947792,0.001
v2_thr05,3,4,0.5390863233165707,0.668415430173352,0.6354911170104146,0.7285223367697594,0.001
v2_thr05,3,5,0.5329742114238035,0.7272786263802752,0.608025321625485,0.7235494880546075,0.001
v2_thr05,3,6,0.5430003655501535,0.7913134797888609,0.644782519910149,0.20437956204379562,0.001
v2_thr05,3,7,0.5318337391885177,0.8045717780269793,0.6169083112109454,0.16541353383458646,0.001
v2_thr05,3,8,0.5298584838952666,0.7474297006331866,0.6630590157239126,0.33557046979865773,0.001
v2_thr05,3,9,0.526898205908824,0.9930050503555222,0.6371247702675107,0.016666666666666666,0.001
v2_thr05,3,10,0.5305490032859762,0.6486477092723941,0.6560138860526854,0.7333333333333333,0.001
v2_thr05,3,11,0.5286584102625587,0.6272955866002324,0.6913416377373902,0.7230769230769231,0.001
v2_thr05,3,12,0.5287179897141582,0.6332365363391478,0.6770471717377986,0.6887966804979253,0.001
v2_thr05,3,13,0.5214477434413923,0.6273904487268248,0.6949152542372882,0.7309236947791165,0.001
v2_thr05,3,14,0.524780829572929,0.7185389105953387,0.6920563610373699,0.3333333333333333,0.001
v2_thr05,3,15,0.5245740783445026,0.6607479384882533,0.6675515621809271,0.75,0.001
v2_thr05,3,16,0.5217854049587082,0.6653722411957547,0.6726567286093527,0.5858585858585859,0.001
v2_thr05,3,17,0.5195832612853897,1.1867990351434965,0.5890341025117418,0.08,0.001
v2_thr05,3,18,0.5206780158677294,0.7534807831493776,0.6603022258525628,0.33986928104575165,0.001
v2_thr05,3,19,0.5215290800548815,0.6448163559187704,0.6763324484378191,0.7368421052631579,0.001
v2_thr05,3,20,0.5232733841101608,0.647238838138865,0.6691852154380232,0.7330960854092526,0.001
v2_thr05,3,21,0.5225484537743097,0.6589885208737197,0.6730651419236268,0.7298245614035088,0.001
v2_thr05,3,22,0.5211447665896692,0.7107010457053113,0.6658158055952624,0.48863636363636365,0.001
v2_thr05,3,23,0.5181487264448813,0.7449312731994325,0.6660200122523995,0.4,0.001
v2_thr05,3,24,0.5184372347142868,0.7048107877892641,0.6638758423524607,0.4659090909090909,0.001
v2_thr05,3,25,0.5192175004729487,0.6476714124727012,0.6857259546661221,0.6727272727272727,0.0005
v2_thr05,3,26,0.5124654607529799,0.7200493551605377,0.6564222993669594,0.4772727272727273,0.0005
v2_thr05,3,27,0.5142547821851942,0.6300064532911006,0.6825607514804982,0.7020408163265306,0.0005
v2_thr05,3,28,0.5177825083841548,0.6245714633619014,0.6976720441086379,0.7058823529411765,0.0005
v2_thr05,3,29,0.5161377360196441,0.6208168214826442,0.6960383908515417,0.7258064516129032,0.0005
v2_thr05,3,30,0.5132930670031763,0.6239808898660081,0.6995099040228712,0.6896551724137931,0.0005
v2_thr05,3,31,0.5150126758275426,0.6325797916051761,0.6883806412089034,0.6956521739130435,0.0005
v2_thr05,3,32,0.5145124032019731,0.6593660169572972,0.6843986113947316,0.7449664429530202,0.0005
v2_thr05,3,33,0.5085760939519309,0.621646551350456,0.6950173575658566,0.7181467181467182,0.0005
v2_thr05,3,34,0.5141949135620272,0.7919004734475814,0.6767408617520931,0.21897810218978103,0.0005
v2_thr05,3,35,0.5131328480943436,0.71929934487414,0.6496834796814377,0.7322033898305085,0.0005
v2_thr05,3,36,0.5221129301771757,0.6749936976836095,0.6790892383091689,0.7593220338983051,0.0005
v2_thr05,3,37,0.5088135411534033,0.6288048734712364,0.7107412701654074,0.669683257918552,0.0005
v2_thr05,3,38,0.5082818239351149,0.6528780638281979,0.7047171737798652,0.6570048309178744,0.0005
v2_thr05,3,39,0.5083350593155423,0.6195342505156104,0.6994078006943026,0.7196652719665272,0.0005
v2_thr05,3,40,0.513302186042437,0.6302614520438274,0.6909332244231162,0.6949152542372882,0.0005
v2_thr05,3,41,0.5097546023308498,0.6261228162850907,0.6908311210945476,0.7196969696969697,0.0005
v2_thr05,3,42,0.5096348156933206,0.6697407338156629,0.6828670614662038,0.7551020408163265,0.0005
v2_thr05,3,43,0.5100150050723071,0.6367817684192563,0.6874617112517867,0.7455197132616488,0.0005
v2_thr05,3,44,0.5068779470421937,0.6214931402633439,0.7010414539513988,0.7563636363636363,0.0005
v2_thr05,3,45,0.511772893853682,0.650856767720844,0.7017561772513784,0.6310679611650486,0.0005
v2_thr05,3,46,0.5068295176921703,0.6491771669530156,0.6888911578517459,0.663594470046083,0.0005
v2_thr05,3,47,0.5062937729702264,0.8492851636896086,0.6590769859097406,0.2446043165467626,0.0005
v2_thr05,3,48,0.5118299304181956,0.6830509812084596,0.7012456606085359,0.5894736842105263,0.0005
v2_thr05,3,49,0.507839383370847,0.6227089991023884,0.6961404941801103,0.7279693486590039,0.00025
v2_thr05,3,50,0.5092433040506601,0.7093398820108442,0.6838880947518889,0.5056179775280899,0.00025
v2_thr05,3,51,0.5078893002181565,0.6294695109277222,0.7073718603226465,0.6844444444444444,0.00025
v2_thr05,3,52,0.5085858840934002,0.6148986768959767,0.7092097202368798,0.7,0.00025
v2_thr05,3,53,0.5074514744570888,0.6097969368322572,0.7085971002654686,0.7372549019607844,0.00025
v2_thr05,3,54,0.506394310292963,0.6244550676488164,0.7037982438227487,0.672645739910314,0.00025
v2_thr05,3,55,0.5076681139284781,0.7078707490987446,0.6900142944659996,0.5414364640883977,0.00025
v2_thr05,3,56,0.50788572079687,0.6117025014772937,0.7049213804370023,0.7301587301587301,0.00025
v2_thr05,3,57,0.5060133782128667,0.6776043194443432,0.6976720441086379,0.5876288659793815,0.00025
v2_thr05,3,58,0.5093983676814865,0.6470223137395299,0.6902185011231365,0.7464788732394366,0.00025
v2_thr05,3,59,0.5034124886842939,0.6390992871564419,0.7000204206657138,0.6448598130841121,0.00025
v2_thr05,3,60,0.5043748738686104,0.6147490544105644,0.7069634470083724,0.6919831223628692,0.000125
v2_thr05,3,61,0.5065295154160062,0.6216315274214863,0.7037982438227487,0.7545787545787546,0.000125
v2_thr05,3,62,0.5021692440044692,0.6136184996040306,0.7107412701654073,0.7083333333333334,0.000125
v2_thr05,3,63,0.501302875146296,0.6179268988803844,0.7032877271799061,0.70042194092827,0.000125
v2_thr05,3,64,0.5054865074597679,0.6365610473784641,0.6999183173371453,0.6697247706422018,0.000125
v2_thr05,3,65,0.5042269879359562,0.6185572443909906,0.7082907902797632,0.6724890829694323,0.000125
v2_thr05,3,66,0.5043592534710527,0.6155420085090902,0.7046150704512967,0.7131147540983607,0.000125
v2_thr05,3,67,0.5047545973571617,0.6179341653093177,0.7094139268940167,0.6866952789699571,0.000125
v2_thr05,4,1,0.5619083307748939,0.8113195552161677,0.6591790892383093,0.0,0.001
v2_thr05,4,2,0.545317345218625,0.8344121050478807,0.6712272820093935,0.03333333333333333,0.001
v2_thr05,4,3,0.5333059987410091,0.639766199671807,0.6764345517663876,0.725925925925926,0.001
v2_thr05,4,4,0.5436626433907159,0.651037866203346,0.6939963242801714,0.6788990825688074,0.001
v2_thr05,4,5,0.5412377543315318,1.065289089335731,0.5683071268123341,0.0,0.001
v2_thr05,4,6,0.5359505726080158,0.6533449348525622,0.6423320400245048,0.6937269372693727,0.001
v2_thr05,4,7,0.5311489026659612,0.6607020577388023,0.6485603430671839,0.7137546468401487,0.001
v2_thr05,4,8,0.5395290649419091,0.6653859105276231,0.6904227077802737,0.6039603960396039,0.001
v2_thr05,4,9,0.5354831420893409,0.7878492459728943,0.6810292015519704,0.23529411764705882,0.001
v2_thr05,4,10,0.5304524109736478,1.045013816795539,0.6497855830100061,0.0,0.001
v2_thr05,4,11,0.5281701235653855,0.6760728133851616,0.7040024504798856,0.59375,0.001
v2_thr05,4,12,0.5249993929963539,0.6458895621608146,0.7047171737798652,0.6572769953051644,0.001
v2_thr05,4,13,0.5204051782251032,0.6245382887807058,0.6939963242801714,0.6982758620689655,0.001
v2_thr05,4,14,0.522840109881282,0.6549009754883116,0.7121707167653665,0.6224489795918368,0.001
v2_thr05,4,15,0.5304020901974978,0.6436899716581278,0.6762303451092505,0.7424749163879598,0.001
v2_thr05,4,16,0.5220589598997616,0.6348792308598609,0.6835817847661835,0.708171206225681,0.001
v2_thr05,4,17,0.5197163316926973,0.6371226880087781,0.7053297937512762,0.6923076923076923,0.001
v2_thr05,4,18,0.5193472849254239,0.646260826148797,0.7004288339799878,0.7372262773722628,0.001
v2_thr05,4,19,0.5240434224869539,0.6261634447088289,0.6904227077802736,0.6896551724137931,0.001
v2_thr05,4,20,0.5250183901175045,0.6388425494900983,0.6973657341229323,0.7422680412371134,0.001
v2_thr05,4,21,0.5159087324603371,0.8821281817421984,0.6503982029814172,0.18045112781954886,0.001
v2_thr05,4,22,0.515880791395117,0.8313371126924581,0.6964468041658158,0.2857142857142857,0.001
v2_thr05,4,23,0.5235248016347366,0.6653789857133704,0.7121707167653665,0.5957446808510638,0.001
v2_thr05,4,24,0.5152225886685986,0.6237095505443971,0.7141106800081684,0.6905829596412556,0.001
v2_thr05,4,25,0.5211854780285975,0.7279295992495408,0.7191137431080252,0.41025641025641024,0.001
v2_thr05,4,26,0.5209191030902897,0.6192488172161046,0.7134980600367572,0.6933333333333334,0.001
v2_thr05,4,27,0.5166086170082561,0.6061067296497857,0.7215642229936696,0.7301587301587301,0.001
v2_thr05,4,28,0.5159580275442562,0.6336785904803679,0.6907290177659792,0.7185185185185186,0.001
v2_thr05,4,29,0.5114170692088524,0.9838805222392675,0.6721462119665103,0.0,0.001
v2_thr05,4,30,0.5219978683338433,0.7140824308442832,0.7004288339799877,0.3821656050955414,0.001
v2_thr05,4,31,0.5128508811466305,0.6921006316569314,0.6575454359812131,0.6891385767790262,0.001
v2_thr05,4,32,0.515081617869895,0.6466682870589678,0.7134980600367571,0.63,0.001
v2_thr05,4,33,0.5134312615243748,0.6702746016469168,0.7248315295078619,0.6073298429319371,0.001
v2_thr05,4,34,0.5145125310534123,0.7713694406386039,0.6582601592811925,0.35064935064935066,0.001
v2_thr05,4,35,0.5150118199404597,0.6266047397063146,0.7029814171942007,0.7213114754098361,0.001
v2_thr05,4,36,0.5134689260031929,0.6419480546789976,0.6712272820093935,0.7137546468401487,0.001
v2_thr05,4,37,0.518630189457761,0.7165211492509984,0.7104349601797019,0.46987951807228917,0.001
v2_thr05,4,38,0.5145958872063507,0.6066767849139313,0.7230957729221973,0.762589928057554,0.001
v2_thr05,4,39,0.5163587970767164,0.5984328303171035,0.7312640392076781,0.703862660944206,0.001
v2_thr05,4,40,0.5082813040967147,0.6343696437664886,0.71605064325097,0.6728971962616822,0.001
v2_thr05,4,41,0.5220866031512644,0.6418231897686252,0.7078823769654891,0.6570048309178744,0.001
v2_thr05,4,42,0.5184947073145365,0.6892763370305152,0.7205431897079845,0.5146198830409356,0.001
v2_thr05,4,43,0.517600492035777,0.6076542821096543,0.7288135593220338,0.6851851851851852,0.001
v2_thr05,4,44,0.5186907694084154,1.0780355206769496,0.6394731468245864,0.08064516129032258,0.001
v2_thr05,4,45,0.5141099031968779,0.8856418903787338,0.6982846640800491,0.16923076923076924,0.001
v2_thr05,4,46,0.5136353844917512,0.8434413274129232,0.7139064733510312,0.2608695652173913,0.001
v2_thr05,4,47,0.515934112830405,0.672107611129533,0.7349397590361445,0.5882352941176471,0.001
v2_thr05,4,48,0.5089682265199551,0.6397533843766398,0.7115580967939554,0.7508532423208191,0.001
v2_thr05,4,49,0.5103483544711698,0.5996223468685624,0.7377986522360629,0.70995670995671,0.001
v2_thr05,4,50,0.5078804225829447,0.7875156236525199,0.7169695732080865,0.3108108108108108,0.001
v2_thr05,4,51,0.5087302005563343,0.5990860260541166,0.7366755156218092,0.7130434782608696,0.001
v2_thr05,4,52,0.5083598650612186,0.6951999806646091,0.6900142944659997,0.7392739273927392,0.001
v2_thr05,4,53,0.5092232249323638,0.6287596308769872,0.7037982438227486,0.6982758620689655,0.001
v2_thr05,4,54,0.5137238926753428,0.6429709818825793,0.7316724525219521,0.6534653465346535,0.001
v2_thr05,4,55,0.5131125121732588,0.6122189042580068,0.7228915662650602,0.7355371900826446,0.001
v2_thr05,4,56,0.5139677716265244,0.71508000027481,0.7325913824790687,0.4878048780487805,0.001
v2_thr05,4,57,0.5088676736937257,0.7129826189866707,0.7301409025934246,0.547486033519553,0.001
v2_thr05,4,58,0.5178944626151991,0.5964667049806509,0.7332040024504799,0.7555555555555555,0.001
v2_thr05,4,59,0.5127706289919902,0.7169001754836657,0.7253420461507045,0.5232558139534884,0.001
v2_thr05,4,60,0.5129934044420614,0.6911153579825786,0.7264651827649582,0.5423728813559322,0.001
v2_thr05,4,61,0.5066177836620954,0.5945457392071017,0.7349397590361446,0.7213114754098361,0.0005
v2_thr05,4,62,0.5031785520811701,0.597565631961348,0.7318766591790892,0.725,0.0005
v2_thr05,4,63,0.5038717669845675,0.605038059291555,0.7221768429650807,0.7322834645669292,0.0005
v2_thr05,4,64,0.5075584130463155,0.825048565271482,0.6839901980804575,0.2916666666666667,0.0005
v2_thr05,4,65,0.5095623498013233,0.7259333050666164,0.7241168062078824,0.4539877300613497,0.0005
v2_thr05,4,66,0.5056067932469145,0.615313143279422,0.7195221564222992,0.7472527472527473,0.0005
v2_thr05,4,67,0.5064233668240177,0.7068013528093177,0.719828466408005,0.5524861878453039,0.0005
v2_thr05,4,68,0.5069599941451436,0.5939517709153208,0.7366755156218092,0.7196652719665272,0.0005
v2_thr05,4,69,0.5029453451897432,0.6936877995581177,0.7228915662650602,0.5666666666666667,0.0005
v2_thr05,4,70,0.5034671843785183,0.6093155210884056,0.7425975086787829,0.6698113207547169,0.0005
v2_thr05,4,71,0.5046829424130687,0.600990850534012,0.7370839289360833,0.6960352422907489,0.0005
v2_thr05,4,72,0.506208243395197,0.6202539306374925,0.7376965489074944,0.6794258373205742,0.0005
v2_thr05,4,73,0.5101090367942368,0.6670470166562209,0.7235041862364714,0.6153846153846154,0.0005
v2_thr05,4,74,0.5055464136370037,0.5975766680133876,0.7314682458648152,0.7309236947791165,0.0005
v2_thr05,4,75,0.4986942136539097,0.6742291640286422,0.7311619358791097,0.6105263157894737,0.0005
v2_thr05,4,76,0.5040110245425587,0.6173961933572494,0.7414743720645293,0.6728971962616822,0.0005
v2_thr05,4,77,0.5025175545358072,0.7054669109743033,0.7245252195221565,0.5604395604395604,0.0005
v2_thr05,4,78,0.5056891192032289,0.6656891979388336,0.7235041862364714,0.6428571428571429,0.0005
v2_thr05,4,79,0.5054740351616603,0.6347353493989404,0.7387175821931795,0.6699029126213593,0.0005
v2_thr05,4,80,0.5025978587004757,0.6264468567881418,0.7391259955074535,0.6944444444444444,0.0005
v2_thr05,4,81,0.5038743756043681,0.7270391710955112,0.7026751072084949,0.740983606557377,0.0005
v2_thr05,4,82,0.5025484884036656,0.6931553242811516,0.7384112722074739,0.5317919075144508,0.00025
v2_thr05,4,83,0.4982616319492957,0.5925017755423019,0.7393302021645904,0.7404580152671756,0.00025
v2_thr05,4,84,0.5001141752635239,0.7647340380730321,0.7196242597508679,0.4050632911392405,0.00025
v2_thr05,4,85,0.5061669936812825,0.5930625763698597,0.7370839289360833,0.7280334728033473,0.00025
v2_thr05,4,86,0.5047084688092787,0.6248913285744131,0.7443332652644475,0.6794258373205742,0.00025
v2_thr05,4,87,0.4980569862104258,0.58990021131525,0.746987951807229,0.7478991596638656,0.00025
v2_thr05,4,88,0.4990745446593984,0.6134686707264155,0.7442311619358791,0.7037037037037037,0.00025
v2_thr05,4,89,0.504229377621297,0.6048725825637135,0.7460690218501124,0.6972477064220184,0.00025
v2_thr05,4,90,0.5010502360407623,0.5919644797026221,0.7490300183785991,0.7272727272727273,0.00025
v2_thr05,4,91,0.5008687251272017,0.6043777513266796,0.7344292423933021,0.7681159420289855,0.00025
v2_thr05,4,92,0.49709262391175874,0.7268410156022257,0.7235041862364713,0.4578313253012048,0.00025
v2_thr05,4,93,0.5019455889406857,0.5985206513855588,0.7499489483357157,0.7085201793721974,0.00025
v2_thr05,4,94,0.49981623039513773,0.5917820503462606,0.7423933020216459,0.7415730337078652,0.00025
v2_thr05,4,95,0.5002709203948036,0.6076737802420089,0.7477026751072086,0.6976744186046512,0.00025
v2_thr05,4,96,0.5011996436726649,0.5878249258544315,0.7506636716356954,0.7447698744769874,0.00025
v2_thr05,4,97,0.4996831445367139,0.6018012934063205,0.7492342250357362,0.7149321266968326,0.00025
v2_thr05,4,98,0.4998252513852815,0.6453528926147157,0.7292219726363081,0.6698564593301436,0.00025
v2_thr05,4,99,0.5019431597109628,0.6344103528492486,0.7495405350214417,0.6467661691542289,0.00025
v2_thr05,4,100,0.5016949313491426,0.6023396449302559,0.7507657749642638,0.7181818181818181,0.00025
v2_thr05,4,101,0.49844287301827817,0.6033691529610857,0.7480089850929139,0.7239819004524887,0.00025
v2_thr05,4,102,0.49875367578177965,0.5965063488898585,0.7495405350214418,0.7168141592920354,0.00025
v2_thr05,4,103,0.5006116429091757,0.5994067310693845,0.7468858484786604,0.7174887892376681,0.00025
v2_thr05,4,104,0.4977406091555979,0.6307901268574729,0.7456606085358383,0.6601941747572816,0.00025
v2_thr05,4,105,0.49327643317790776,0.5909779226008932,0.7417806820502348,0.7380952380952381,0.00025
v2_thr05,4,106,0.50011503156962,0.5836902234091688,0.7487237083928936,0.7674418604651163,0.00025
v2_thr05,4,107,0.49682521558185033,0.5967963773812821,0.7508678782928323,0.7207207207207207,0.00025
v2_thr05,4,108,0.49834804511866376,0.616075553704257,0.7503573616499898,0.6824644549763034,0.00025
v2_thr05,4,109,0.5003265968420803,0.5909378706519284,0.7489279150500306,0.74235807860262,0.00025
v2_thr05,4,110,0.4998115658864824,0.5878265295455705,0.748213191750051,0.7593984962406015,0.00025
v2_thr05,4,111,0.5003762520679481,0.7694784752765105,0.7295282826220134,0.3790849673202614,0.00025
v2_thr05,4,112,0.500454821465095,0.5965956265653544,0.7415764753930978,0.721030042918455,0.00025
v2_thr05,4,113,0.4998001124716392,0.5906533008784204,0.7481110884214824,0.7467811158798283,0.00025
v2_thr05,4,114,0.497251379311818,0.6209710344153258,0.7513783949356748,0.6601941747572816,0.00025
v2_thr05,4,115,0.49801893236347994,0.6021367210653884,0.7493363283643047,0.7064220183486238,0.00025
v2_thr05,4,116,0.49805404101817596,0.5965092976888021,0.746987951807229,0.7207207207207207,0.00025
v2_thr05,4,117,0.5034831924681504,0.6176446990587225,0.753216254849908,0.6634146341463415,0.00025
v2_thr05,4,118,0.49860257193158086,0.6233640594861993,0.7512762916071063,0.6763285024154589,0.00025
v2_thr05,4,119,0.49780174456078474,0.5924475418394478,0.7508678782928323,0.7445887445887446,0.00025
v2_thr05,4,120,0.49965918357426753,0.6002980891744889,0.7541351848070247,0.7090909090909091,0.00025
v2_thr05,4,121,0.4989198677778663,0.6154571338672543,0.7501531549928526,0.6857142857142857,0.00025
v2_thr05,4,122,0.5015823308424288,0.5955834934367469,0.7474984684500715,0.7312775330396476,0.00025
v2_thr05,4,123,0.49946292862950814,0.6015840834053001,0.7466816418215234,0.7117117117117117,0.00025
v2_thr05,4,124,0.4981987871268931,0.6673028386054347,0.7336124157647541,0.6395939086294417,0.00025
v2_thr05,4,125,0.5024881240353642,0.5820569802279496,0.7554625280784153,0.749003984063745,0.00025
v2_thr05,4,126,0.5009300503454225,0.619841483101916,0.7457627118644067,0.6944444444444444,0.00025
v2_thr05,4,127,0.4952678819741851,0.5896258259294045,0.7470900551357974,0.7226890756302521,0.00025
v2_thr05,4,128,0.493270323125675,0.6511101580377835,0.7420869920359404,0.6464646464646465,0.00025
v2_thr05,4,129,0.4969267563367351,0.5935210375050407,0.7468858484786604,0.7686567164179104,0.00025
v2_thr05,4,130,0.49889076185561654,0.5835934966357786,0.7546457014498673,0.752,0.00025
v2_thr05,4,131,0.5019944161962332,0.6459946679831737,0.7500510516642841,0.6532663316582915,0.00025
v2_thr05,4,132,0.5026979634967127,0.7343008885929241,0.7321829691647948,0.4472049689440994,0.00025
v2_thr05,4,133,0.4981433428129957,0.5970997881533494,0.739432305493159,0.762962962962963,0.00025
v2_thr05,4,134,0.4978511791237628,0.583450227234494,0.7558709413926894,0.7426160337552743,0.00025
v2_thr05,4,135,0.49932976666779005,0.6016743052658157,0.7555646314069838,0.7069767441860465,0.00025
v2_thr05,4,136,0.5012221922459628,0.5934712139528189,0.7529099448642026,0.7192982456140351,0.00025
v2_thr05,4,137,0.4968934294838059,0.5838966464521873,0.7550541147641413,0.7662835249042146,0.00025
v2_thr05,4,138,0.4974996240151578,0.6083708639761701,0.7481110884214826,0.6822429906542056,0.00025
v2_thr05,4,139,0.49968960106058574,0.6000071046364248,0.7429038186644885,0.7608695652173914,0.00025
v2_thr05,4,140,0.4968731124706972,0.5817245037401494,0.7556667347355523,0.7709923664122137,0.00025
v2_thr05,4,141,0.498530377403085,0.5939536284451461,0.7545435981212987,0.7321428571428571,0.00025
v2_thr05,4,142,0.5011930264571849,0.5948127395478054,0.7469879518072289,0.7203389830508474,0.00025
v2_thr05,4,143,0.49984581357355906,0.5844302984019417,0.7584235246069021,0.7615062761506276,0.00025
v2_thr05,4,144,0.49935583751943285,0.6062053732611054,0.7532162548499081,0.7181818181818181,0.00025
v2_thr05,4,145,0.4950619630109656,0.6110240855620275,0.7498468450071472,0.7064220183486238,0.00025
v2_thr05,4,146,0.49720751060752333,0.6057561570732155,0.7430059219930569,0.7588652482269503,0.00025
v2_thr05,4,147,0.4982888439837156,0.5814265161011349,0.7562793547069635,0.7662835249042146,0.00025
v2_thr05,4,148,0.49426951606370023,0.5873837020266709,0.7549520114355728,0.7413793103448276,0.00025
v2_thr05,4,149,0.4959640403414024,0.5882890236318408,0.7528078415356341,0.75,0.00025
v2_thr05,4,150,0.49857416900892876,0.5929678945399043,0.7503573616499897,0.7155172413793104,0.00025
v2_thr05,4,151,0.5008196506014189,0.5990024751691676,0.7573003879926485,0.7031963470319634,0.00025
v2_thr05,4,152,0.501988757578476,0.587058257107711,0.7490300183785992,0.7559055118110236,0.00025
v2_thr05,4,153,0.49802028944287025,0.5840351712051316,0.7514804982642435,0.7459016393442623,0.00025
v2_thr05,4,154,0.4979863660197266,0.6187178768328766,0.7537267714927506,0.6919431279620853,0.00025
v2_thr05,4,155,0.49947750725519885,0.5815249533202518,0.7551562180927098,0.758893280632411,0.000125
v2_thr05,4,156,0.49597144278784416,0.5916647839902053,0.7566877680212375,0.7256637168141593,0.000125
v2_thr05,4,157,0.49684043917379395,0.6090975614329476,0.752603634878497,0.7162790697674418,0.000125
v2_thr05,4,158,0.49552455549709407,0.5814545569728263,0.7548499081070043,0.7615384615384615,0.000125
v2_thr05,4,159,0.49439487096923934,0.600285544324277,0.7540330814784563,0.7155963302752294,0.000125
v2_thr05,4,160,0.49567637591244673,0.5984077263827348,0.7581172146211966,0.728110599078341,0.000125
v2_thr05,4,161,0.49303521270911177,0.5918550823458392,0.7527057382070655,0.7336244541484717,0.000125
v2_thr05,4,162,0.4925219791111502,0.581722017544419,0.7541351848070248,0.7398373983739838,0.000125
v2_thr05,4,163,0.4943963531241057,0.5892827997160195,0.756994078006943,0.7280701754385965,0.000125
v2_thr05,4,164,0.4961614366784456,0.5996102195474046,0.7559730447212578,0.7239819004524887,0.000125
v2_thr05,4,165,0.4974049499458085,0.579336363284742,0.7601592811925669,0.7698412698412699,0.000125
v2_thr05,4,166,0.4993667663819761,0.5907571944431286,0.7568919746783745,0.7368421052631579,0.000125
v2_thr05,4,167,0.4933727741869975,0.5924181392536828,0.753420461507045,0.7336244541484717,0.000125
v2_thr05,4,168,0.49475068513873594,0.5940462368637768,0.7596487645497243,0.7239819004524887,0.000125
v2_thr05,4,169,0.4946096325276816,0.582750161488851,0.7547478047784358,0.743801652892562,0.000125
v2_thr05,4,170,0.4925240157777689,0.6045640736670044,0.7533183581784765,0.7239819004524887,0.000125
v2_thr05,4,171,0.4919483754882075,0.5802794831309153,0.7578109046354912,0.7428571428571429,0.000125
v2_thr05,4,172,0.4937292302325237,0.5859098197215825,0.7564835613641004,0.7359307359307359,0.000125
v2_thr05,4,173,0.4948704584202155,0.5846977566012103,0.7528078415356341,0.7686567164179104,0.000125
v2_thr05,4,174,0.498453804761538,0.5823609224006311,0.7577088013069226,0.7551867219917012,0.000125
v2_thr05,4,175,0.49482200371988627,0.588541894409787,0.7588319379211762,0.7248908296943232,0.000125
v2_thr05,4,176,0.5003100248652728,0.5936679080944156,0.7574024913212171,0.7312775330396476,0.000125
v2_thr05,4,177,0.4975313437948746,0.5826333031725528,0.7597508678782928,0.7381974248927039,6.25e-05
v2_thr05,4,178,0.4917546156630156,0.5896828874426695,0.7590361445783134,0.7280701754385965,6.25e-05
v2_thr05,4,179,0.49241729455170186,0.5928279653710512,0.7568919746783745,0.7224669603524229,6.25e-05
v2_thr05,4,180,0.49351546341170327,0.5976144425311491,0.7559730447212579,0.7297297297297297,6.25e-05
v2_thr05,4,181,0.4900596151766752,0.5938777259333217,0.756381458035532,0.7345132743362832,6.25e-05
v2_thr05,4,182,0.4933006567569525,0.5912907870847788,0.7582193179497652,0.7280701754385965,6.25e-05
v2_thr05,4,183,0.49089309567935857,0.5867160374845438,0.7588319379211762,0.7413793103448276,6.25e-05
v2_thr05,4,184,0.4909018706563068,0.5784275401290969,0.7602613845211353,0.76,6.25e-05
v2_thr05,4,185,0.4971468232847056,0.606554221158004,0.7597508678782928,0.704225352112676,6.25e-05
v2_thr05,4,186,0.4948237187414052,0.5885063237811795,0.7602613845211353,0.7304347826086957,6.25e-05
v2_thr05,4,187,0.4983358854568696,0.5791263153303915,0.7610782111496835,0.7520661157024794,6.25e-05
v2_thr05,4,188,0.4931616298134172,0.5833625603671098,0.7605676945068409,0.7627118644067796,6.25e-05
v2_thr05,4,189,0.4946161924430901,0.6039420597588838,0.7567898713498059,0.7155963302752294,6.25e-05
v2_thr05,4,190,0.4939949248503298,0.5995853908026396,0.7585256279354707,0.7123287671232876,6.25e-05
v2_thr05,4,191,0.4929031600851585,0.5781747689887659,0.7622013477639371,0.7510204081632653,6.25e-05
v2_thr05,4,192,0.4961342907957536,0.5997048823987666,0.7597508678782928,0.7188940092165899,6.25e-05
v2_thr05,4,193,0.4911498245120258,0.5807639425666771,0.7612824178068205,0.7542372881355932,6.25e-05
v2_thr05,4,194,0.4944360955947313,0.5939811995966517,0.7579130079640597,0.7377777777777778,6.25e-05
v2_thr05,4,195,0.4952130504672682,0.5896455897620662,0.7616908311210946,0.7224669603524229,6.25e-05
v2_thr05,4,196,0.49238533766282255,0.5798936649341488,0.7597508678782928,0.7563025210084033,6.25e-05
v2_thr05,4,197,0.4914735447752874,0.6001212252906306,0.7589340412497447,0.7064220183486238,6.25e-05
v2_thr05,4,198,0.49536287077491437,0.5820284411681825,0.7608740044925464,0.759493670886076,6.25e-05
v2_thr05,4,199,0.49022441725320265,0.5900212188265217,0.7625076577496426,0.7142857142857143,6.25e-05
v2_thr05,4,200,0.492680456914885,0.5812223704893198,0.7610782111496835,0.759493670886076,6.25e-05
v2_thr05,4,201,0.4925323482242745,0.5857884089152018,0.7612824178068205,0.7391304347826086,6.25e-05
v2_thr05,4,202,0.4916292108425147,0.5873438683315296,0.7580151112926281,0.7336244541484717,6.25e-05
v2_thr05,4,203,0.4936016086744298,0.5840302984512861,0.7620992444353686,0.7467811158798283,6.25e-05
v2_thr05,4,204,0.49303690939879796,0.5921556747967924,0.7610782111496835,0.7232142857142857,6.25e-05
v2_thr05,4,205,0.4929831440712739,0.5891375612856736,0.7608740044925465,0.7280701754385965,6.25e-05
v2_thr05,4,206,0.4910012176669545,0.5958114334599889,0.7604655911782724,0.7181818181818181,6.25e-05
v2_thr05,4,207,0.49304569039906265,0.5861826488627723,0.760976107821115,0.7391304347826086,6.25e-05
v2_thr05,4,208,0.48959714739938615,0.5786370329595917,0.7637328976924648,0.7666666666666667,6.25e-05
v2_thr05,4,209,0.49297599601829406,0.5969800545801571,0.7616908311210946,0.7181818181818181,6.25e-05
v2_thr05,4,210,0.4949955881584717,0.5848746987717661,0.761384521135389,0.7359307359307359,6.25e-05
v2_thr05,4,211,0.49510491763770265,0.5798198310890008,0.7626097610782111,0.7563025210084033,6.25e-05
v2_thr05,4,212,0.4933974152080623,0.5864555301950939,0.7623034510925057,0.7359307359307359,6.25e-05
v2_thr05,4,213,0.49289104012487645,0.5789956619490438,0.7607719011639779,0.757201646090535,6.25e-05
v2_thr05,4,214,0.494840385100963,0.5869470354336411,0.7617929344496631,0.7391304347826086,6.25e-05
v2_thr05,4,215,0.4956683911422434,0.5852364117826395,0.7626097610782111,0.7359307359307359,6.25e-05
v2_thr05,4,216,0.4941351914447724,0.5844832391881231,0.761384521135389,0.7413793103448276,6.25e-05
v2_thr05,4,217,0.49372781312947533,0.5772310940187368,0.7631202777210536,0.7622950819672131,6.25e-05
v2_thr05,4,218,0.4921087787105245,0.5802678207852947,0.7600571778639984,0.7615062761506276,6.25e-05
v2_thr05,4,219,0.4953284573680697,0.5834726931443855,0.7633244843781907,0.7413793103448276,6.25e-05
v2_thr05,4,220,0.4936465297306778,0.5854296328416512,0.7618950377782315,0.7359307359307359,3.125e-05
v2_thr05,4,221,0.491713431786569,0.582896937185259,0.7633244843781907,0.7413793103448276,3.125e-05
v2_thr05,4,222,0.49261632226473,0.5823110134447392,0.7629160710639167,0.7521367521367521,3.125e-05
v2_thr05,4,223,0.4910777270898668,0.5816460794477321,0.7629160710639167,0.759493670886076,3.125e-05
v2_thr05,4,224,0.48869192228375924,0.5859824982448597,0.7623034510925056,0.7413793103448276,3.125e-05
v2_thr05,4,225,0.49228414290818684,0.5851083916811207,0.7634265877067592,0.7359307359307359,3.125e-05
v2_thr05,4,226,0.4894637604798919,0.5888863463899983,0.761588727792526,0.7256637168141593,3.125e-05
v2_thr05,4,227,0.4893321034568894,0.584824424477952,0.7631202777210537,0.7413793103448276,3.125e-05
v2_thr05,4,228,0.4884906807138547,0.5830391793701779,0.7638350010210333,0.7467811158798283,3.125e-05
v2_thr05,4,229,0.4962104663698032,0.5828170349348837,0.7627118644067796,0.7467811158798283,3.125e-05
v2_thr05,4,230,0.4903326801340274,0.5882512704649968,0.7623034510925055,0.7368421052631579,3.125e-05
v2_thr05,4,231,0.49622341304336576,0.5876392819988194,0.7620992444353685,0.7391304347826086,3.125e-05
v2_thr05,4,232,0.4898101937791794,0.5890204254074476,0.761588727792526,0.7400881057268722,3.125e-05
v2_thr05,4,233,0.49216526301548225,0.5863415589973108,0.7637328976924647,0.7304347826086957,3.125e-05
v2_thr05,4,234,0.49704745799460187,0.5791476852265164,0.7634265877067592,0.759493670886076,3.125e-05
v2_thr05,4,235,0.4961281628307014,0.5992566341191382,0.7623034510925056,0.7188940092165899,3.125e-05
v2_thr05,4,236,0.489026468227534,0.5825384813754713,0.7636307943638962,0.7413793103448276,3.125e-05
v2_thr05,4,237,0.491556095532248,0.5837257964101004,0.7625076577496426,0.7467811158798283,3.125e-05
v2_thr05,4,238,0.492316829823023,0.5902754655524866,0.7618950377782315,0.7288888888888889,3.125e-05
v2_thr05,4,239,0.49407715244326733,0.5849114199775961,0.7631202777210537,0.7359307359307359,3.125e-05
v2_thr05,4,240,0.4948839667811335,0.5865381867138307,0.7625076577496427,0.7359307359307359,1.5625e-05
v2_thr05,4,241,0.4938915510169232,0.5846075323683706,0.7630181743924851,0.7413793103448276,1.5625e-05
v2_thr05,4,242,0.4901595629476705,0.5865963086559998,0.7620992444353686,0.7359307359307359,1.5625e-05
v2_thr05,4,243,0.49119504914342416,0.5830386669481572,0.7625076577496426,0.7413793103448276,1.5625e-05
v2_thr05,4,244,0.489430338196679,0.5859073430151489,0.7627118644067797,0.7304347826086957,1.5625e-05
v2_thr05,4,245,0.49639345598137025,0.581474921003503,0.7634265877067593,0.7435897435897436,1.5625e-05
v2_thr05,4,246,0.4916266112838772,0.58043192868209,0.7638350010210332,0.7435897435897436,1.5625e-05
v2_thr05,4,247,0.49014880991359167,0.5841441391712398,0.762405554421074,0.7467811158798283,1.5625e-05
v2_thr05,4,248,0.4959572577727909,0.5840667515844848,0.7635286910353278,0.7359307359307359,1.5625e-05
v2_thr05,4,249,0.49467040501495657,0.5806378179521703,0.7630181743924851,0.7542372881355932,1.5625e-05
v2_thr05,4,250,0.4896527384203222,0.5820625219772111,0.762405554421074,0.7574468085106383,1.5625e-05
v2_thr05,4,251,0.4915813488365267,0.5847046553198971,0.7631202777210536,0.7413793103448276,7.8125e-06
v2_thr05,4,252,0.49132565213842005,0.5819882397627949,0.7636307943638962,0.7467811158798283,7.8125e-06
v2_thr05,4,253,0.4901975145029896,0.5834444577421122,0.7635286910353277,0.7413793103448276,7.8125e-06
v2_thr05,4,254,0.4911248521561782,0.5864774220025362,0.7616908311210945,0.7413793103448276,7.8125e-06
v2_thr05,4,255,0.49095756454501294,0.5838460305436927,0.7634265877067592,0.7413793103448276,7.8125e-06
v2_thr05,4,256,0.4902868222163725,0.5837684602879766,0.7630181743924852,0.7413793103448276,7.8125e-06
v2_thr05,4,257,0.49316208653793603,0.5836339281566107,0.7630181743924852,0.7413793103448276,7.8125e-06
v2_thr05,4,258,0.4898682021927121,0.5829455057779948,0.7630181743924852,0.7413793103448276,7.8125e-06
