,tp53_binary,gcn_proba
ACH-001113,1,0.6214680671691895
ACH-001289,0,0.548054575920105
ACH-001339,1,0.5999321937561035
ACH-001979,0,0.6115650534629822
ACH-002438,0,0.5961561799049377
ACH-001538,0,0.615347146987915
ACH-000242,0,0.6968656182289124
ACH-000708,0,0.580800473690033
ACH-000327,0,0.642216145992279
ACH-000233,1,0.5460740923881531
ACH-000461,1,0.6951465010643005
ACH-000705,1,0.620620846748352
ACH-001794,0,0.5580505728721619
ACH-002023,1,0.6800550818443298
ACH-000528,1,0.5991009473800659
ACH-002501,0,0.526409387588501
ACH-001655,1,0.5572742223739624
ACH-000167,0,0.4941488802433014
ACH-000792,1,0.6020097732543945
ACH-001098,1,0.6999140381813049
ACH-000570,1,0.6053191423416138
ACH-000351,1,0.6611310839653015
ACH-002075,1,0.5647780299186707
ACH-002040,1,0.5582736730575562
ACH-000769,1,0.5877137780189514
ACH-000154,0,0.571618378162384
ACH-000828,0,0.6703637838363647
ACH-000421,1,0.6972569227218628
ACH-000765,1,0.6011058688163757
ACH-001375,1,0.6174135804176331
ACH-000008,0,0.5932674407958984
ACH-001814,0,0.5589149594306946
ACH-000800,1,0.5618832111358643
ACH-000606,1,0.6958447694778442
ACH-000317,0,0.6271164417266846
ACH-001492,0,0.46782273054122925
ACH-000123,0,0.5136971473693848
ACH-000723,1,0.7089784741401672
ACH-002066,1,0.6612546443939209
ACH-001536,0,0.6159648895263672
ACH-003136,0,0.5762596130371094
ACH-000313,1,0.6008297204971313
ACH-002019,0,0.7292937636375427
ACH-000728,0,0.4358719289302826
ACH-000700,1,0.6016512513160706
ACH-000823,1,0.626800000667572
ACH-000678,1,0.7105352878570557
ACH-000006,1,0.4771278500556946
ACH-002790,0,0.6028432846069336
ACH-002029,1,0.6199105978012085
ACH-001377,0,0.6726368069648743
ACH-000754,1,0.4923166036605835
ACH-000465,0,0.6026419401168823
ACH-000138,1,0.6311246156692505
ACH-001864,1,0.700124204158783
ACH-000383,1,0.6560246348381042
ACH-001547,0,0.6352291703224182
ACH-000917,1,0.7516607642173767
ACH-002471,0,0.6021672487258911
ACH-000984,1,0.6203604340553284
ACH-002678,1,0.402844101190567
ACH-001409,1,0.6100811958312988
ACH-001707,0,0.4768444299697876
ACH-000117,1,0.6106250286102295
ACH-000999,1,0.6909311413764954
ACH-000633,1,0.6320297122001648
ACH-000520,1,0.6023998260498047
ACH-000176,1,0.5908380150794983
ACH-000017,1,0.6680530309677124
ACH-000020,0,0.5008801221847534
ACH-001385,0,0.5197528600692749
ACH-000587,1,0.6809253096580505
ACH-000785,1,0.6196848154067993
ACH-003469,0,0.561730682849884
ACH-000554,1,0.6480535864830017
ACH-003180,0,0.4641714096069336
ACH-001398,0,0.5994300842285156
ACH-001991,0,0.5177565813064575
ACH-001332,1,0.6124634146690369
ACH-000585,1,0.6342400312423706
ACH-000550,1,0.5525282025337219
ACH-000627,1,0.6230127811431885
ACH-000704,0,0.6066219210624695
ACH-000276,1,0.7002106308937073
ACH-000075,0,0.5944221019744873
ACH-000818,1,0.6207972764968872
ACH-003184,0,0.6056961417198181
ACH-001616,0,0.46625202894210815
ACH-000625,0,0.6663123369216919
ACH-000941,1,0.6428302526473999
ACH-000392,1,0.6196086406707764
ACH-000269,0,0.5959209203720093
ACH-001670,1,0.5312432646751404
ACH-003133,0,0.62154221534729
ACH-000856,0,0.6319404244422913
ACH-002687,0,0.5277708768844604
ACH-001119,0,0.4722568690776825
ACH-003132,0,0.5525423884391785
ACH-000376,1,0.5658444166183472
ACH-000685,1,0.635294497013092
ACH-000729,1,0.5667086839675903
ACH-001034,0,0.5670487284660339
ACH-001283,1,0.5354821681976318
ACH-000880,0,0.6709578633308411
ACH-000035,1,0.6768009662628174
ACH-001200,0,0.5256149768829346
ACH-000194,0,0.5133318305015564
ACH-000322,0,0.593553364276886
ACH-000552,1,0.6183510422706604
ACH-002508,1,0.5963786244392395
ACH-000222,1,0.6786359548568726
ACH-000260,0,0.6291131973266602
ACH-001652,0,0.6230993270874023
ACH-000608,1,0.6279366612434387
ACH-000501,1,0.6175970435142517
ACH-000612,0,0.44393685460090637
ACH-002033,1,0.6036458611488342
ACH-001184,0,0.5462990999221802
ACH-001688,0,0.6219881176948547
ACH-001838,1,0.6242714524269104
ACH-000638,1,0.648780345916748
ACH-001846,1,0.708840012550354
ACH-000798,1,0.5836118459701538
ACH-001321,0,0.7002519369125366
ACH-000894,1,0.6574589014053345
ACH-001559,1,0.5754027962684631
ACH-000344,1,0.6079604029655457
ACH-000223,1,0.6661209464073181
ACH-000031,1,0.6467891931533813
ACH-000034,0,0.4212501645088196
ACH-001861,1,0.6648034453392029
ACH-003468,1,0.5849712491035461
ACH-000772,0,0.6325348019599915
ACH-000946,0,0.6060927510261536
ACH-000596,1,0.687519371509552
ACH-001046,0,0.3816628158092499
ACH-000632,1,0.6712543368339539
ACH-000978,1,0.6339787840843201
ACH-000332,1,0.6427438259124756
ACH-001841,1,0.6198123097419739
ACH-003273,1,0.4457951784133911
ACH-000179,1,0.6086130738258362
ACH-000887,1,0.6791772246360779
ACH-000368,1,0.5358546376228333
ACH-000240,0,0.19778263568878174
ACH-000578,0,0.6593805551528931
ACH-001611,0,0.5644654035568237
ACH-000135,0,0.6050364971160889
ACH-001671,0,0.6189043521881104
ACH-000406,1,0.46750590205192566
ACH-001541,1,0.4830367863178253
ACH-000998,0,0.6481404900550842
ACH-000441,0,0.5871661305427551
ACH-000960,1,0.42923182249069214
ACH-000098,1,0.6127119064331055
ACH-001651,0,0.6632605791091919
ACH-001456,1,0.5769932270050049
ACH-001336,0,0.6964617967605591
ACH-000284,0,0.5014077425003052
ACH-000971,0,0.6944342255592346
ACH-001454,0,0.6289207339286804
ACH-000926,1,0.6650850772857666
ACH-000033,0,0.7039011120796204
ACH-000576,1,0.49741101264953613
ACH-000019,0,0.6440469026565552
ACH-001577,0,0.4834394156932831
ACH-001981,0,0.5710887908935547
ACH-000330,1,0.6606242060661316
ACH-000848,1,0.5754674673080444
ACH-000481,1,0.6428064703941345
ACH-001517,1,0.5742167234420776
ACH-000338,1,0.4643443524837494
ACH-001959,1,0.5329546332359314
ACH-001414,0,0.6559725403785706
ACH-001227,0,0.6337103247642517
ACH-000871,1,0.6229357719421387
ACH-001403,1,0.6420223116874695
ACH-000805,0,0.6433877348899841
ACH-001142,0,0.6085267663002014
ACH-001554,0,0.5470201969146729
ACH-001667,0,0.5855053067207336
ACH-000847,1,0.5596369504928589
ACH-001447,1,0.3963707685470581
ACH-001537,0,0.57520991563797
ACH-001207,0,0.532516598701477
ACH-001854,0,0.6190885305404663
ACH-000832,1,0.614684522151947
ACH-001975,1,0.574028730392456
ACH-000428,0,0.6462192535400391
ACH-001382,1,0.6788918972015381
ACH-001302,0,0.5222288370132446
ACH-000690,0,0.6313207149505615
ACH-001134,0,0.4745183289051056
ACH-000914,1,0.3996336758136749
ACH-000858,1,0.7188715934753418
ACH-001421,1,0.5721938014030457
ACH-002796,0,0.5343127846717834
ACH-003183,1,0.5717330574989319
ACH-002716,0,0.47593387961387634
ACH-003100,0,0.37176236510276794
ACH-000544,1,0.6456848382949829
ACH-000725,1,0.677119255065918
ACH-000566,1,0.6442312598228455
ACH-000760,0,0.6402933597564697
ACH-001745,1,0.5158920884132385
ACH-000787,1,0.6349374651908875
ACH-001598,0,0.5623630285263062
ACH-000749,1,0.5792936682701111
ACH-001691,1,0.5887694954872131
ACH-001328,1,0.6846951246261597
ACH-001704,0,0.6073750257492065
ACH-001502,0,0.6031345129013062
ACH-002844,0,0.5188742876052856
ACH-001068,0,0.45346975326538086
ACH-000358,1,0.6017553806304932
ACH-002695,1,0.6549893021583557
ACH-001672,0,0.6637177467346191
ACH-001654,1,0.6789866089820862
ACH-001521,1,0.611894428730011
ACH-000209,0,0.7057099342346191
ACH-001520,0,0.41066837310791016
ACH-000213,1,0.6040127873420715
ACH-001610,1,0.5887770652770996
ACH-001408,1,0.6368918418884277
ACH-000991,1,0.6514167189598083
ACH-001412,1,0.6969566941261292
ACH-000331,1,0.6446086168289185
ACH-001407,1,0.5866984128952026
ACH-000580,0,0.5921755433082581
ACH-000594,1,0.6480146646499634
ACH-000684,0,0.5907747745513916
ACH-000742,0,0.5328859686851501
ACH-000868,1,0.633956253528595
ACH-000732,1,0.6102230548858643
ACH-001481,1,0.6151881217956543
ACH-000429,0,0.6249147653579712
ACH-000310,0,0.5260188579559326
ACH-002475,1,0.5514690279960632
ACH-000643,1,0.639291524887085
ACH-000234,0,0.6376351118087769
ACH-003267,0,0.6799072623252869
ACH-001498,1,0.3904702961444855
ACH-000896,1,0.6216617226600647
ACH-003451,0,0.6360544562339783
ACH-000203,0,0.5957192182540894
ACH-001607,1,0.6633411645889282
ACH-002706,1,0.7017292976379395
ACH-001441,0,0.4984850287437439
ACH-000112,0,0.4905010461807251
ACH-000874,0,0.46288001537323
ACH-000186,1,0.7086005806922913
ACH-002780,1,0.5017912983894348
ACH-000677,0,0.6100034713745117
ACH-000055,1,0.5460953712463379
ACH-000485,1,0.580471932888031
ACH-000672,1,0.6511258482933044
ACH-001150,0,0.5737435221672058
ACH-000287,1,0.4632986783981323
ACH-000784,1,0.6311670541763306
ACH-000530,1,0.5926828384399414
ACH-002024,1,0.5885508060455322
ACH-000380,1,0.49188196659088135
ACH-001737,0,0.4673551321029663
ACH-001400,1,0.5632928013801575
ACH-001054,0,0.4769311249256134
ACH-001695,1,0.6805007457733154
ACH-000009,1,0.6948177814483643
ACH-000491,1,0.5482622981071472
ACH-001703,0,0.45697730779647827
ACH-000002,0,0.41097792983055115
ACH-001568,0,0.5298356413841248
ACH-001449,0,0.4425179660320282
ACH-000993,1,0.6220834851264954
ACH-002680,1,0.5921152234077454
ACH-000877,1,0.4632358253002167
ACH-000711,1,0.6988373398780823
ACH-001515,0,0.7219973206520081
ACH-002847,0,0.6084911823272705
ACH-000702,0,0.4631812870502472
ACH-001020,0,0.5425606369972229
ACH-000600,0,0.6156094074249268
ACH-003266,0,0.6904727220535278
ACH-000354,1,0.6748107075691223
ACH-000012,1,0.7098720073699951
ACH-000689,0,0.5638293027877808
ACH-002668,1,0.47918111085891724
ACH-002533,0,0.6744089722633362
ACH-000459,0,0.6081026196479797
ACH-002050,0,0.32404568791389465
ACH-003120,1,0.643239438533783
ACH-001413,0,0.6297597885131836
ACH-000686,1,0.6405526995658875
ACH-000342,1,0.6847085952758789
ACH-000208,1,0.3638474643230438
ACH-000360,1,0.6409975290298462
ACH-000249,1,0.6316490769386292
ACH-001368,1,0.5269048810005188
ACH-000231,1,0.4102160334587097
ACH-002074,1,0.6135503649711609
ACH-000945,1,0.6737072467803955
ACH-000662,0,0.7276554107666016
ACH-002458,0,0.6259132027626038
ACH-001378,0,0.6091580986976624
ACH-001029,1,0.5738685727119446
ACH-001817,0,0.5021086931228638
ACH-002846,0,0.5349692106246948
ACH-000248,1,0.6624536514282227
ACH-000943,0,0.5104676485061646
ACH-000751,1,0.4888116419315338
ACH-001696,1,0.6174250841140747
ACH-002936,1,0.504935622215271
ACH-001016,1,0.6323662400245667
ACH-000282,0,0.6815318465232849
ACH-003438,1,0.5947555303573608
ACH-002215,0,0.5276343822479248
ACH-000261,1,0.6135528087615967
ACH-000164,1,0.6603101491928101
ACH-001793,0,0.6113853454589844
ACH-000262,0,0.5986427068710327
ACH-000158,0,0.4133166968822479
ACH-000773,0,0.5243058204650879
ACH-000722,1,0.5679954886436462
ACH-000857,1,0.7200037837028503
ACH-001129,1,0.4412956237792969
ACH-001619,1,0.675504207611084
ACH-000184,0,0.4765383303165436
ACH-000329,0,0.5498665571212769
ACH-001569,1,0.600138247013092
ACH-002544,1,0.6533313393592834
ACH-002675,1,0.5172961950302124
ACH-000814,0,0.606377899646759
ACH-002499,1,0.7397155165672302
ACH-001493,1,0.4694867432117462
ACH-001701,1,0.6059249639511108
ACH-000197,1,0.47797662019729614
ACH-000545,1,0.6573973298072815
ACH-000949,1,0.6617158055305481
ACH-000124,0,0.4643983840942383
ACH-000560,0,0.5988805294036865
ACH-000897,1,0.625524640083313
ACH-001626,1,0.6261557936668396
ACH-000619,1,0.6207219958305359
ACH-001973,1,0.5614796280860901
ACH-001340,1,0.7221463322639465
ACH-000546,1,0.638992428779602
ACH-001709,1,0.3908692002296448
ACH-002018,0,0.5338594913482666
ACH-000153,0,0.6319669485092163
ACH-000526,0,0.5164846181869507
ACH-000116,1,0.646892786026001
ACH-000815,0,0.5171465873718262
ACH-001270,0,0.6311641931533813
ACH-002523,1,0.619581401348114
ACH-000324,0,0.6943216323852539
ACH-001949,0,0.6065161228179932
ACH-001561,0,0.6824642419815063
ACH-000842,1,0.6465418338775635
ACH-000898,0,0.6542103886604309
ACH-000517,1,0.6736182570457458
ACH-001980,0,0.5563380122184753
ACH-001415,1,0.6468709111213684
ACH-000681,0,0.612233579158783
ACH-001310,0,0.596088171005249
ACH-000070,0,0.48957231640815735
ACH-000484,1,0.6621258854866028
ACH-003426,0,0.5884283781051636
ACH-000108,1,0.6247819066047668
ACH-000808,1,0.40780240297317505
ACH-000656,1,0.4571778476238251
ACH-000166,1,0.5090494751930237
ACH-000997,1,0.5853101015090942
ACH-000866,1,0.7059279680252075
ACH-000819,1,0.6045597195625305
ACH-000226,0,0.5419886112213135
ACH-000087,1,0.5570388436317444
ACH-000340,1,0.5336814522743225
ACH-002005,1,0.5688982009887695
ACH-001680,1,0.39265143871307373
ACH-000758,1,0.6097896695137024
ACH-000196,1,0.6833571195602417
ACH-003141,0,0.5360805988311768
ACH-000258,0,0.5837188959121704
ACH-000163,1,0.39551517367362976
ACH-000076,1,0.5433741807937622
ACH-000509,1,0.5379286408424377
ACH-001193,1,0.5521824359893799
ACH-000571,1,0.6063172817230225
ACH-000391,1,0.6039666533470154
ACH-000293,1,0.6512470245361328
ACH-003138,0,0.5645228028297424
ACH-000532,1,0.5796518325805664
ACH-000584,1,0.64920973777771
ACH-001690,1,0.7029773592948914
ACH-000586,1,0.6718704700469971
ACH-000944,1,0.4880926311016083
ACH-003149,0,0.576621413230896
ACH-000561,1,0.6918354630470276
ACH-001648,0,0.609764575958252
ACH-000394,0,0.6366974711418152
ACH-000954,1,0.6103063821792603
ACH-000204,1,0.4387432634830475
ACH-000160,0,0.5368291735649109
ACH-003460,1,0.39347371459007263
ACH-000989,0,0.6247039437294006
ACH-001347,1,0.6104444861412048
ACH-000691,1,0.6502919793128967
ACH-000268,1,0.6403716802597046
ACH-001209,0,0.47074082493782043
ACH-003456,0,0.5748769044876099
ACH-000119,0,0.5555716156959534
ACH-000379,1,0.6818423271179199
ACH-001341,0,0.669329822063446
ACH-000714,0,0.5257114768028259
ACH-000937,1,0.5251138210296631
ACH-000763,0,0.5030257105827332
ACH-002834,0,0.6018128395080566
ACH-001673,1,0.6592268943786621
ACH-000326,1,0.5239657759666443
ACH-000300,0,0.6064928770065308
ACH-002994,0,0.4914303421974182
ACH-000901,1,0.5782162547111511
ACH-000816,1,0.5922324657440186
ACH-000641,1,0.5167722702026367
ACH-000511,0,0.6161417365074158
ACH-002077,1,0.6120052337646484
ACH-000583,1,0.38436612486839294
ACH-000836,1,0.6205617785453796
ACH-000975,1,0.6043447256088257
ACH-000109,1,0.5962789058685303
ACH-000467,1,0.5994594693183899
ACH-000712,1,0.6502251625061035
ACH-000671,1,0.6671447157859802
ACH-000523,1,0.6128239631652832
ACH-000864,1,0.6049379706382751
ACH-000726,1,0.6933799386024475
ACH-000136,0,0.5677483081817627
ACH-002067,1,0.5824874639511108
ACH-000440,1,0.4678776264190674
ACH-002539,1,0.5767520666122437
ACH-001461,0,0.5646440386772156
ACH-000890,1,0.5865533947944641
ACH-001692,0,0.6065930724143982
ACH-000027,0,0.5956062078475952
ACH-000562,1,0.7000753879547119
ACH-000748,0,0.44615623354911804
ACH-001669,1,0.4683670699596405
ACH-000834,1,0.6162188053131104
ACH-000565,1,0.6154246926307678
ACH-000449,0,0.5489749908447266
ACH-000399,1,0.6944624781608582
ACH-002080,0,0.4944128692150116
ACH-000770,1,0.5448561906814575
ACH-000710,0,0.65382981300354
ACH-000507,1,0.5849300622940063
ACH-000066,1,0.6909001469612122
ACH-000022,1,0.637091875076294
ACH-001668,0,0.5623725056648254
ACH-000334,1,0.38727396726608276
ACH-000374,1,0.64662104845047
ACH-000519,1,0.4901181757450104
ACH-000908,0,0.5623348355293274
ACH-002003,0,0.5941289663314819
ACH-000574,1,0.6180006265640259
ACH-000148,1,0.5514804124832153
ACH-002461,1,0.5791546106338501
ACH-000646,0,0.6561923623085022
ACH-000314,1,0.6485099196434021
ACH-001705,1,0.6146827936172485
ACH-000040,1,0.5645378828048706
ACH-001057,0,0.42903995513916016
ACH-000430,1,0.5701398849487305
ACH-001041,1,0.5753203630447388
ACH-001988,0,0.5623882412910461
ACH-001977,0,0.6408627033233643
ACH-000370,1,0.6259989738464355
ACH-001630,1,0.7257680296897888
ACH-000437,1,0.6165192127227783
ACH-000498,1,0.5179078578948975
ACH-001392,1,0.5794022083282471
ACH-000503,1,0.6899071931838989
ACH-002778,0,0.5894132852554321
ACH-000328,1,0.6031883358955383
ACH-000403,1,0.6829692721366882
ACH-000400,0,0.6433964371681213
ACH-000224,0,0.5882065892219543
ACH-000318,1,0.7311726808547974
ACH-003472,0,0.6051087975502014
ACH-001430,0,0.5488477945327759
ACH-000928,0,0.6943579316139221
ACH-000893,1,0.6946129202842712
ACH-000889,1,0.4372451603412628
ACH-000799,0,0.6444031596183777
ACH-001623,1,0.5949801802635193
ACH-000736,1,0.5934004783630371
ACH-000876,1,0.625970184803009
ACH-001232,1,0.3454032838344574
ACH-001618,1,0.504203200340271
ACH-001828,0,0.40868309140205383
ACH-002650,1,0.7198897004127502
ACH-000235,1,0.6450967192649841
ACH-000381,1,0.6514278054237366
ACH-001993,1,0.4330543875694275
ACH-001301,0,0.5462573170661926
ACH-000854,0,0.48764342069625854
ACH-000187,1,0.5914990901947021
ACH-000543,1,0.42783600091934204
ACH-000569,0,0.5893304944038391
ACH-000668,1,0.5676835775375366
ACH-000134,0,0.596621572971344
ACH-000924,1,0.6423594355583191
ACH-003473,1,0.6032522916793823
ACH-001450,1,0.4258864223957062
ACH-000296,1,0.7016156315803528
ACH-002034,0,0.5292491912841797
ACH-002781,0,0.6183297038078308
ACH-000713,1,0.654456615447998
ACH-001360,0,0.6134601831436157
ACH-002921,0,0.6099391579627991
ACH-000273,1,0.5621588230133057
ACH-001715,0,0.5864495038986206
ACH-001617,1,0.45023977756500244
ACH-000639,1,0.5664456486701965
ACH-000590,1,0.7297620177268982
ACH-000553,1,0.7312589883804321
ACH-000084,0,0.5398233532905579
ACH-000094,1,0.6023499369621277
ACH-000361,0,0.6200687289237976
ACH-000719,0,0.6569936275482178
ACH-001396,1,0.5677533745765686
ACH-001848,0,0.6167523264884949
ACH-000339,1,0.630133330821991
ACH-002048,0,0.625278115272522
ACH-000218,1,0.4969027042388916
ACH-002486,1,0.6501734256744385
ACH-002711,0,0.40149974822998047
ACH-000789,1,0.5747886896133423
ACH-000413,0,0.5987846851348877
ACH-000125,0,0.5243552923202515
ACH-000180,1,0.5963392853736877
ACH-000215,1,0.4238223731517792
ACH-001001,1,0.6835704445838928
ACH-000407,1,0.5867208242416382
ACH-002170,1,0.5696738362312317
ACH-002027,0,0.6468383073806763
ACH-001132,1,0.40886110067367554
ACH-001278,0,0.5485191941261292
ACH-000032,0,0.4994286894798279
ACH-003108,1,0.4738212823867798
ACH-001419,1,0.683384895324707
ACH-000494,0,0.6384127140045166
ACH-000865,1,0.6776324510574341
ACH-000439,1,0.41403844952583313
ACH-001523,1,0.6997106671333313
ACH-001983,0,0.6250341534614563
ACH-000024,1,0.5109242796897888
ACH-000674,0,0.6658132672309875
ACH-000670,1,0.5493014454841614
ACH-000599,1,0.6420164704322815
ACH-000263,1,0.4617730379104614
ACH-003191,0,0.5870128870010376
ACH-000303,1,0.6628215909004211
ACH-001551,1,0.6614031195640564
ACH-002795,0,0.5905778408050537
ACH-000793,0,0.5815320014953613
ACH-002511,0,0.5597867965698242
ACH-000286,1,0.7036226391792297
ACH-000250,1,0.6078631281852722
ACH-000139,0,0.7119486331939697
ACH-001735,1,0.4481213688850403
ACH-002013,0,0.5098314881324768
ACH-001389,1,0.6412981152534485
ACH-001183,1,0.6024404764175415
ACH-000551,1,0.5496765375137329
ACH-003101,0,0.4655742943286896
ACH-001163,1,0.5605339407920837
ACH-000037,1,0.5893380045890808
ACH-000744,1,0.6302400231361389
ACH-000420,1,0.6688374876976013
ACH-000336,0,0.5203730463981628
ACH-000486,0,0.7519103288650513
ACH-000679,1,0.5801653861999512
ACH-001557,0,0.5997191667556763
ACH-000247,0,0.6307612657546997
ACH-000947,1,0.5578320622444153
ACH-000807,1,0.6615581512451172
ACH-000476,1,0.6704528331756592
ACH-000525,1,0.6234154105186462
ACH-003154,0,0.6506432294845581
ACH-001148,0,0.5050234794616699
ACH-003455,0,0.6176528334617615
ACH-000853,1,0.6913591623306274
ACH-000083,0,0.5023524761199951
ACH-000479,0,0.5868434906005859
ACH-000230,0,0.27291613817214966
ACH-001664,1,0.5778681635856628
ACH-002705,1,0.6812357902526855
ACH-002937,0,0.6247928142547607
ACH-000955,1,0.6503276228904724
ACH-000049,0,0.6560924649238586
ACH-000675,1,0.6681458950042725
ACH-000199,0,0.5368189811706543
ACH-000193,1,0.5322153568267822
ACH-001686,1,0.42576420307159424
ACH-000538,0,0.550578236579895
ACH-002490,1,0.7069928646087646
ACH-001683,1,0.659489631652832
ACH-001990,1,0.5980130434036255
ACH-001438,0,0.595384418964386
ACH-001647,1,0.4834083318710327
ACH-002043,1,0.5782292485237122
ACH-001649,0,0.613271951675415
ACH-000155,1,0.7050663828849792
ACH-000270,1,0.6425879597663879
ACH-003106,0,0.4404140114784241
ACH-003177,1,0.5625818967819214
ACH-000683,1,0.640945315361023
ACH-002017,0,0.5326618552207947
ACH-000655,1,0.6052337288856506
ACH-000145,1,0.6005683541297913
ACH-001495,1,0.6312803030014038
ACH-000188,1,0.6301742196083069
ACH-003458,1,0.5874281525611877
ACH-000080,0,0.5001408457756042
ACH-000146,1,0.5189526081085205
ACH-000415,1,0.7128781080245972
ACH-001518,1,0.6655683517456055
ACH-002290,0,0.4743168354034424
ACH-000891,1,0.6561988592147827
ACH-001625,1,0.6863415837287903
ACH-001985,1,0.6069971919059753
ACH-000895,1,0.5950403809547424
ACH-000851,1,0.658534049987793
ACH-000824,1,0.7260449528694153
ACH-000506,1,0.6205915808677673
ACH-001427,0,0.5384189486503601
ACH-000540,0,0.2422899752855301
ACH-000061,1,0.46741482615470886
ACH-000185,0,0.5084854364395142
ACH-000568,0,0.5997742414474487
ACH-000707,1,0.3717119097709656
ACH-000603,1,0.6164522171020508
ACH-000983,1,0.5479084253311157
ACH-000541,1,0.534777045249939
ACH-000680,1,0.6589048504829407
ACH-002460,0,0.5281654000282288
ACH-000111,1,0.7180389761924744
ACH-002463,1,0.568031370639801
ACH-000369,1,0.5017845630645752
ACH-002928,0,0.5544114112854004
ACH-000618,1,0.6384271383285522
ACH-000470,1,0.6054947376251221
ACH-003150,0,0.5606405138969421
ACH-002039,1,0.6798819899559021
ACH-000118,1,0.6306353211402893
ACH-000614,0,0.587775707244873
ACH-001338,0,0.5347223877906799
ACH-000432,0,0.4178641736507416
ACH-000556,0,0.674784243106842
ACH-001804,1,0.5213313698768616
ACH-001386,1,0.5798790454864502
ACH-001060,1,0.46201518177986145
ACH-001525,1,0.6131513118743896
ACH-001539,1,0.39226120710372925
ACH-000014,0,0.5392809510231018
ACH-002785,0,0.5463560223579407
ACH-000637,1,0.6430385708808899
ACH-002693,1,0.6072309613227844
ACH-001855,0,0.6249828338623047
ACH-000455,1,0.6563759446144104
ACH-000389,0,0.6243382692337036
ACH-002710,1,0.5145347118377686
ACH-000129,0,0.6305040717124939
ACH-000490,0,0.6604712009429932
ACH-000434,1,0.6675563454627991
ACH-001086,0,0.6533003449440002
ACH-002042,1,0.6168912649154663
ACH-000597,0,0.5141132473945618
ACH-000756,1,0.5876290202140808
ACH-000396,1,0.6088336706161499
ACH-003148,0,0.6022777557373047
ACH-000089,1,0.6077584624290466
ACH-002478,0,0.4408944547176361
ACH-000371,1,0.4486055374145508
ACH-000265,0,0.6356205940246582
ACH-000132,1,0.7278421521186829
ACH-000216,1,0.6779349446296692
ACH-000613,1,0.6645727157592773
ACH-000855,1,0.6036989092826843
ACH-000906,1,0.5722023844718933
ACH-000348,1,0.5943124294281006
ACH-001100,1,0.45668265223503113
ACH-000238,1,0.6450454592704773
ACH-000237,1,0.6128483414649963
ACH-003099,1,0.7137117385864258
ACH-000393,1,0.6252721548080444
ACH-003107,0,0.5162972807884216
ACH-000623,1,0.5929934978485107
ACH-000359,0,0.5622251033782959
ACH-001028,1,0.4928092062473297
ACH-000621,1,0.6116671562194824
ACH-001641,1,0.6163894534111023
ACH-000056,0,0.47762531042099
ACH-000483,1,0.6548916697502136
ACH-003308,0,0.6079529523849487
ACH-000514,1,0.593251645565033
ACH-000051,0,0.6128824353218079
ACH-003433,1,0.6439900398254395
ACH-000043,0,0.545641303062439
ACH-000936,1,0.7191323637962341
ACH-000716,1,0.6672308444976807
ACH-000988,1,0.6246581673622131
ACH-000952,0,0.5880262851715088
ACH-001350,1,0.7193062901496887
ACH-000065,0,0.551426112651825
ACH-000609,0,0.573933482170105
ACH-001411,1,0.5886565446853638
ACH-000504,1,0.6298542618751526
ACH-002677,1,0.3981611728668213
ACH-000956,1,0.6051382422447205
ACH-001712,1,0.5922085642814636
ACH-000652,1,0.7102542519569397
ACH-000414,0,0.6867092847824097
ACH-000472,1,0.6229026913642883
ACH-000007,0,0.6404865980148315
ACH-000446,0,0.6231309175491333
ACH-003071,1,0.554435670375824
ACH-000386,1,0.4610823690891266
ACH-001850,1,0.5960342884063721
ACH-000755,0,0.5622860789299011
ACH-001503,0,0.37427863478660583
ACH-000028,0,0.5941005945205688
ACH-000665,1,0.6413955688476562
ACH-001679,0,0.443103551864624
ACH-000078,0,0.5395622849464417
ACH-002046,1,0.4469698667526245
ACH-000397,1,0.7027084231376648
ACH-003145,0,0.6384268403053284
ACH-000229,0,0.5560111403465271
ACH-002925,0,0.5407666563987732
ACH-000518,1,0.6356523633003235
ACH-001566,0,0.5744853615760803
ACH-000252,1,0.6008182168006897
ACH-000572,0,0.622992753982544
ACH-001605,1,0.5574328303337097
ACH-002522,1,0.5968614816665649
ACH-000277,1,0.6497467160224915
ACH-001239,0,0.6218328475952148
ACH-000786,1,0.45275261998176575
ACH-000803,1,0.612503707408905
ACH-001970,0,0.6002109050750732
ACH-002038,1,0.6626931428909302
ACH-000537,1,0.6540486216545105
ACH-002660,1,0.6730109453201294
ACH-002806,1,0.6209508776664734
ACH-000419,1,0.527942955493927
ACH-002782,0,0.567592978477478
ACH-000724,1,0.6145713925361633
ACH-000522,1,0.5958045125007629
ACH-001549,1,0.5660609006881714
ACH-000706,1,0.6898505687713623
ACH-000737,0,0.6211861968040466
ACH-000548,1,0.6364810466766357
ACH-001839,0,0.6201744675636292
ACH-001799,0,0.4981831908226013
ACH-001573,1,0.4833833873271942
ACH-002946,0,0.4930374324321747
ACH-000425,0,0.6008850932121277
ACH-003103,0,0.4632802903652191
ACH-000375,0,0.5489122271537781
ACH-000753,1,0.6013655662536621
ACH-000275,0,0.5064272284507751
ACH-000735,0,0.6860461831092834
ACH-000654,1,0.45315149426460266
ACH-001067,0,0.6515051126480103
ACH-000170,0,0.6330744028091431
ACH-001394,1,0.7238640785217285
ACH-001433,1,0.6256200671195984
ACH-000404,0,0.6563687324523926
ACH-000882,0,0.5926046371459961
ACH-001509,1,0.6895499229431152
ACH-000210,0,0.5314966440200806
ACH-000254,1,0.6903664469718933
ACH-000604,1,0.5310496687889099
ACH-000090,1,0.6316196918487549
ACH-000195,1,0.5541669726371765
ACH-001791,0,0.6528162956237793
ACH-001650,0,0.6177312135696411
ACH-000605,1,0.727702796459198
ACH-000458,1,0.6507710218429565
ACH-003121,1,0.535374104976654
ACH-003125,1,0.5911458134651184
ACH-002084,0,0.5847078561782837
ACH-000004,1,0.5538693070411682
ACH-000251,1,0.6916293501853943
ACH-000241,0,0.4405214190483093
ACH-001194,1,0.6476381421089172
ACH-001987,0,0.5851006507873535
ACH-002055,1,0.37798333168029785
ACH-002689,0,0.6009582281112671
ACH-001443,1,0.5697407126426697
ACH-000688,1,0.5978866219520569
ACH-000405,1,0.4278668165206909
ACH-000821,1,0.5169157981872559
ACH-001677,0,0.4653020203113556
ACH-002526,1,0.652990996837616
ACH-001627,0,0.7234180569648743
ACH-000951,1,0.7040755152702332
ACH-001036,0,0.43433746695518494
ACH-002792,1,0.5726830363273621
ACH-000547,0,0.6215295791625977
ACH-000826,1,0.6515753865242004
ACH-001986,0,0.568702757358551
ACH-001147,1,0.3843012750148773
ACH-002927,0,0.560531497001648
ACH-002470,1,0.5468483567237854
ACH-000162,1,0.45221811532974243
ACH-003139,0,0.5582892894744873
ACH-001751,0,0.5792920589447021
ACH-000018,1,0.6183480620384216
ACH-000721,1,0.5276080965995789
ACH-000003,0,0.6398766040802002
ACH-000092,0,0.49622344970703125
ACH-000669,1,0.7228220701217651
ACH-001099,0,0.5539286732673645
ACH-000648,0,0.6168954968452454
ACH-000950,0,0.6816232800483704
ACH-000050,0,0.5324253439903259
ACH-001106,1,0.4810411334037781
ACH-002051,1,0.5712592005729675
ACH-000367,0,0.6525160670280457
ACH-000589,1,0.7021186351776123
ACH-000564,0,0.4859894812107086
ACH-001522,0,0.5990452170372009
ACH-000831,1,0.6742497086524963
ACH-000424,1,0.5463041067123413
ACH-000409,1,0.6823689937591553
ACH-000616,1,0.5934869050979614
ACH-000628,1,0.502578854560852
ACH-000512,1,0.4625517427921295
ACH-000232,1,0.5986967086791992
ACH-000820,1,0.6531150937080383
ACH-001295,0,0.4963454306125641
ACH-001164,0,0.5992110371589661
ACH-000806,0,0.47714272141456604
ACH-002524,1,0.628776490688324
ACH-000645,0,0.5965309143066406
ACH-000099,0,0.5000309944152832
ACH-000902,1,0.5752531886100769
ACH-000649,1,0.636171281337738
ACH-000086,0,0.6236783862113953
ACH-000149,0,0.5979456901550293
ACH-002538,1,0.6000397801399231
ACH-000142,1,0.6473444700241089
ACH-002535,1,0.624946653842926
ACH-000227,0,0.5243328213691711
ACH-000697,0,0.4365919530391693
ACH-000942,1,0.4065440893173218
ACH-000264,1,0.6785292029380798
ACH-000809,1,0.6239731907844543
ACH-000093,0,0.6316620111465454
ACH-000100,1,0.6361783742904663
ACH-001445,1,0.5777429342269897
ACH-000060,1,0.6513649225234985
ACH-000001,1,0.7254472970962524
ACH-000957,0,0.6707691550254822
ACH-000650,1,0.5838214159011841
ACH-001096,0,0.5217529535293579
ACH-002799,0,0.6414710283279419
ACH-002404,1,0.6368392705917358
ACH-000239,1,0.6348058581352234
ACH-000762,1,0.6519804000854492
ACH-000922,0,0.522964358329773
ACH-002784,1,0.5825115442276001
ACH-002653,0,0.4911704659461975
ACH-000859,1,0.6318366527557373
ACH-000990,1,0.6859024167060852
ACH-000410,0,0.5853295922279358
ACH-001971,0,0.557266891002655
ACH-000927,1,0.6231430172920227
ACH-001853,0,0.6744995713233948
ACH-001978,0,0.6331349611282349
ACH-000694,1,0.6748740077018738
ACH-000935,0,0.6250708103179932
ACH-000918,1,0.4299301505088806
ACH-001984,0,0.593153715133667
ACH-000761,1,0.6236114501953125
ACH-001563,0,0.5740178823471069
ACH-000974,0,0.6804254055023193
ACH-000297,1,0.6024870276451111
ACH-001719,1,0.6888724565505981
ACH-000243,1,0.7291634678840637
ACH-001418,1,0.7266616821289062
ACH-000362,0,0.4323996305465698
ACH-000843,1,0.625385046005249
ACH-002052,1,0.493879109621048
ACH-000840,1,0.6727674603462219
ACH-001852,1,0.6114455461502075
ACH-001528,0,0.5840072631835938
ACH-001656,1,0.48886677622795105
ACH-000016,0,0.6723333597183228
ACH-000165,0,0.6029350757598877
ACH-001460,1,0.6508492231369019
ACH-000592,1,0.6393235921859741
ACH-001192,1,0.5520036816596985
ACH-000045,0,0.48560377955436707
ACH-000741,1,0.76442950963974
ACH-000912,1,0.6200385689735413
ACH-000529,0,0.21960212290287018
ACH-000508,1,0.5886962413787842
ACH-000577,1,0.6286972165107727
ACH-000768,1,0.666649341583252
ACH-000636,1,0.4479190409183502
ACH-000667,1,0.6092817187309265
ACH-000905,1,0.695101797580719
ACH-001494,1,0.608383297920227
ACH-000387,1,0.5472380518913269
ACH-002510,0,0.5912574529647827
ACH-001303,0,0.5550801157951355
ACH-000026,0,0.6459587812423706
ACH-000838,0,0.48729977011680603
ACH-001172,1,0.6196779608726501
ACH-000822,0,0.5899667143821716
ACH-000531,0,0.5581582188606262
ACH-000349,0,0.642497718334198
ACH-000527,0,0.6343840956687927
ACH-000279,1,0.5510669350624084
ACH-000516,1,0.5880978107452393
ACH-001662,1,0.5506080985069275
ACH-000812,1,0.6495360136032104
ACH-003157,0,0.5603719353675842
ACH-003464,0,0.5970876812934875
ACH-001300,0,0.49417296051979065
ACH-000524,1,0.7014924883842468
ACH-000611,1,0.3958195149898529
ACH-002419,0,0.5854535698890686
ACH-000411,0,0.6624522805213928
ACH-000718,1,0.6708725690841675
ACH-000903,1,0.599596381187439
ACH-002021,0,0.6378021836280823
ACH-000433,0,0.6651952266693115
ACH-000499,1,0.5588691830635071
ACH-000278,1,0.6480767130851746
ACH-000202,1,0.5367766618728638
ACH-001736,1,0.48897233605384827
ACH-001379,1,0.6249157786369324
ACH-002070,1,0.6133242249488831
ACH-002794,1,0.5663440227508545
ACH-000128,1,0.6644007563591003
ACH-002528,0,0.6200786232948303
ACH-000696,1,0.6917463541030884
ACH-000041,1,0.5717006921768188
ACH-000214,0,0.4854293763637543
ACH-000747,1,0.597126841545105
ACH-001307,1,0.6252979040145874
ACH-000341,1,0.526080310344696
ACH-001740,1,0.5248538851737976
ACH-000417,0,0.5869366526603699
ACH-001393,1,0.568265974521637
ACH-000120,0,0.5943853259086609
ACH-001694,1,0.6017929315567017
ACH-001542,1,0.7022180557250977
ACH-002509,0,0.6181776523590088
ACH-000438,1,0.6439685225486755
ACH-001366,1,0.5259395241737366
ACH-000653,0,0.5381670594215393
ACH-000839,1,0.6748456358909607
ACH-000673,1,0.49527645111083984
ACH-001524,1,0.6702907085418701
ACH-000069,0,0.4657682478427887
ACH-002996,1,0.6016401648521423
ACH-003142,0,0.6311432123184204
ACH-000323,1,0.5683722496032715
ACH-000021,1,0.7087167501449585
ACH-001863,1,0.6110498309135437
ACH-001996,1,0.6417545080184937
ACH-000980,1,0.6405097842216492
ACH-000106,0,0.5205367803573608
ACH-003156,0,0.6280288100242615
ACH-000734,1,0.6005184650421143
ACH-000845,1,0.690665602684021
ACH-001982,0,0.57097989320755
ACH-000730,0,0.6493471264839172
ACH-001334,0,0.6698169708251953
ACH-000698,1,0.7031816840171814
ACH-000802,1,0.6295116543769836
ACH-001836,1,0.6429707407951355
ACH-000573,1,0.6566293239593506
ACH-001699,1,0.6139718890190125
ACH-000963,1,0.6307940483093262
ACH-001567,0,0.6132676005363464
ACH-001653,1,0.6915671229362488
ACH-000852,1,0.6088150143623352
ACH-001862,0,0.6184667348861694
ACH-001976,0,0.5454868674278259
ACH-002665,1,0.5917264819145203
ACH-003153,0,0.7190800309181213
ACH-000661,0,0.6016235947608948
ACH-001500,1,0.5921212434768677
ACH-001190,1,0.6473143696784973
ACH-002467,0,0.38831257820129395
ACH-000364,0,0.6323282122612
ACH-000448,0,0.6208019256591797
ACH-000979,1,0.6830273866653442
ACH-000932,0,0.4403848946094513
ACH-000783,1,0.6550716757774353
ACH-002044,1,0.564372181892395
ACH-000301,1,0.5638641715049744
ACH-002459,0,0.5962530970573425
ACH-000976,1,0.6209935545921326
ACH-001516,0,0.6220033764839172
ACH-001354,1,0.5219401717185974
ACH-001645,0,0.5892075300216675
ACH-003135,0,0.6273264288902283
ACH-000867,1,0.6207292079925537
ACH-000304,0,0.5877106189727783
ACH-002069,0,0.5798670053482056
ACH-000931,0,0.6011656522750854
ACH-001374,0,0.6292962431907654
ACH-000302,1,0.639639675617218
ACH-000305,1,0.6410080194473267
ACH-000072,1,0.5130420923233032
ACH-000766,1,0.6103360652923584
ACH-000533,0,0.6001760363578796
ACH-000343,1,0.5869592428207397
ACH-001437,0,0.5749870538711548
ACH-000171,1,0.6733934879302979
ACH-003475,1,0.6737955808639526
ACH-000173,1,0.6701949238777161
ACH-000535,1,0.6334084272384644
ACH-000774,1,0.7143756747245789
ACH-000178,0,0.6242344379425049
ACH-001306,1,0.5942981243133545
ACH-000994,1,0.6810736060142517
ACH-001188,0,0.5176804661750793
ACH-000372,0,0.49420592188835144
ACH-002886,0,0.6605327725410461
ACH-000804,0,0.5536115765571594
ACH-000011,0,0.6370142698287964
ACH-000733,1,0.7123903036117554
ACH-001603,0,0.5462284088134766
ACH-000829,0,0.3897886276245117
ACH-000141,1,0.6527730822563171
ACH-000810,1,0.6136730909347534
ACH-001994,1,0.7208570837974548
ACH-001145,1,0.6223461627960205
ACH-000717,1,0.577463686466217
ACH-000738,1,0.5939307808876038
ACH-001843,0,0.632427990436554
ACH-002664,1,0.6086349487304688
ACH-000780,1,0.6012750267982483
ACH-001548,0,0.5997079014778137
ACH-000759,0,0.6193356513977051
ACH-001555,0,0.5929461121559143
ACH-001369,1,0.6303569674491882
ACH-000969,1,0.6394906640052795
ACH-000873,1,0.7401905655860901
ACH-001275,0,0.5763532519340515
ACH-002654,1,0.6678978800773621
ACH-002435,0,0.6225554347038269
ACH-001972,0,0.5646706819534302
ACH-000921,1,0.6603031158447266
ACH-003470,1,0.5646411180496216
ACH-001953,0,0.5165303945541382
ACH-002843,0,0.5081967115402222
ACH-001373,1,0.6220170855522156
ACH-002800,0,0.5289478302001953
ACH-001022,0,0.5640054941177368
ACH-000082,0,0.40864500403404236
ACH-003105,0,0.6146513819694519
ACH-000488,1,0.6917771697044373
ACH-000790,1,0.6035104393959045
ACH-000172,0,0.5752360820770264
ACH-000647,1,0.6375325918197632
ACH-000602,0,0.4400193393230438
ACH-003181,0,0.576344907283783
ACH-002681,1,0.5264418721199036
ACH-001465,0,0.5764443278312683
ACH-003012,0,0.6168306469917297
ACH-000156,0,0.485912561416626
ACH-002001,0,0.6612948179244995
ACH-000315,1,0.3850635290145874
ACH-001678,0,0.4728366434574127
ACH-002446,1,0.6227457523345947
ACH-000201,0,0.6180371046066284
ACH-000435,1,0.6260123252868652
ACH-000965,1,0.6172903776168823
ACH-001550,1,0.6067385077476501
ACH-002026,0,0.5918500423431396
ACH-000883,1,0.5796273946762085
ACH-000482,1,0.6444087028503418
ACH-000450,0,0.5651213526725769
ACH-002672,1,0.5611406564712524
ACH-000835,1,0.6214820146560669
ACH-002431,0,0.6071081161499023
ACH-001802,0,0.6359132528305054
ACH-000629,0,0.6004986763000488
ACH-000715,1,0.6691735982894897
ACH-000870,1,0.5561812520027161
ACH-000910,0,0.608457088470459
ACH-000779,1,0.6629464030265808
ACH-000140,0,0.4442816972732544
ACH-001196,1,0.6310858726501465
ACH-001484,0,0.49296361207962036
ACH-000693,1,0.612691342830658
ACH-000811,1,0.6854012608528137
ACH-000423,1,0.5876326560974121
ACH-000290,1,0.5857363343238831
ACH-001847,0,0.629239559173584
ACH-000492,0,0.4871351718902588
ACH-001519,0,0.5130005478858948
ACH-000110,1,0.6936080455780029
ACH-001497,1,0.6596224904060364
ACH-000102,1,0.6022859811782837
ACH-000817,1,0.5235716104507446
ACH-001556,0,0.592786967754364
ACH-000964,0,0.4757665991783142
ACH-000378,1,0.7107357978820801
ACH-000913,1,0.5090039968490601
ACH-000575,0,0.6624407768249512
ACH-000634,1,0.509946882724762
ACH-002291,0,0.6162569522857666
ACH-001322,0,0.6051335334777832
ACH-002924,0,0.5704590082168579
ACH-000767,1,0.6108251214027405
ACH-001642,0,0.5512150526046753
ACH-001552,1,0.5904820561408997
ACH-000451,1,0.6891667246818542
ACH-000879,1,0.6703404188156128
ACH-001842,1,0.6778428554534912
ACH-002662,1,0.6564066410064697
ACH-001032,1,0.5458009243011475
ACH-000982,0,0.6235759258270264
ACH-001636,1,0.3765103220939636
ACH-000189,0,0.6334955096244812
ACH-000454,1,0.6410878896713257
ACH-000131,0,0.5689219236373901
ACH-000660,0,0.47853487730026245
ACH-001197,1,0.4738328456878662
ACH-000915,1,0.6129499673843384
ACH-000480,1,0.614249587059021
ACH-000745,0,0.5059049129486084
ACH-000161,0,0.7119150757789612
ACH-000395,1,0.6419702768325806
ACH-001459,1,0.5545786619186401
ACH-000916,1,0.6841138601303101
ACH-001609,1,0.4745974540710449
ACH-001960,1,0.6497285962104797
ACH-002648,1,0.637806236743927
ACH-001856,0,0.6740956902503967
ACH-003158,0,0.5647111535072327
ACH-002433,1,0.5865684151649475
ACH-000295,1,0.49285489320755005
ACH-001485,0,0.42295199632644653
ACH-003269,0,0.6113770604133606
ACH-000292,1,0.6009628772735596
ACH-000137,1,0.6372395753860474
ACH-000308,1,0.6999973654747009
ACH-000445,1,0.6222494840621948
ACH-001229,0,0.6117477416992188
ACH-000144,1,0.6616750955581665
ACH-000837,1,0.6009159088134766
ACH-000048,1,0.571161150932312
ACH-000463,0,0.5911767482757568
ACH-000881,0,0.611768364906311
ACH-000388,1,0.3684326708316803
ACH-001992,1,0.5971890091896057
ACH-000147,1,0.5989201664924622
ACH-000930,1,0.6299257874488831
ACH-000899,0,0.6661715507507324
ACH-000366,1,0.5379046201705933
ACH-001571,0,0.43794623017311096
ACH-001526,0,0.6377707123756409
ACH-000064,0,0.6756273508071899
ACH-001329,0,0.5823712348937988
ACH-001676,1,0.49417436122894287
ACH-000418,1,0.6227474212646484
ACH-001280,1,0.6025730967521667
ACH-002922,1,0.6551480889320374
ACH-000861,1,0.6579386591911316
ACH-000692,1,0.6340119242668152
ACH-003137,0,0.5385423898696899
ACH-000107,1,0.6311595439910889
ACH-000133,1,0.5676285624504089
ACH-000306,0,0.5109707117080688
ACH-001530,0,0.5665621161460876
ACH-000651,1,0.5889559388160706
ACH-000563,1,0.617343544960022
ACH-000058,1,0.5466344952583313
ACH-000345,0,0.5468372702598572
ACH-000316,1,0.6161471605300903
ACH-000884,1,0.6726583242416382
ACH-000289,0,0.5716183185577393
ACH-001451,0,0.6221826672554016
ACH-003459,1,0.6224614381790161
ACH-002440,0,0.6347675323486328
ACH-000355,1,0.5228825211524963
ACH-002926,0,0.6100363731384277
ACH-000962,1,0.6217471957206726
ACH-000473,1,0.6688749194145203
ACH-000192,1,0.7155015468597412
ACH-001624,0,0.5778884291648865
ACH-001989,0,0.5885213613510132
ACH-001807,0,0.5681530237197876
ACH-002532,1,0.6598761081695557
ACH-002466,0,0.518848180770874
ACH-001344,0,0.5546051263809204
ACH-001684,0,0.49470674991607666
ACH-000757,0,0.6612682342529297
ACH-000054,0,0.6391814947128296
ACH-001318,1,0.6206965446472168
ACH-000601,1,0.5683470368385315
ACH-000635,1,0.636237621307373
ACH-001857,1,0.5924698114395142
ACH-000966,1,0.6936115622520447
ACH-000630,1,0.5767653584480286
ACH-000225,1,0.5656138062477112
ACH-002047,0,0.586627185344696
ACH-000657,0,0.5590625405311584
ACH-000624,1,0.7588391900062561
ACH-000699,1,0.6107271313667297
ACH-000923,0,0.41638848185539246
ACH-000687,1,0.39527013897895813
ACH-000044,0,0.576392412185669
ACH-000740,1,0.6403964757919312
ACH-000447,1,0.6513535380363464
ACH-000101,1,0.47667887806892395
ACH-001416,1,0.6394888162612915
ACH-000319,0,0.6423883438110352
ACH-000198,0,0.42001670598983765
ACH-000280,0,0.66551673412323
ACH-003265,0,0.6090281009674072
ACH-000104,1,0.5253243446350098
ACH-001835,1,0.6303998827934265
ACH-000892,0,0.6707012057304382
ACH-000493,1,0.4904995560646057
ACH-000042,1,0.6124836802482605
ACH-002045,1,0.6113425493240356
ACH-000221,1,0.5707870721817017
ACH-000477,0,0.6431277990341187
ACH-000746,1,0.5919904112815857
ACH-000356,1,0.610562801361084
ACH-000457,0,0.6376055479049683
ACH-000904,0,0.6196356415748596
ACH-002060,0,0.42538657784461975
ACH-003159,0,0.591962993144989
ACH-001813,0,0.5572249293327332
ACH-000244,0,0.5191792249679565
ACH-000610,1,0.6100412011146545
ACH-000081,0,0.49248918890953064
ACH-003161,0,0.42412829399108887
ACH-000255,1,0.5881569385528564
ACH-001038,1,0.5186029076576233
ACH-000352,0,0.665678083896637
ACH-002016,0,0.6092476844787598
ACH-000416,1,0.624627947807312
ACH-000752,1,0.5994828343391418
ACH-000862,1,0.6257722973823547
ACH-000236,1,0.6217988729476929
ACH-000401,1,0.6006118655204773
ACH-000731,0,0.628092885017395
ACH-000875,1,0.6776132583618164
ACH-000626,1,0.4813653230667114
ACH-000593,1,0.6286154985427856
ACH-000182,0,0.6309696435928345
ACH-000442,1,0.621967613697052
ACH-000159,0,0.609983503818512
ACH-000907,1,0.44190236926078796
ACH-000191,1,0.6708969473838806
ACH-000205,0,0.6087353229522705
ACH-000103,1,0.7406334280967712
ACH-000739,0,0.6083623170852661
ACH-001558,0,0.615545928478241
ACH-000206,0,0.477664589881897
ACH-000841,1,0.6381046175956726
ACH-000615,1,0.604954183101654
ACH-001613,0,0.472633957862854
ACH-001608,1,0.5776254534721375
ACH-000801,0,0.6403834819793701
ACH-000539,0,0.32448670268058777
ACH-000464,1,0.5939746499061584
ACH-000622,1,0.5988354086875916
ACH-000452,1,0.6564332842826843
ACH-001390,1,0.631464958190918
ACH-001401,1,0.5440531969070435
ACH-000365,1,0.4557196795940399
ACH-001431,0,0.5040717124938965
ACH-000475,1,0.6061838269233704
ACH-000860,0,0.6327285766601562
ACH-000074,1,0.5122037529945374
ACH-000377,1,0.6187728047370911
ACH-001562,0,0.622358500957489
ACH-001693,1,0.6070441007614136
ACH-003134,0,0.5552488565444946
ACH-000259,1,0.4908575415611267
ACH-001697,1,0.6808576583862305
ACH-002801,1,0.6263766884803772
ACH-001388,0,0.5088207125663757
ACH-001410,1,0.600322425365448
ACH-002025,1,0.6148300170898438
ACH-002688,0,0.6006079912185669
ACH-000720,1,0.6376122832298279
ACH-000095,0,0.45745816826820374
ACH-001345,0,0.5634217858314514
ACH-000558,0,0.4662984311580658
ACH-000664,1,0.48755940794944763
ACH-000177,0,0.6398086547851562
ACH-001423,0,0.6157516837120056
ACH-000335,0,0.6162054538726807
ACH-000940,1,0.5576992630958557
ACH-003160,0,0.4599883556365967
ACH-000631,0,0.581486165523529
ACH-000207,1,0.6223762035369873
ACH-000764,1,0.5950844287872314
ACH-000995,1,0.5303088426589966
ACH-000373,1,0.5670140385627747
ACH-000953,1,0.43684545159339905
ACH-000709,0,0.5709483027458191
ACH-003463,0,0.4882405400276184
ACH-000846,1,0.670708179473877
ACH-001702,0,0.6799967288970947
ACH-000333,0,0.5418089628219604
ACH-001708,0,0.45620599389076233
ACH-002059,0,0.4762587249279022
ACH-000929,1,0.6469881534576416
ACH-001395,0,0.5627171397209167
ACH-000948,0,0.630511999130249
ACH-002015,0,0.5871363878250122
ACH-000981,1,0.5119097828865051
ACH-000617,1,0.7410882711410522
ACH-000311,1,0.6076123714447021
ACH-001210,0,0.5322960615158081
ACH-001834,1,0.6533500552177429
ACH-002010,0,0.5280511975288391
ACH-003143,0,0.5996879935264587
ACH-000390,1,0.6722130179405212
ACH-000468,0,0.6459730267524719
ACH-002651,0,0.47439825534820557
ACH-001061,1,0.6498554944992065
ACH-000077,0,0.43707677721977234
ACH-000456,1,0.6379105448722839
ACH-002703,1,0.6881268620491028
ACH-000496,1,0.6404542326927185
ACH-002512,0,0.5979667901992798
ACH-000062,1,0.6958209276199341
ACH-002464,0,0.38419368863105774
ACH-000088,0,0.5570765137672424
ACH-000536,1,0.7233117818832397
ACH-000071,0,0.5963128805160522
ACH-002004,0,0.631705641746521
ACH-000878,1,0.6918689012527466
ACH-001380,1,0.6831998229026794
ACH-002061,1,0.5118535757064819
ACH-000385,0,0.6428099870681763
ACH-000412,1,0.6205300688743591
ACH-003474,1,0.5615715980529785
ACH-000427,1,0.6689866781234741
ACH-000938,0,0.42697539925575256
ACH-000462,0,0.49929824471473694
ACH-000939,1,0.6528502106666565
ACH-000325,1,0.6435486674308777
ACH-000515,1,0.528968870639801
ACH-001033,0,0.5669950246810913
ACH-000919,0,0.6563940048217773
ACH-000863,0,0.6210453510284424
ACH-000642,0,0.6022075414657593
ACH-000581,1,0.6547048687934875
ACH-001435,0,0.5746620893478394
ACH-001050,0,0.5771152973175049
ACH-001818,0,0.5593221783638
ACH-001384,1,0.5794994235038757
ACH-000797,0,0.5554437637329102
ACH-000220,1,0.41653960943222046
ACH-001533,1,0.40609827637672424
ACH-001508,1,0.7035541534423828
ACH-000827,0,0.427058607339859
ACH-003119,1,0.5522457361221313
ACH-000961,1,0.641421377658844
ACH-000778,1,0.6961506009101868
ACH-000825,1,0.6035773158073425
ACH-000743,1,0.6379164457321167
ACH-000190,1,0.5895170569419861
ACH-001819,1,0.6531129479408264
ACH-000157,1,0.5100705027580261
ACH-001786,0,0.6756496429443359
ACH-000253,1,0.6398083567619324
ACH-001376,1,0.6336268782615662
ACH-000958,0,0.681878924369812
ACH-000228,1,0.6547771692276001
ACH-000266,1,0.616894543170929
ACH-001750,1,0.5834784507751465
ACH-000174,1,0.6437483429908752
ACH-000245,1,0.38001886010169983
ACH-001279,0,0.5800842046737671
ACH-000620,0,0.6963320970535278
ACH-000813,1,0.6337407231330872
ACH-001513,1,0.6507061123847961
ACH-000168,1,0.532031238079071
ACH-000257,1,0.682487964630127
ACH-000211,1,0.6281981468200684
ACH-000283,0,0.5920043587684631
ACH-002401,1,0.6328945159912109
ACH-002041,1,0.6325192451477051
ACH-000987,1,0.5728263854980469
ACH-003465,1,0.5725011825561523
ACH-000682,1,0.5238835215568542
ACH-000073,0,0.46857842803001404
ACH-000212,1,0.6120017170906067
ACH-000096,0,0.5814282894134521
ACH-002500,0,0.48365074396133423
ACH-001440,0,0.697012186050415
ACH-000063,0,0.22063703835010529
ACH-002942,0,0.5598530769348145
ACH-001999,1,0.6201081275939941
ACH-000776,0,0.682833194732666
ACH-000521,1,0.6890832185745239
ACH-000299,0,0.4377540946006775
ACH-000025,0,0.6220834255218506
ACH-000591,1,0.5693637728691101
ACH-001716,0,0.5143892765045166
ACH-000833,1,0.5690646171569824
ACH-001628,1,0.6475721597671509
ACH-000398,1,0.42693784832954407
ACH-000274,0,0.642396092414856
ACH-001370,1,0.6706770062446594
ACH-001700,1,0.7151674032211304
ACH-000029,1,0.7113686800003052
ACH-001849,1,0.5626093745231628
ACH-000644,0,0.6321711540222168
ACH-001422,0,0.6404404640197754
ACH-000588,1,0.44386234879493713
ACH-000849,1,0.6331024765968323
ACH-002690,0,0.6116051077842712
ACH-000219,0,0.6540695428848267
ACH-000150,1,0.6657186150550842
ACH-001845,0,0.622784435749054
ACH-002643,0,0.45991331338882446
ACH-000384,0,0.6234147548675537
ACH-001053,1,0.5765977501869202
ACH-001274,0,0.6025627255439758
ACH-000091,1,0.6547499299049377
ACH-002932,1,0.583706796169281
ACH-002014,0,0.5327810645103455
ACH-001634,0,0.4617730379104614
ACH-002531,0,0.6555432677268982
ACH-000495,0,0.6129288673400879
ACH-000911,1,0.7115188241004944
ACH-000013,1,0.64382004737854
ACH-002667,1,0.5728814601898193
ACH-000777,1,0.6105971932411194
ACH-001765,1,0.5606944561004639
ACH-000312,1,0.5556269288063049
ACH-000085,1,0.6208058595657349
ACH-000436,0,0.4862588942050934
ACH-000869,1,0.6329752802848816
ACH-003061,1,0.6096688508987427
ACH-003471,0,0.6792368292808533
ACH-000267,0,0.43305832147598267
ACH-000489,1,0.6987023949623108
ACH-000431,1,0.6030529141426086
ACH-000152,1,0.38014107942581177
ACH-000909,0,0.6308877468109131
ACH-000534,1,0.4789825975894928
ACH-001489,1,0.5981781482696533
ACH-000582,1,0.598904013633728
ACH-000460,1,0.7336944341659546
ACH-000443,1,0.6870982646942139
ACH-001570,0,0.5868061780929565
ACH-000986,1,0.6364020705223083
ACH-001335,0,0.6424951553344727
ACH-000023,1,0.656274139881134
ACH-002062,0,0.46550190448760986
ACH-002462,0,0.5753458142280579
ACH-000151,0,0.4684610366821289
ACH-001277,1,0.5995421409606934
ACH-000607,0,0.5540618300437927
ACH-002647,0,0.7072327733039856
ACH-000703,1,0.6809147596359253
ACH-001211,0,0.6394174098968506
ACH-003152,0,0.5760915875434875
ACH-001511,1,0.7008306980133057
ACH-000113,0,0.5106131434440613
ACH-000337,1,0.6888680458068848
ACH-000598,0,0.45223313570022583
ACH-000057,0,0.4809107482433319
ACH-000281,1,0.7171465158462524
ACH-000321,1,0.5104038715362549
ACH-000985,1,0.6654002666473389
ACH-000444,0,0.6870302557945251
ACH-000347,1,0.6098127365112305
ACH-001399,1,0.6208464503288269
ACH-001097,0,0.37588396668434143
ACH-000127,1,0.6595728993415833
ACH-001961,1,0.7052725553512573
ACH-001796,0,0.5676252841949463
ACH-000307,1,0.6081557869911194
ACH-001030,0,0.5928959250450134
ACH-002485,1,0.4568789303302765
ACH-000595,1,0.6061364412307739
ACH-001540,0,0.6138250231742859
ACH-000298,1,0.591921865940094
ACH-000771,1,0.60504150390625
ACH-000500,1,0.6535243988037109
ACH-000353,1,0.6189489960670471
ACH-000363,1,0.48323312401771545
ACH-000350,0,0.6537357568740845
ACH-000053,1,0.4509637653827667
ACH-001543,1,0.7202028632164001
ACH-000663,0,0.5857784152030945
ACH-000346,0,0.5019651651382446
ACH-000970,1,0.6533911228179932
ACH-002543,1,0.5889193415641785
ACH-001333,1,0.48414096236228943
ACH-000794,1,0.5947723984718323
ACH-000039,0,0.5651450753211975
ACH-000471,0,0.637336790561676
ACH-000850,0,0.5194178819656372
ACH-000291,1,0.6305582523345947
ACH-001453,0,0.6846126914024353
ACH-001458,1,0.6074338555335999
ACH-000886,1,0.7305312752723694
ACH-000888,1,0.6383344531059265
ACH-000659,1,0.5715973973274231
ACH-000030,1,0.6304859519004822
ACH-001201,1,0.522786557674408
ACH-000271,1,0.38512879610061646
ACH-002676,0,0.4761732518672943
ACH-000549,1,0.6261141300201416
ACH-000555,0,0.6099112033843994
ACH-000478,1,0.5896260738372803
ACH-000775,1,0.6967719197273254
ACH-002214,0,0.4002258777618408
ACH-000038,0,0.3877503573894501
ACH-001109,0,0.5553266406059265
ACH-001442,1,0.6104649901390076
ACH-000559,1,0.6298025846481323
ACH-000510,0,0.6320454478263855
ACH-002065,0,0.6253524422645569
ACH-000676,1,0.6227274537086487
ACH-002659,1,0.5984275937080383
ACH-000844,1,0.5943422913551331
ACH-002403,1,0.6156488060951233
ACH-002787,0,0.6021211743354797
ACH-002497,1,0.6162132024765015
ACH-002798,0,0.5285273194313049
ACH-000925,0,0.6897995471954346
ACH-002465,0,0.5293059945106506
ACH-000272,0,0.6627907156944275
ACH-001035,1,0.593827486038208
ACH-003457,0,0.6263353228569031
ACH-000513,0,0.5936794281005859
ACH-001059,0,0.6117077469825745
ACH-000959,1,0.6053253412246704
ACH-002283,1,0.5859297513961792
ACH-000169,1,0.5652979612350464
ACH-001402,0,0.6062290072441101
ACH-000796,1,0.6873855590820312
ACH-000143,1,0.5482242107391357
ACH-000067,1,0.5671173334121704
ACH-000640,0,0.5032621622085571
ACH-001591,1,0.5737206339836121
ACH-001674,1,0.4939710795879364
ACH-001698,1,0.5438740849494934
ACH-002002,0,0.6064977645874023
ACH-002011,0,0.5580179691314697
ACH-003268,0,0.40566572546958923
ACH-000967,1,0.624491274356842
ACH-000469,1,0.6238342523574829
ACH-001353,1,0.6075368523597717
ACH-001574,0,0.428995817899704
ACH-000097,0,0.6761800050735474
ACH-000256,1,0.6788197159767151
ACH-000977,0,0.576245129108429
ACH-000972,0,0.595787763595581
ACH-001367,1,0.530761182308197
ACH-000382,1,0.6204346418380737
ACH-003476,1,0.5679947733879089
ACH-000579,0,0.5978049039840698
ACH-002035,0,0.661186158657074
ACH-001532,0,0.6068239212036133
ACH-000695,1,0.5835888981819153
ACH-001795,0,0.6159117817878723
ACH-001510,1,0.6749278903007507
ACH-000502,1,0.6866254806518555
ACH-000183,1,0.4361479580402374
ACH-000408,1,0.6231513619422913
ACH-001496,1,0.6379741430282593
ACH-000788,1,0.6456659436225891
ACH-002405,0,0.580552875995636
ACH-002409,1,0.6083967089653015
ACH-001622,0,0.5638226270675659
ACH-000466,1,0.6647776961326599
ACH-001560,0,0.570213794708252
ACH-001019,0,0.5000230073928833
ACH-003111,0,0.5360220670700073
ACH-000005,1,0.5343576669692993
ACH-001687,0,0.6273808479309082
ACH-001151,0,0.694534182548523
ACH-000701,1,0.60768061876297
ACH-000542,0,0.5818943977355957
ACH-000126,0,0.590550422668457
ACH-001685,0,0.45350509881973267
ACH-000933,0,0.6725490689277649
ACH-000068,1,0.42718037962913513
ACH-000015,1,0.5705432891845703
ACH-001111,1,0.4453471899032593
ACH-000487,1,0.517304539680481
ACH-000122,1,0.533026397228241
ACH-000288,1,0.5882848501205444
ACH-001820,1,0.5925408601760864
ACH-000782,1,0.442259281873703
ACH-001632,1,0.6021953821182251
ACH-002399,1,0.6329637765884399
ACH-000357,1,0.5081891417503357
ACH-000079,1,0.3568691313266754
ACH-001031,0,0.5481202006340027
ACH-001064,1,0.34358417987823486
ACH-002802,0,0.3545023202896118
ACH-001048,1,0.6805850267410278
ACH-000453,1,0.497379332780838
ACH-003155,0,0.6499317288398743
ACH-000791,1,0.6263067126274109
ACH-000567,1,0.4985150098800659
ACH-001391,1,0.5790249705314636
ACH-001075,0,0.6618860960006714
ACH-000105,0,0.46280229091644287
ACH-000557,1,0.4567394256591797
ACH-000175,0,0.4736206531524658
ACH-001356,1,0.6217966675758362
ACH-001844,1,0.6197301745414734
ACH-001346,1,0.6614267230033875
ACH-000885,0,0.6256893873214722
ACH-000900,1,0.6578137278556824
ACH-000666,1,0.6225607991218567
ACH-001428,1,0.5614904165267944
ACH-000217,1,0.6276178359985352
ACH-000872,1,0.6956526637077332
ACH-001974,0,0.5934279561042786
ACH-002020,1,0.6449307799339294
ACH-001638,0,0.4587463438510895
ACH-001228,0,0.6933960318565369
ACH-000181,1,0.6271692514419556
ACH-000115,1,0.5854681730270386
ACH-000130,0,0.43543219566345215
ACH-000121,1,0.6589452028274536
ACH-001711,1,0.6075587272644043
ACH-000934,1,0.6571961641311646
ACH-000996,1,0.6978930830955505
ACH-001529,0,0.5565874576568604
ACH-001743,0,0.5722557902336121
ACH-000320,1,0.7003368139266968
ACH-000505,1,0.587786078453064
ACH-000781,1,0.7215636968612671
ACH-000059,0,0.5049803853034973
ACH-000920,1,0.46334171295166016
ACH-000294,1,0.4920993447303772
ACH-000422,1,0.6183742880821228
ACH-000200,0,0.6228994131088257
ACH-000046,0,0.6009655594825745
ACH-000968,0,0.5966084003448486
ACH-000830,1,0.5682837963104248
ACH-000114,1,0.6972965002059937
ACH-000402,1,0.43534234166145325
ACH-001578,1,0.5968665480613708
ACH-000036,0,0.5808837413787842
ACH-000973,1,0.5894560217857361
ACH-001128,0,0.6096140742301941
ACH-003437,1,0.6915619969367981
ACH-000750,0,0.5794575214385986
ACH-000285,1,0.48744282126426697
ACH-002669,1,0.6199951171875
ACH-001858,1,0.6438694596290588
ACH-001997,1,0.6322100758552551
ACH-000052,1,0.646377682685852
