,tp53_binary,gcn_gat_hybrid_proba_proba
ACH-001113,1,0.8076303005218506
ACH-001289,0,0.6675971746444702
ACH-001339,1,0.80135178565979
ACH-001979,0,0.24929553270339966
ACH-002438,0,0.6309784650802612
ACH-001538,0,0.7818423509597778
ACH-000242,0,0.7519940733909607
ACH-000708,0,0.7913880944252014
ACH-000327,0,0.8452982306480408
ACH-000233,1,0.6411468982696533
ACH-000461,1,0.9292431473731995
ACH-000705,1,0.6990191340446472
ACH-001794,0,0.3580838441848755
ACH-002023,1,0.9314100742340088
ACH-000528,1,0.6660329699516296
ACH-002501,0,0.588106095790863
ACH-001655,1,0.3705800771713257
ACH-000167,0,0.5531550049781799
ACH-000792,1,0.6758196353912354
ACH-001098,1,0.9100002646446228
ACH-000570,1,0.5473453402519226
ACH-000351,1,0.8878127336502075
ACH-002075,1,0.8844544291496277
ACH-002040,1,0.4587775468826294
ACH-000769,1,0.6878243088722229
ACH-000154,0,0.37569963932037354
ACH-000828,0,0.5605310201644897
ACH-000421,1,0.93410724401474
ACH-000765,1,0.5838657021522522
ACH-001375,1,0.752821147441864
ACH-000008,0,0.831548810005188
ACH-001814,0,0.36102262139320374
ACH-000800,1,0.7616801857948303
ACH-000606,1,0.830953061580658
ACH-000317,0,0.7099511027336121
ACH-001492,0,0.4417163133621216
ACH-000123,0,0.6176503300666809
ACH-000723,1,0.8144984245300293
ACH-002066,1,0.7302306294441223
ACH-001536,0,0.6508058905601501
ACH-003136,0,0.5067200660705566
ACH-000313,1,0.654492974281311
ACH-002019,0,0.9539908170700073
ACH-000728,0,0.8007826209068298
ACH-000700,1,0.6770716905593872
ACH-000823,1,0.8944240212440491
ACH-000678,1,0.9451577663421631
ACH-000006,1,0.8069086074829102
ACH-002790,0,0.4765200912952423
ACH-002029,1,0.7696328163146973
ACH-001377,0,0.8120968341827393
ACH-000754,1,0.3985242545604706
ACH-000465,0,0.4707232415676117
ACH-000138,1,0.8057470321655273
ACH-001864,1,0.7895943522453308
ACH-000383,1,0.629638671875
ACH-001547,0,0.6979541778564453
ACH-000917,1,0.9867134094238281
ACH-002471,0,0.7655567526817322
ACH-000984,1,0.6581006646156311
ACH-002678,1,0.674763560295105
ACH-001409,1,0.755882978439331
ACH-001707,0,0.5403652191162109
ACH-000117,1,0.7166144847869873
ACH-000999,1,0.805150032043457
ACH-000633,1,0.4284418523311615
ACH-000520,1,0.8530726432800293
ACH-000176,1,0.5545307993888855
ACH-000017,1,0.7446863651275635
ACH-000020,0,0.5363968014717102
ACH-001385,0,0.6962741613388062
ACH-000587,1,0.9510276913642883
ACH-000785,1,0.6600438356399536
ACH-003469,0,0.3112308979034424
ACH-000554,1,0.9414010047912598
ACH-003180,0,0.7015267610549927
ACH-001398,0,0.36962100863456726
ACH-001991,0,0.6520980596542358
ACH-001332,1,0.8899387717247009
ACH-000585,1,0.8856635093688965
ACH-000550,1,0.807407021522522
ACH-000627,1,0.6412593722343445
ACH-000704,0,0.5226137638092041
ACH-000276,1,0.9589982628822327
ACH-000075,0,0.5852413773536682
ACH-000818,1,0.8600285053253174
ACH-003184,0,0.8032375574111938
ACH-001616,0,0.6491432785987854
ACH-000625,0,0.7022879719734192
ACH-000941,1,0.8997517824172974
ACH-000392,1,0.8942886590957642
ACH-000269,0,0.8087826371192932
ACH-001670,1,0.7741843461990356
ACH-003133,0,0.4729243814945221
ACH-000856,0,0.8216686248779297
ACH-002687,0,0.3740236461162567
ACH-001119,0,0.2666471600532532
ACH-003132,0,0.5269827842712402
ACH-000376,1,0.8856140375137329
ACH-000685,1,0.9383742809295654
ACH-000729,1,0.8411359190940857
ACH-001034,0,0.4496639668941498
ACH-001283,1,0.7477148771286011
ACH-000880,0,0.7001708149909973
ACH-000035,1,0.8888447284698486
ACH-001200,0,0.35877561569213867
ACH-000194,0,0.3077118694782257
ACH-000322,0,0.4745216965675354
ACH-000552,1,0.8106581568717957
ACH-002508,1,0.3764452040195465
ACH-000222,1,0.5633608102798462
ACH-000260,0,0.8245329856872559
ACH-001652,0,0.8784300088882446
ACH-000608,1,0.8074074387550354
ACH-000501,1,0.7477836012840271
ACH-000612,0,0.8392680287361145
ACH-002033,1,0.5131975412368774
ACH-001184,0,0.5705831050872803
ACH-001688,0,0.7554174065589905
ACH-001838,1,0.7890545129776001
ACH-000638,1,0.8028992414474487
ACH-001846,1,0.6190098524093628
ACH-000798,1,0.932989239692688
ACH-001321,0,0.8202354907989502
ACH-000894,1,0.8338336944580078
ACH-001559,1,0.43865007162094116
ACH-000344,1,0.5893073081970215
ACH-000223,1,0.8651988506317139
ACH-000031,1,0.9503020644187927
ACH-000034,0,0.7747991681098938
ACH-001861,1,0.9295230507850647
ACH-003468,1,0.533266544342041
ACH-000772,0,0.7192209362983704
ACH-000946,0,0.797902524471283
ACH-000596,1,0.8263584971427917
ACH-001046,0,0.7586179971694946
ACH-000632,1,0.6474452614784241
ACH-000978,1,0.8419503569602966
ACH-000332,1,0.8667622208595276
ACH-001841,1,0.8703565001487732
ACH-003273,1,0.7528719902038574
ACH-000179,1,0.9100141525268555
ACH-000887,1,0.9233651757240295
ACH-000368,1,0.4370780289173126
ACH-000240,0,0.6722913384437561
ACH-000578,0,0.9168222546577454
ACH-001611,0,0.4557937979698181
ACH-000135,0,0.3564580976963043
ACH-001671,0,0.9274202585220337
ACH-000406,1,0.6588023900985718
ACH-001541,1,0.5418408513069153
ACH-000998,0,0.8411633968353271
ACH-000441,0,0.5954089164733887
ACH-000960,1,0.8278266787528992
ACH-000098,1,0.8302742838859558
ACH-001651,0,0.9050830006599426
ACH-001456,1,0.8650733828544617
ACH-001336,0,0.6980142593383789
ACH-000284,0,0.2507473826408386
ACH-000971,0,0.9304304122924805
ACH-001454,0,0.7452535033226013
ACH-000926,1,0.790054976940155
ACH-000033,0,0.8284870386123657
ACH-000576,1,0.5091853737831116
ACH-000019,0,0.5821735262870789
ACH-001577,0,0.4963565766811371
ACH-001981,0,0.4028225839138031
ACH-000330,1,0.9296281933784485
ACH-000848,1,0.879907488822937
ACH-000481,1,0.8532118201255798
ACH-001517,1,0.7586093544960022
ACH-000338,1,0.8525198101997375
ACH-001959,1,0.24059228599071503
ACH-001414,0,0.8419510126113892
ACH-001227,0,0.9171264171600342
ACH-000871,1,0.8700312972068787
ACH-001403,1,0.8679586052894592
ACH-000805,0,0.45492586493492126
ACH-001142,0,0.49784886837005615
ACH-001554,0,0.5575336813926697
ACH-001667,0,0.25998926162719727
ACH-000847,1,0.7562179565429688
ACH-001447,1,0.7369420528411865
ACH-001537,0,0.4617379605770111
ACH-001207,0,0.2897770404815674
ACH-001854,0,0.8228533267974854
ACH-000832,1,0.7590130567550659
ACH-001975,1,0.4336037039756775
ACH-000428,0,0.6405471563339233
ACH-001382,1,0.7577699422836304
ACH-001302,0,0.5429921746253967
ACH-000690,0,0.9066563248634338
ACH-001134,0,0.3808835744857788
ACH-000914,1,0.7997782826423645
ACH-000858,1,0.8863534927368164
ACH-001421,1,0.8155366778373718
ACH-002796,0,0.5001538395881653
ACH-003183,1,0.4875253438949585
ACH-002716,0,0.5418052673339844
ACH-003100,0,0.6555980443954468
ACH-000544,1,0.9228608012199402
ACH-000725,1,0.9488470554351807
ACH-000566,1,0.5310453772544861
ACH-000760,0,0.6948316097259521
ACH-001745,1,0.7340214252471924
ACH-000787,1,0.7434689998626709
ACH-001598,0,0.7717887759208679
ACH-000749,1,0.8530023694038391
ACH-001691,1,0.5737154483795166
ACH-001328,1,0.6752628684043884
ACH-001704,0,0.5719575881958008
ACH-001502,0,0.9166969060897827
ACH-002844,0,0.23937773704528809
ACH-001068,0,0.43044209480285645
ACH-000358,1,0.8655672073364258
ACH-002695,1,0.5836871266365051
ACH-001672,0,0.9177147150039673
ACH-001654,1,0.8505368232727051
ACH-001521,1,0.6638653874397278
ACH-000209,0,0.930162787437439
ACH-001520,0,0.5641509890556335
ACH-000213,1,0.8672773838043213
ACH-001610,1,0.5779719948768616
ACH-001408,1,0.8733952045440674
ACH-000991,1,0.9834377765655518
ACH-001412,1,0.8827008605003357
ACH-000331,1,0.8197541236877441
ACH-001407,1,0.5250390768051147
ACH-000580,0,0.40337154269218445
ACH-000594,1,0.7703526020050049
ACH-000684,0,0.7881850600242615
ACH-000742,0,0.6090311408042908
ACH-000868,1,0.8227948546409607
ACH-000732,1,0.9169886112213135
ACH-001481,1,0.7412678599357605
ACH-000429,0,0.8627768754959106
ACH-000310,0,0.8021898865699768
ACH-002475,1,0.6695458889007568
ACH-000643,1,0.8521211743354797
ACH-000234,0,0.7367845773696899
ACH-003267,0,0.6568296551704407
ACH-001498,1,0.615197479724884
ACH-000896,1,0.5992026925086975
ACH-003451,0,0.3779416084289551
ACH-000203,0,0.8196208477020264
ACH-001607,1,0.8583714365959167
ACH-002706,1,0.5345008373260498
ACH-001441,0,0.6082923412322998
ACH-000112,0,0.695556104183197
ACH-000874,0,0.5043463706970215
ACH-000186,1,0.9568224549293518
ACH-002780,1,0.633280873298645
ACH-000677,0,0.8160384893417358
ACH-000055,1,0.8743930459022522
ACH-000485,1,0.6561028361320496
ACH-000672,1,0.8074667453765869
ACH-001150,0,0.5587008595466614
ACH-000287,1,0.5927245020866394
ACH-000784,1,0.9460780024528503
ACH-000530,1,0.5095044374465942
ACH-002024,1,0.49835747480392456
ACH-000380,1,0.5818881392478943
ACH-001737,0,0.7032442688941956
ACH-001400,1,0.769620418548584
ACH-001054,0,0.8292284607887268
ACH-001695,1,0.7081127166748047
ACH-000009,1,0.9366012215614319
ACH-000491,1,0.768277645111084
ACH-001703,0,0.5659141540527344
ACH-000002,0,0.8478372097015381
ACH-001568,0,0.5627509951591492
ACH-001449,0,0.7768712043762207
ACH-000993,1,0.5908926725387573
ACH-002680,1,0.44965898990631104
ACH-000877,1,0.6129783987998962
ACH-000711,1,0.8581915497779846
ACH-001515,0,0.9135102033615112
ACH-002847,0,0.655603289604187
ACH-000702,0,0.813186526298523
ACH-001020,0,0.43023011088371277
ACH-000600,0,0.5548808574676514
ACH-003266,0,0.7323161959648132
ACH-000354,1,0.8877497315406799
ACH-000012,1,0.9618816375732422
ACH-000689,0,0.575319230556488
ACH-002668,1,0.5331005454063416
ACH-002533,0,0.7929809093475342
ACH-000459,0,0.5736917853355408
ACH-002050,0,0.5536817312240601
ACH-003120,1,0.8588279485702515
ACH-001413,0,0.8139923810958862
ACH-000686,1,0.7925719022750854
ACH-000342,1,0.8934448957443237
ACH-000208,1,0.793982207775116
ACH-000360,1,0.9393841028213501
ACH-000249,1,0.8790642619132996
ACH-001368,1,0.6994559168815613
ACH-000231,1,0.8761017918586731
ACH-002074,1,0.9337062239646912
ACH-000945,1,0.5114513039588928
ACH-000662,0,0.9640976786613464
ACH-002458,0,0.39829185605049133
ACH-001378,0,0.7881559133529663
ACH-001029,1,0.5746090412139893
ACH-001817,0,0.2828197181224823
ACH-002846,0,0.4820544719696045
ACH-000248,1,0.9602985382080078
ACH-000943,0,0.36274147033691406
ACH-000751,1,0.5951157212257385
ACH-001696,1,0.7143562436103821
ACH-002936,1,0.513482391834259
ACH-001016,1,0.45900148153305054
ACH-000282,0,0.9258586168289185
ACH-003438,1,0.6622211337089539
ACH-002215,0,0.6080383062362671
ACH-000261,1,0.6852697730064392
ACH-000164,1,0.8098924160003662
ACH-001793,0,0.43928954005241394
ACH-000262,0,0.654403030872345
ACH-000158,0,0.8017142415046692
ACH-000773,0,0.46117743849754333
ACH-000722,1,0.7779722809791565
ACH-000857,1,0.905593752861023
ACH-001129,1,0.8395153880119324
ACH-001619,1,0.7909883856773376
ACH-000184,0,0.24381542205810547
ACH-000329,0,0.4948637783527374
ACH-001569,1,0.6923732757568359
ACH-002544,1,0.5019065737724304
ACH-002675,1,0.49426567554473877
ACH-000814,0,0.5838608145713806
ACH-002499,1,0.9655526876449585
ACH-001493,1,0.6534215807914734
ACH-001701,1,0.8573945164680481
ACH-000197,1,0.8768560886383057
ACH-000545,1,0.9511993527412415
ACH-000949,1,0.9512736797332764
ACH-000124,0,0.6006421446800232
ACH-000560,0,0.7640134692192078
ACH-000897,1,0.8411267995834351
ACH-001626,1,0.7148066759109497
ACH-000619,1,0.7781757712364197
ACH-001973,1,0.6329576373100281
ACH-001340,1,0.8595463037490845
ACH-000546,1,0.9311147928237915
ACH-001709,1,0.704508900642395
ACH-002018,0,0.5837920904159546
ACH-000153,0,0.7009726166725159
ACH-000526,0,0.43489518761634827
ACH-000116,1,0.859513521194458
ACH-000815,0,0.635726273059845
ACH-001270,0,0.7946510314941406
ACH-002523,1,0.6468923091888428
ACH-000324,0,0.5433587431907654
ACH-001949,0,0.4598253667354584
ACH-001561,0,0.660489022731781
ACH-000842,1,0.8612592220306396
ACH-000898,0,0.9353896379470825
ACH-000517,1,0.9137560129165649
ACH-001980,0,0.4004225730895996
ACH-001415,1,0.9477195739746094
ACH-000681,0,0.569053590297699
ACH-001310,0,0.52455073595047
ACH-000070,0,0.73480224609375
ACH-000484,1,0.8578498959541321
ACH-003426,0,0.39178434014320374
ACH-000108,1,0.600125253200531
ACH-000808,1,0.763119637966156
ACH-000656,1,0.5953750610351562
ACH-000166,1,0.40915539860725403
ACH-000997,1,0.834420919418335
ACH-000866,1,0.744085967540741
ACH-000819,1,0.7086988687515259
ACH-000226,0,0.37221190333366394
ACH-000087,1,0.8838604092597961
ACH-000340,1,0.38599255681037903
ACH-002005,1,0.4275969862937927
ACH-001680,1,0.8337477445602417
ACH-000758,1,0.8281078338623047
ACH-000196,1,0.7228085398674011
ACH-003141,0,0.752470076084137
ACH-000258,0,0.5587164163589478
ACH-000163,1,0.7597673535346985
ACH-000076,1,0.4923909306526184
ACH-000509,1,0.812116801738739
ACH-001193,1,0.8103921413421631
ACH-000571,1,0.5427417159080505
ACH-000391,1,0.8419890999794006
ACH-000293,1,0.8007152080535889
ACH-003138,0,0.4043015241622925
ACH-000532,1,0.9077374935150146
ACH-000584,1,0.8313702940940857
ACH-001690,1,0.9506669044494629
ACH-000586,1,0.9041566252708435
ACH-000944,1,0.637121856212616
ACH-003149,0,0.36227288842201233
ACH-000561,1,0.8005900382995605
ACH-001648,0,0.7313544154167175
ACH-000394,0,0.8851656913757324
ACH-000954,1,0.7528496980667114
ACH-000204,1,0.7442373037338257
ACH-000160,0,0.6804425120353699
ACH-003460,1,0.7409324049949646
ACH-000989,0,0.9058146476745605
ACH-001347,1,0.7516815662384033
ACH-000691,1,0.7627995610237122
ACH-000268,1,0.7479131817817688
ACH-001209,0,0.5380281805992126
ACH-003456,0,0.2988530099391937
ACH-000119,0,0.3448302447795868
ACH-000379,1,0.744820237159729
ACH-001341,0,0.7376083731651306
ACH-000714,0,0.5133078098297119
ACH-000937,1,0.6664489507675171
ACH-000763,0,0.5347048044204712
ACH-002834,0,0.5536516308784485
ACH-001673,1,0.7938990592956543
ACH-000326,1,0.7109693288803101
ACH-000300,0,0.9126182198524475
ACH-002994,0,0.3773488998413086
ACH-000901,1,0.8223158121109009
ACH-000816,1,0.7278649806976318
ACH-000641,1,0.728843629360199
ACH-000511,0,0.6014362573623657
ACH-002077,1,0.7519823312759399
ACH-000583,1,0.8300278782844543
ACH-000836,1,0.9361568093299866
ACH-000975,1,0.7152459025382996
ACH-000109,1,0.9428837895393372
ACH-000467,1,0.6824465990066528
ACH-000712,1,0.6834867596626282
ACH-000671,1,0.6807798147201538
ACH-000523,1,0.6460145711898804
ACH-000864,1,0.6945059895515442
ACH-000726,1,0.9654942750930786
ACH-000136,0,0.6488513350486755
ACH-002067,1,0.7389926910400391
ACH-000440,1,0.8499183058738708
ACH-002539,1,0.5883001089096069
ACH-001461,0,0.8013364672660828
ACH-000890,1,0.8224291801452637
ACH-001692,0,0.7321932911872864
ACH-000027,0,0.6677448153495789
ACH-000562,1,0.8339126706123352
ACH-000748,0,0.7237589359283447
ACH-001669,1,0.6376022100448608
ACH-000834,1,0.8518486618995667
ACH-000565,1,0.8693364262580872
ACH-000449,0,0.45585548877716064
ACH-000399,1,0.8135179281234741
ACH-002080,0,0.7707757949829102
ACH-000770,1,0.5005000829696655
ACH-000710,0,0.43712955713272095
ACH-000507,1,0.7710031270980835
ACH-000066,1,0.8281582593917847
ACH-000022,1,0.8287169933319092
ACH-001668,0,0.7763991951942444
ACH-000334,1,0.7795364856719971
ACH-000374,1,0.9137670397758484
ACH-000519,1,0.5359667539596558
ACH-000908,0,0.5043661594390869
ACH-002003,0,0.497374027967453
ACH-000574,1,0.7506169676780701
ACH-000148,1,0.32653942704200745
ACH-002461,1,0.3735840916633606
ACH-000646,0,0.7828635573387146
ACH-000314,1,0.7646628022193909
ACH-001705,1,0.8793747425079346
ACH-000040,1,0.5638520121574402
ACH-001057,0,0.7296732664108276
ACH-000430,1,0.4529682695865631
ACH-001041,1,0.6414740085601807
ACH-001988,0,0.5123394727706909
ACH-001977,0,0.7257884740829468
ACH-000370,1,0.80265873670578
ACH-001630,1,0.9572239518165588
ACH-000437,1,0.9074767231941223
ACH-000498,1,0.6440392732620239
ACH-001392,1,0.8715295791625977
ACH-000503,1,0.9409881234169006
ACH-002778,0,0.6767563223838806
ACH-000328,1,0.6683512926101685
ACH-000403,1,0.8083308935165405
ACH-000400,0,0.7636210918426514
ACH-000224,0,0.27756959199905396
ACH-000318,1,0.9315808415412903
ACH-003472,0,0.6393905282020569
ACH-001430,0,0.5904998183250427
ACH-000928,0,0.9053928852081299
ACH-000893,1,0.896429717540741
ACH-000889,1,0.7775617241859436
ACH-000799,0,0.5236028432846069
ACH-001623,1,0.47147098183631897
ACH-000736,1,0.7537100911140442
ACH-000876,1,0.8594257235527039
ACH-001232,1,0.6522567868232727
ACH-001618,1,0.5255924463272095
ACH-001828,0,0.7580699324607849
ACH-002650,1,0.9552486538887024
ACH-000235,1,0.871217668056488
ACH-000381,1,0.9326649904251099
ACH-001993,1,0.6882625818252563
ACH-001301,0,0.7821784615516663
ACH-000854,0,0.7849507927894592
ACH-000187,1,0.6756986975669861
ACH-000543,1,0.8348565697669983
ACH-000569,0,0.7955971956253052
ACH-000668,1,0.9551524519920349
ACH-000134,0,0.25564390420913696
ACH-000924,1,0.7619476914405823
ACH-003473,1,0.7038080096244812
ACH-001450,1,0.7297840714454651
ACH-000296,1,0.9174172282218933
ACH-002034,0,0.5063048005104065
ACH-002781,0,0.536821186542511
ACH-000713,1,0.8746434450149536
ACH-001360,0,0.6767210960388184
ACH-002921,0,0.5984848737716675
ACH-000273,1,0.5045897960662842
ACH-001715,0,0.5413535833358765
ACH-001617,1,0.4585368037223816
ACH-000639,1,0.6524761319160461
ACH-000590,1,0.9637264013290405
ACH-000553,1,0.9366748332977295
ACH-000084,0,0.7383187413215637
ACH-000094,1,0.6655112504959106
ACH-000361,0,0.6722147464752197
ACH-000719,0,0.871880829334259
ACH-001396,1,0.7144505381584167
ACH-001848,0,0.7734636068344116
ACH-000339,1,0.8027538061141968
ACH-002048,0,0.6262114644050598
ACH-000218,1,0.45693260431289673
ACH-002486,1,0.8289863467216492
ACH-002711,0,0.5835444927215576
ACH-000789,1,0.6216944456100464
ACH-000413,0,0.341746062040329
ACH-000125,0,0.5664453506469727
ACH-000180,1,0.37853363156318665
ACH-000215,1,0.7578077912330627
ACH-001001,1,0.6802489161491394
ACH-000407,1,0.5865967273712158
ACH-002170,1,0.719602644443512
ACH-002027,0,0.8861421346664429
ACH-001132,1,0.45019662380218506
ACH-001278,0,0.4356522560119629
ACH-000032,0,0.5017111897468567
ACH-003108,1,0.6018057465553284
ACH-001419,1,0.9287107586860657
ACH-000494,0,0.7630389928817749
ACH-000865,1,0.8906335234642029
ACH-000439,1,0.7747504115104675
ACH-001523,1,0.730806291103363
ACH-001983,0,0.5101050138473511
ACH-000024,1,0.5647624731063843
ACH-000674,0,0.8764068484306335
ACH-000670,1,0.8485495448112488
ACH-000599,1,0.8063584566116333
ACH-000263,1,0.8174831867218018
ACH-003191,0,0.5845885872840881
ACH-000303,1,0.48472073674201965
ACH-001551,1,0.8467996120452881
ACH-002795,0,0.5052005052566528
ACH-000793,0,0.9306408762931824
ACH-002511,0,0.7038422226905823
ACH-000286,1,0.862654983997345
ACH-000250,1,0.5523048639297485
ACH-000139,0,0.8774806261062622
ACH-001735,1,0.6833573579788208
ACH-002013,0,0.46704351902008057
ACH-001389,1,0.42914503812789917
ACH-001183,1,0.7395458817481995
ACH-000551,1,0.5751470327377319
ACH-003101,0,0.6780200004577637
ACH-001163,1,0.4551507234573364
ACH-000037,1,0.7836111783981323
ACH-000744,1,0.8032161593437195
ACH-000420,1,0.5493873357772827
ACH-000336,0,0.6001767516136169
ACH-000486,0,0.9597076773643494
ACH-000679,1,0.9192871451377869
ACH-001557,0,0.6154467463493347
ACH-000247,0,0.9357064366340637
ACH-000947,1,0.6895828247070312
ACH-000807,1,0.4540611803531647
ACH-000476,1,0.9406700730323792
ACH-000525,1,0.7189909815788269
ACH-003154,0,0.8119233846664429
ACH-001148,0,0.4917708933353424
ACH-003455,0,0.6370479464530945
ACH-000853,1,0.6593499183654785
ACH-000083,0,0.27162057161331177
ACH-000479,0,0.6269425749778748
ACH-000230,0,0.65156090259552
ACH-001664,1,0.5970721244812012
ACH-002705,1,0.750706136226654
ACH-002937,0,0.7355872392654419
ACH-000955,1,0.9160990118980408
ACH-000049,0,0.6376816034317017
ACH-000675,1,0.9566696882247925
ACH-000199,0,0.36281514167785645
ACH-000193,1,0.6872360706329346
ACH-001686,1,0.682196855545044
ACH-000538,0,0.642188310623169
ACH-002490,1,0.9058125615119934
ACH-001683,1,0.5514238476753235
ACH-001990,1,0.4081268310546875
ACH-001438,0,0.5092459321022034
ACH-001647,1,0.5318379402160645
ACH-002043,1,0.8417144417762756
ACH-001649,0,0.8110358119010925
ACH-000155,1,0.7880575060844421
ACH-000270,1,0.8819618225097656
ACH-003106,0,0.576213002204895
ACH-003177,1,0.5519933104515076
ACH-000683,1,0.8070108890533447
ACH-002017,0,0.44362911581993103
ACH-000655,1,0.5672934651374817
ACH-000145,1,0.6869529485702515
ACH-001495,1,0.7182223796844482
ACH-000188,1,0.8252208232879639
ACH-003458,1,0.727240800857544
ACH-000080,0,0.5428985357284546
ACH-000146,1,0.8972363471984863
ACH-000415,1,0.9168545007705688
ACH-001518,1,0.7781815528869629
ACH-002290,0,0.35589471459388733
ACH-000891,1,0.8955055475234985
ACH-001625,1,0.7377490401268005
ACH-001985,1,0.5215067267417908
ACH-000895,1,0.8802560567855835
ACH-000851,1,0.711365818977356
ACH-000824,1,0.9616258144378662
ACH-000506,1,0.6009120345115662
ACH-001427,0,0.6148456335067749
ACH-000540,0,0.6512951254844666
ACH-000061,1,0.5766512751579285
ACH-000185,0,0.36209315061569214
ACH-000568,0,0.93862384557724
ACH-000707,1,0.8193708062171936
ACH-000603,1,0.8658919334411621
ACH-000983,1,0.6830307245254517
ACH-000541,1,0.4884525537490845
ACH-000680,1,0.9164837598800659
ACH-002460,0,0.7307572364807129
ACH-000111,1,0.9066833257675171
ACH-002463,1,0.18151652812957764
ACH-000369,1,0.7293768525123596
ACH-002928,0,0.5968528389930725
ACH-000618,1,0.8889369368553162
ACH-000470,1,0.8444903492927551
ACH-003150,0,0.4095129072666168
ACH-002039,1,0.7564077377319336
ACH-000118,1,0.9173295497894287
ACH-000614,0,0.42129167914390564
ACH-001338,0,0.5186259150505066
ACH-000432,0,0.6870393753051758
ACH-000556,0,0.6085136532783508
ACH-001804,1,0.3990122377872467
ACH-001386,1,0.8821871280670166
ACH-001060,1,0.5780250430107117
ACH-001525,1,0.753285825252533
ACH-001539,1,0.7668346762657166
ACH-000014,0,0.8698366284370422
ACH-002785,0,0.6028770804405212
ACH-000637,1,0.9386786818504333
ACH-002693,1,0.8681461215019226
ACH-001855,0,0.7415044903755188
ACH-000455,1,0.8891745805740356
ACH-000389,0,0.8689238429069519
ACH-002710,1,0.6948264837265015
ACH-000129,0,0.7879531979560852
ACH-000490,0,0.8665310144424438
ACH-000434,1,0.6747839450836182
ACH-001086,0,0.8814027905464172
ACH-002042,1,0.7893955111503601
ACH-000597,0,0.699626088142395
ACH-000756,1,0.8352870941162109
ACH-000396,1,0.7218514084815979
ACH-003148,0,0.633267879486084
ACH-000089,1,0.7916592955589294
ACH-002478,0,0.5035944581031799
ACH-000371,1,0.5894113183021545
ACH-000265,0,0.7960918545722961
ACH-000132,1,0.8711751103401184
ACH-000216,1,0.7949777841567993
ACH-000613,1,0.8633202910423279
ACH-000855,1,0.7584007978439331
ACH-000906,1,0.48972368240356445
ACH-000348,1,0.4971846044063568
ACH-001100,1,0.49879366159439087
ACH-000238,1,0.9301363825798035
ACH-000237,1,0.6636855602264404
ACH-003099,1,0.7788295745849609
ACH-000393,1,0.46964597702026367
ACH-003107,0,0.5892564058303833
ACH-000623,1,0.5028435587882996
ACH-000359,0,0.8170915246009827
ACH-001028,1,0.5923376679420471
ACH-000621,1,0.7850573062896729
ACH-001641,1,0.7811026573181152
ACH-000056,0,0.6481748819351196
ACH-000483,1,0.8127755522727966
ACH-003308,0,0.5947815179824829
ACH-000514,1,0.8591142296791077
ACH-000051,0,0.4602971374988556
ACH-003433,1,0.7596279382705688
ACH-000043,0,0.3793928027153015
ACH-000936,1,0.9505714774131775
ACH-000716,1,0.9456900954246521
ACH-000988,1,0.8831146359443665
ACH-000952,0,0.5879475474357605
ACH-001350,1,0.7241900563240051
ACH-000065,0,0.5789504647254944
ACH-000609,0,0.4877488315105438
ACH-001411,1,0.7983198761940002
ACH-000504,1,0.692880392074585
ACH-002677,1,0.7745268940925598
ACH-000956,1,0.9450716376304626
ACH-001712,1,0.2534373700618744
ACH-000652,1,0.7566048502922058
ACH-000414,0,0.8526365160942078
ACH-000472,1,0.8049279451370239
ACH-000007,0,0.659979522228241
ACH-000446,0,0.7968345284461975
ACH-003071,1,0.7822099328041077
ACH-000386,1,0.5802196264266968
ACH-001850,1,0.5876021385192871
ACH-000755,0,0.750730037689209
ACH-001503,0,0.6824676394462585
ACH-000028,0,0.8151453733444214
ACH-000665,1,0.7464072108268738
ACH-001679,0,0.648784339427948
ACH-000078,0,0.7637975215911865
ACH-002046,1,0.7989267706871033
ACH-000397,1,0.6959596872329712
ACH-003145,0,0.3183412253856659
ACH-000229,0,0.354990154504776
ACH-002925,0,0.27206289768218994
ACH-000518,1,0.700709342956543
ACH-001566,0,0.7361008524894714
ACH-000252,1,0.8155683279037476
ACH-000572,0,0.659562885761261
ACH-001605,1,0.6138286590576172
ACH-002522,1,0.5587449073791504
ACH-000277,1,0.4349198043346405
ACH-001239,0,0.8576260209083557
ACH-000786,1,0.5616990327835083
ACH-000803,1,0.9554410576820374
ACH-001970,0,0.34768378734588623
ACH-002038,1,0.7934356331825256
ACH-000537,1,0.9256230592727661
ACH-002660,1,0.6976370811462402
ACH-002806,1,0.8232883214950562
ACH-000419,1,0.5225905179977417
ACH-002782,0,0.3371427357196808
ACH-000724,1,0.7601797580718994
ACH-000522,1,0.7570274472236633
ACH-001549,1,0.7506060600280762
ACH-000706,1,0.8711429238319397
ACH-000737,0,0.7860071659088135
ACH-000548,1,0.8522147536277771
ACH-001839,0,0.5483531355857849
ACH-001799,0,0.6146237850189209
ACH-001573,1,0.7850406765937805
ACH-002946,0,0.5943410992622375
ACH-000425,0,0.7543123960494995
ACH-003103,0,0.7019181847572327
ACH-000375,0,0.41266435384750366
ACH-000753,1,0.5992119908332825
ACH-000275,0,0.3489075303077698
ACH-000735,0,0.9426265358924866
ACH-000654,1,0.6352139711380005
ACH-001067,0,0.8733521103858948
ACH-000170,0,0.6880345344543457
ACH-001394,1,0.8728818893432617
ACH-001433,1,0.7773380875587463
ACH-000404,0,0.47484350204467773
ACH-000882,0,0.7829622030258179
ACH-001509,1,0.9551412463188171
ACH-000210,0,0.8154125809669495
ACH-000254,1,0.8871710896492004
ACH-000604,1,0.5566896200180054
ACH-000090,1,0.8494830131530762
ACH-000195,1,0.4674389064311981
ACH-001791,0,0.7137318849563599
ACH-001650,0,0.6100319623947144
ACH-000605,1,0.9888512492179871
ACH-000458,1,0.8139479756355286
ACH-003121,1,0.9102348685264587
ACH-003125,1,0.7830985188484192
ACH-002084,0,0.4326830506324768
ACH-000004,1,0.5473469495773315
ACH-000251,1,0.8556862473487854
ACH-000241,0,0.6231988072395325
ACH-001194,1,0.5272034406661987
ACH-001987,0,0.4600740671157837
ACH-002055,1,0.7697398662567139
ACH-002689,0,0.6057753562927246
ACH-001443,1,0.6032898426055908
ACH-000688,1,0.6989859938621521
ACH-000405,1,0.7197895050048828
ACH-000821,1,0.7149953246116638
ACH-001677,0,0.5364517569541931
ACH-002526,1,0.6351285576820374
ACH-001627,0,0.9510160088539124
ACH-000951,1,0.9385854005813599
ACH-001036,0,0.5830404162406921
ACH-002792,1,0.3444305658340454
ACH-000547,0,0.6877527832984924
ACH-000826,1,0.8916056752204895
ACH-001986,0,0.43504801392555237
ACH-001147,1,0.6098116636276245
ACH-002927,0,0.5435938239097595
ACH-002470,1,0.7573850750923157
ACH-000162,1,0.6063354015350342
ACH-003139,0,0.6186837553977966
ACH-001751,0,0.7676189541816711
ACH-000018,1,0.7195981740951538
ACH-000721,1,0.48149600625038147
ACH-000003,0,0.732863187789917
ACH-000092,0,0.8264943957328796
ACH-000669,1,0.9763079881668091
ACH-001099,0,0.3040092885494232
ACH-000648,0,0.8214186429977417
ACH-000950,0,0.9298000931739807
ACH-000050,0,0.46695247292518616
ACH-001106,1,0.4043457806110382
ACH-002051,1,0.8993632793426514
ACH-000367,0,0.5458624958992004
ACH-000589,1,0.7263287901878357
ACH-000564,0,0.5550119876861572
ACH-001522,0,0.5062484741210938
ACH-000831,1,0.6508620381355286
ACH-000424,1,0.6851489543914795
ACH-000409,1,0.9080670475959778
ACH-000616,1,0.5352239608764648
ACH-000628,1,0.9598762392997742
ACH-000512,1,0.7280358076095581
ACH-000232,1,0.620561957359314
ACH-000820,1,0.9803807139396667
ACH-001295,0,0.6613673567771912
ACH-001164,0,0.7760385274887085
ACH-000806,0,0.5092347860336304
ACH-002524,1,0.7214779853820801
ACH-000645,0,0.5438652634620667
ACH-000099,0,0.8937519192695618
ACH-000902,1,0.6653153896331787
ACH-000649,1,0.44954192638397217
ACH-000086,0,0.7987841367721558
ACH-000149,0,0.6290432810783386
ACH-002538,1,0.6280914545059204
ACH-000142,1,0.876905083656311
ACH-002535,1,0.7886119484901428
ACH-000227,0,0.7540661096572876
ACH-000697,0,0.8179552555084229
ACH-000942,1,0.8188187479972839
ACH-000264,1,0.6399222612380981
ACH-000809,1,0.759803056716919
ACH-000093,0,0.7566424012184143
ACH-000100,1,0.641575276851654
ACH-001445,1,0.6953468918800354
ACH-000060,1,0.8562077283859253
ACH-000001,1,0.9182662963867188
ACH-000957,0,0.6796970963478088
ACH-000650,1,0.5014025568962097
ACH-001096,0,0.7709863781929016
ACH-002799,0,0.9251920580863953
ACH-002404,1,0.7466947436332703
ACH-000239,1,0.9467210173606873
ACH-000762,1,0.9557444453239441
ACH-000922,0,0.7809704542160034
ACH-002784,1,0.410909503698349
ACH-002653,0,0.33743640780448914
ACH-000859,1,0.9269278645515442
ACH-000990,1,0.5799065828323364
ACH-000410,0,0.5458545684814453
ACH-001971,0,0.3845076560974121
ACH-000927,1,0.9267369508743286
ACH-001853,0,0.5310712456703186
ACH-001978,0,0.2886629104614258
ACH-000694,1,0.8255464434623718
ACH-000935,0,0.44199928641319275
ACH-000918,1,0.6378623247146606
ACH-001984,0,0.511746883392334
ACH-000761,1,0.7789266705513
ACH-001563,0,0.35295042395591736
ACH-000974,0,0.923740565776825
ACH-000297,1,0.8318513035774231
ACH-001719,1,0.8361882567405701
ACH-000243,1,0.830756425857544
ACH-001418,1,0.8085390329360962
ACH-000362,0,0.7853529453277588
ACH-000843,1,0.9178832769393921
ACH-002052,1,0.904790461063385
ACH-000840,1,0.6969879865646362
ACH-001852,1,0.6598939895629883
ACH-001528,0,0.530897855758667
ACH-001656,1,0.6343569159507751
ACH-000016,0,0.8694446682929993
ACH-000165,0,0.2924741506576538
ACH-001460,1,0.92475426197052
ACH-000592,1,0.6493532061576843
ACH-001192,1,0.7981348633766174
ACH-000045,0,0.6657582521438599
ACH-000741,1,0.9851657748222351
ACH-000912,1,0.7320170402526855
ACH-000529,0,0.8328927755355835
ACH-000508,1,0.9582857489585876
ACH-000577,1,0.6472338438034058
ACH-000768,1,0.6339799165725708
ACH-000636,1,0.8034858703613281
ACH-000667,1,0.8607431054115295
ACH-000905,1,0.8099058270454407
ACH-001494,1,0.8380346894264221
ACH-000387,1,0.8209125995635986
ACH-002510,0,0.1799527406692505
ACH-001303,0,0.5327084064483643
ACH-000026,0,0.6352763772010803
ACH-000838,0,0.5149213671684265
ACH-001172,1,0.7134845852851868
ACH-000822,0,0.4424695670604706
ACH-000531,0,0.3568663001060486
ACH-000349,0,0.9137274026870728
ACH-000527,0,0.7612648010253906
ACH-000279,1,0.6292148232460022
ACH-000516,1,0.7357926964759827
ACH-001662,1,0.7108333110809326
ACH-000812,1,0.41631007194519043
ACH-003157,0,0.35752812027931213
ACH-003464,0,0.7364689111709595
ACH-001300,0,0.8028802871704102
ACH-000524,1,0.852707028388977
ACH-000611,1,0.8228846788406372
ACH-002419,0,0.6215307712554932
ACH-000411,0,0.41884490847587585
ACH-000718,1,0.8784028887748718
ACH-000903,1,0.6193922162055969
ACH-002021,0,0.5656601786613464
ACH-000433,0,0.5614036321640015
ACH-000499,1,0.8744742274284363
ACH-000278,1,0.9032397270202637
ACH-000202,1,0.6243829131126404
ACH-001736,1,0.4997429847717285
ACH-001379,1,0.8140230774879456
ACH-002070,1,0.4529641568660736
ACH-002794,1,0.34844377636909485
ACH-000128,1,0.7399632334709167
ACH-002528,0,0.5358926653862
ACH-000696,1,0.5799043774604797
ACH-000041,1,0.6866453886032104
ACH-000214,0,0.2763192355632782
ACH-000747,1,0.5994502305984497
ACH-001307,1,0.563862681388855
ACH-000341,1,0.8391087651252747
ACH-001740,1,0.7018983960151672
ACH-000417,0,0.9511767029762268
ACH-001393,1,0.6299652457237244
ACH-000120,0,0.684450626373291
ACH-001694,1,0.7253707051277161
ACH-001542,1,0.8238361477851868
ACH-002509,0,0.6192309856414795
ACH-000438,1,0.7528669834136963
ACH-001366,1,0.8066834807395935
ACH-000653,0,0.5001286864280701
ACH-000839,1,0.9345603585243225
ACH-000673,1,0.7205832004547119
ACH-001524,1,0.9056618809700012
ACH-000069,0,0.8791066408157349
ACH-002996,1,0.6064485311508179
ACH-003142,0,0.5696099996566772
ACH-000323,1,0.3818829655647278
ACH-000021,1,0.7975620627403259
ACH-001863,1,0.7147443294525146
ACH-001996,1,0.8204773664474487
ACH-000980,1,0.7085035443305969
ACH-000106,0,0.644507110118866
ACH-003156,0,0.8077338933944702
ACH-000734,1,0.7099529504776001
ACH-000845,1,0.9087954163551331
ACH-001982,0,0.5437411069869995
ACH-000730,0,0.5195789933204651
ACH-001334,0,0.9188396334648132
ACH-000698,1,0.7154925465583801
ACH-000802,1,0.8230381608009338
ACH-001836,1,0.8271499276161194
ACH-000573,1,0.8837291598320007
ACH-001699,1,0.855191171169281
ACH-000963,1,0.7655611038208008
ACH-001567,0,0.701503336429596
ACH-001653,1,0.5524725914001465
ACH-000852,1,0.6754869222640991
ACH-001862,0,0.40142756700515747
ACH-001976,0,0.5005218982696533
ACH-002665,1,0.5074144005775452
ACH-003153,0,0.7388902902603149
ACH-000661,0,0.5374757051467896
ACH-001500,1,0.6441462635993958
ACH-001190,1,0.8210579752922058
ACH-002467,0,0.468829870223999
ACH-000364,0,0.8940995931625366
ACH-000448,0,0.7854957580566406
ACH-000979,1,0.7469684481620789
ACH-000932,0,0.6300081610679626
ACH-000783,1,0.6479107737541199
ACH-002044,1,0.6613945960998535
ACH-000301,1,0.5670493841171265
ACH-002459,0,0.5441138744354248
ACH-000976,1,0.7519786953926086
ACH-001516,0,0.5516591668128967
ACH-001354,1,0.7593578100204468
ACH-001645,0,0.37593117356300354
ACH-003135,0,0.41716426610946655
ACH-000867,1,0.9181975722312927
ACH-000304,0,0.43645140528678894
ACH-002069,0,0.5453917384147644
ACH-000931,0,0.5138978362083435
ACH-001374,0,0.7353003025054932
ACH-000302,1,0.9531514644622803
ACH-000305,1,0.9183111786842346
ACH-000072,1,0.7620013952255249
ACH-000766,1,0.9651036858558655
ACH-000533,0,0.7559760808944702
ACH-000343,1,0.6511567831039429
ACH-001437,0,0.722823977470398
ACH-000171,1,0.6102664470672607
ACH-003475,1,0.7903993129730225
ACH-000173,1,0.8852207660675049
ACH-000535,1,0.9218171238899231
ACH-000774,1,0.9025818109512329
ACH-000178,0,0.9315429925918579
ACH-001306,1,0.3688671588897705
ACH-000994,1,0.9562377333641052
ACH-001188,0,0.7266088724136353
ACH-000372,0,0.5131890177726746
ACH-002886,0,0.5836021900177002
ACH-000804,0,0.5058486461639404
ACH-000011,0,0.6363813877105713
ACH-000733,1,0.7069792151451111
ACH-001603,0,0.6064941883087158
ACH-000829,0,0.8310525417327881
ACH-000141,1,0.8780237436294556
ACH-000810,1,0.6108320355415344
ACH-001994,1,0.911145806312561
ACH-001145,1,0.5834743976593018
ACH-000717,1,0.9632067680358887
ACH-000738,1,0.6389695405960083
ACH-001843,0,0.659205973148346
ACH-002664,1,0.8318588137626648
ACH-000780,1,0.7960787415504456
ACH-001548,0,0.5491383075714111
ACH-000759,0,0.7241349220275879
ACH-001555,0,0.38576585054397583
ACH-001369,1,0.7206860780715942
ACH-000969,1,0.6948128938674927
ACH-000873,1,0.9158622026443481
ACH-001275,0,0.5410504341125488
ACH-002654,1,0.9490894675254822
ACH-002435,0,0.7485535144805908
ACH-001972,0,0.42107903957366943
ACH-000921,1,0.8808846473693848
ACH-003470,1,0.5973266959190369
ACH-001953,0,0.5129051208496094
ACH-002843,0,0.2138805240392685
ACH-001373,1,0.7041067481040955
ACH-002800,0,0.9094461798667908
ACH-001022,0,0.5428684949874878
ACH-000082,0,0.7481275200843811
ACH-003105,0,0.44262659549713135
ACH-000488,1,0.8128641247749329
ACH-000790,1,0.8732460737228394
ACH-000172,0,0.3752610385417938
ACH-000647,1,0.8247323036193848
ACH-000602,0,0.7818607091903687
ACH-003181,0,0.6134005188941956
ACH-002681,1,0.7053166627883911
ACH-001465,0,0.5114743113517761
ACH-003012,0,0.7351224422454834
ACH-000156,0,0.7188026309013367
ACH-002001,0,0.3564639091491699
ACH-000315,1,0.5867964029312134
ACH-001678,0,0.46372494101524353
ACH-002446,1,0.6761248707771301
ACH-000201,0,0.6235092878341675
ACH-000435,1,0.9228859543800354
ACH-000965,1,0.8548784852027893
ACH-001550,1,0.4779989421367645
ACH-002026,0,0.39939066767692566
ACH-000883,1,0.6968261003494263
ACH-000482,1,0.796164870262146
ACH-000450,0,0.4951363503932953
ACH-002672,1,0.8966401219367981
ACH-000835,1,0.8413376808166504
ACH-002431,0,0.4393615126609802
ACH-001802,0,0.5979901552200317
ACH-000629,0,0.6550777554512024
ACH-000715,1,0.8535121083259583
ACH-000870,1,0.9497129917144775
ACH-000910,0,0.4168180227279663
ACH-000779,1,0.9023235440254211
ACH-000140,0,0.7181569933891296
ACH-001196,1,0.5028662085533142
ACH-001484,0,0.5819580554962158
ACH-000693,1,0.8935609459877014
ACH-000811,1,0.7991474866867065
ACH-000423,1,0.7326533198356628
ACH-000290,1,0.8341234922409058
ACH-001847,0,0.8327524065971375
ACH-000492,0,0.4712817072868347
ACH-001519,0,0.38859838247299194
ACH-000110,1,0.9058869481086731
ACH-001497,1,0.3898347020149231
ACH-000102,1,0.6759753227233887
ACH-000817,1,0.8107379078865051
ACH-001556,0,0.5066248774528503
ACH-000964,0,0.7950969338417053
ACH-000378,1,0.886237621307373
ACH-000913,1,0.9062268733978271
ACH-000575,0,0.9006718397140503
ACH-000634,1,0.8648183941841125
ACH-002291,0,0.773216187953949
ACH-001322,0,0.7249652743339539
ACH-002924,0,0.37565237283706665
ACH-000767,1,0.7570232152938843
ACH-001642,0,0.45005175471305847
ACH-001552,1,0.8919818997383118
ACH-000451,1,0.8737354278564453
ACH-000879,1,0.5763443112373352
ACH-001842,1,0.8296626806259155
ACH-002662,1,0.6076219081878662
ACH-001032,1,0.7804045677185059
ACH-000982,0,0.8255464434623718
ACH-001636,1,0.7138968110084534
ACH-000189,0,0.7212799191474915
ACH-000454,1,0.7754383087158203
ACH-000131,0,0.36190810799598694
ACH-000660,0,0.9230782389640808
ACH-001197,1,0.5512411594390869
ACH-000915,1,0.5203198194503784
ACH-000480,1,0.8412351608276367
ACH-000745,0,0.5589444041252136
ACH-000161,0,0.8152645230293274
ACH-000395,1,0.6683916449546814
ACH-001459,1,0.8266479969024658
ACH-000916,1,0.8619828224182129
ACH-001609,1,0.7010173201560974
ACH-001960,1,0.9131217002868652
ACH-002648,1,0.7458553910255432
ACH-001856,0,0.8769691586494446
ACH-003158,0,0.3972371518611908
ACH-002433,1,0.44642946124076843
ACH-000295,1,0.7692503929138184
ACH-001485,0,0.7785918712615967
ACH-003269,0,0.7335528135299683
ACH-000292,1,0.8466590642929077
ACH-000137,1,0.9216532111167908
ACH-000308,1,0.8255082964897156
ACH-000445,1,0.8140496015548706
ACH-001229,0,0.8299826383590698
ACH-000144,1,0.8647505044937134
ACH-000837,1,0.9169625043869019
ACH-000048,1,0.4684942960739136
ACH-000463,0,0.5262054204940796
ACH-000881,0,0.6521020531654358
ACH-000388,1,0.744210958480835
ACH-001992,1,0.3328206241130829
ACH-000147,1,0.7187773585319519
ACH-000930,1,0.7171704769134521
ACH-000899,0,0.6527135372161865
ACH-000366,1,0.8200370073318481
ACH-001571,0,0.6981369256973267
ACH-001526,0,0.4168326258659363
ACH-000064,0,0.9660778045654297
ACH-001329,0,0.4867545962333679
ACH-001676,1,0.7417955994606018
ACH-000418,1,0.8601649403572083
ACH-001280,1,0.7878607511520386
ACH-002922,1,0.7965078353881836
ACH-000861,1,0.6360536813735962
ACH-000692,1,0.9351173639297485
ACH-003137,0,0.7599611878395081
ACH-000107,1,0.839989185333252
ACH-000133,1,0.6401719450950623
ACH-000306,0,0.3962598145008087
ACH-001530,0,0.6207239627838135
ACH-000651,1,0.787460207939148
ACH-000563,1,0.7217693328857422
ACH-000058,1,0.9319117069244385
ACH-000345,0,0.7506574988365173
ACH-000316,1,0.7149395942687988
ACH-000884,1,0.5236220359802246
ACH-000289,0,0.42988917231559753
ACH-001451,0,0.6139753460884094
ACH-003459,1,0.39943134784698486
ACH-002440,0,0.44232356548309326
ACH-000355,1,0.8135895729064941
ACH-002926,0,0.2585683763027191
ACH-000962,1,0.7795871496200562
ACH-000473,1,0.7823359370231628
ACH-000192,1,0.8538633584976196
ACH-001624,0,0.6096982359886169
ACH-001989,0,0.37863650918006897
ACH-001807,0,0.36249053478240967
ACH-002532,1,0.583040714263916
ACH-002466,0,0.43673235177993774
ACH-001344,0,0.5602036118507385
ACH-001684,0,0.5737745761871338
ACH-000757,0,0.4604111313819885
ACH-000054,0,0.6031369566917419
ACH-001318,1,0.738437831401825
ACH-000601,1,0.44672179222106934
ACH-000635,1,0.8049678206443787
ACH-001857,1,0.7936617136001587
ACH-000966,1,0.761780858039856
ACH-000630,1,0.7837845087051392
ACH-000225,1,0.6991323232650757
ACH-002047,0,0.19142717123031616
ACH-000657,0,0.5183805227279663
ACH-000624,1,0.9787730574607849
ACH-000699,1,0.739536702632904
ACH-000923,0,0.7954809665679932
ACH-000687,1,0.8436265587806702
ACH-000044,0,0.7274629473686218
ACH-000740,1,0.8975110650062561
ACH-000447,1,0.829520583152771
ACH-000101,1,0.713000476360321
ACH-001416,1,0.7718588709831238
ACH-000319,0,0.7748876214027405
ACH-000198,0,0.7810215950012207
ACH-000280,0,0.9433900117874146
ACH-003265,0,0.7208133339881897
ACH-000104,1,0.4446409046649933
ACH-001835,1,0.7648336887359619
ACH-000892,0,0.46965304017066956
ACH-000493,1,0.8260327577590942
ACH-000042,1,0.9233845472335815
ACH-002045,1,0.891563355922699
ACH-000221,1,0.6918749213218689
ACH-000477,0,0.5944098830223083
ACH-000746,1,0.6987081170082092
ACH-000356,1,0.797296941280365
ACH-000457,0,0.6641889214515686
ACH-000904,0,0.9035935401916504
ACH-002060,0,0.5770053267478943
ACH-003159,0,0.42420655488967896
ACH-001813,0,0.3248690664768219
ACH-000244,0,0.7331545352935791
ACH-000610,1,0.6858392357826233
ACH-000081,0,0.7125034928321838
ACH-003161,0,0.7081524729728699
ACH-000255,1,0.7702080011367798
ACH-001038,1,0.7109102606773376
ACH-000352,0,0.927810788154602
ACH-002016,0,0.46505263447761536
ACH-000416,1,0.8384683132171631
ACH-000752,1,0.6052552461624146
ACH-000862,1,0.7964221835136414
ACH-000236,1,0.9260308742523193
ACH-000401,1,0.49495142698287964
ACH-000731,0,0.6980628371238708
ACH-000875,1,0.8892389535903931
ACH-000626,1,0.962119460105896
ACH-000593,1,0.6846464276313782
ACH-000182,0,0.9249395728111267
ACH-000442,1,0.7570277452468872
ACH-000159,0,0.6142562627792358
ACH-000907,1,0.8504857420921326
ACH-000191,1,0.9419877529144287
ACH-000205,0,0.9714648723602295
ACH-000103,1,0.8922775983810425
ACH-000739,0,0.3878944218158722
ACH-001558,0,0.4314558207988739
ACH-000206,0,0.5336492657661438
ACH-000841,1,0.7882190942764282
ACH-000615,1,0.5762839317321777
ACH-001613,0,0.5892139673233032
ACH-001608,1,0.7467800974845886
ACH-000801,0,0.46610161662101746
ACH-000539,0,0.6251462697982788
ACH-000464,1,0.7828040719032288
ACH-000622,1,0.4542046785354614
ACH-000452,1,0.8833936452865601
ACH-001390,1,0.9080246686935425
ACH-001401,1,0.6622105240821838
ACH-000365,1,0.6360002756118774
ACH-001431,0,0.5869766473770142
ACH-000475,1,0.7719107270240784
ACH-000860,0,0.7776090502738953
ACH-000074,1,0.728534460067749
ACH-000377,1,0.8013635277748108
ACH-001562,0,0.5001937747001648
ACH-001693,1,0.5553162693977356
ACH-003134,0,0.3934439420700073
ACH-000259,1,0.8289520144462585
ACH-001697,1,0.9273536205291748
ACH-002801,1,0.49290308356285095
ACH-001388,0,0.8034080266952515
ACH-001410,1,0.701080322265625
ACH-002025,1,0.7366088628768921
ACH-002688,0,0.6012659668922424
ACH-000720,1,0.7954479455947876
ACH-000095,0,0.6750044822692871
ACH-001345,0,0.7775493860244751
ACH-000558,0,0.8109551668167114
ACH-000664,1,0.6767024397850037
ACH-000177,0,0.8723154067993164
ACH-001423,0,0.620436429977417
ACH-000335,0,0.6365267634391785
ACH-000940,1,0.6106720566749573
ACH-003160,0,0.7764520645141602
ACH-000631,0,0.464247465133667
ACH-000207,1,0.7952379584312439
ACH-000764,1,0.524289071559906
ACH-000995,1,0.714799702167511
ACH-000373,1,0.6795454025268555
ACH-000953,1,0.8240973949432373
ACH-000709,0,0.6189128756523132
ACH-003463,0,0.31714048981666565
ACH-000846,1,0.9287416338920593
ACH-001702,0,0.3700169324874878
ACH-000333,0,0.9377316832542419
ACH-001708,0,0.680918276309967
ACH-002059,0,0.49791648983955383
ACH-000929,1,0.9456512928009033
ACH-001395,0,0.7392231225967407
ACH-000948,0,0.9257325530052185
ACH-002015,0,0.46764591336250305
ACH-000981,1,0.7194443941116333
ACH-000617,1,0.9642311930656433
ACH-000311,1,0.8744245171546936
ACH-001210,0,0.6080893278121948
ACH-001834,1,0.778757631778717
ACH-002010,0,0.6001013517379761
ACH-003143,0,0.5362444519996643
ACH-000390,1,0.8856261968612671
ACH-000468,0,0.8038805723190308
ACH-002651,0,0.7883027791976929
ACH-001061,1,0.8936964869499207
ACH-000077,0,0.7644307017326355
ACH-000456,1,0.7966991662979126
ACH-002703,1,0.715571403503418
ACH-000496,1,0.8835563659667969
ACH-002512,0,0.6747445464134216
ACH-000062,1,0.8973761200904846
ACH-002464,0,0.537190318107605
ACH-000088,0,0.673339307308197
ACH-000536,1,0.9308894872665405
ACH-000071,0,0.6011975407600403
ACH-002004,0,0.2867967486381531
ACH-000878,1,0.8254068493843079
ACH-001380,1,0.8311349749565125
ACH-002061,1,0.564545750617981
ACH-000385,0,0.5532351136207581
ACH-000412,1,0.8084970712661743
ACH-003474,1,0.9029288291931152
ACH-000427,1,0.8055018186569214
ACH-000938,0,0.8009681701660156
ACH-000462,0,0.42116594314575195
ACH-000939,1,0.86955326795578
ACH-000325,1,0.6113489866256714
ACH-000515,1,0.919277548789978
ACH-001033,0,0.21085402369499207
ACH-000919,0,0.6174961924552917
ACH-000863,0,0.8627226948738098
ACH-000642,0,0.956770658493042
ACH-000581,1,0.5968866944313049
ACH-001435,0,0.708936333656311
ACH-001050,0,0.5355226397514343
ACH-001818,0,0.3206266462802887
ACH-001384,1,0.5762216448783875
ACH-000797,0,0.3330206573009491
ACH-000220,1,0.7458934187889099
ACH-001533,1,0.6650488376617432
ACH-001508,1,0.9204837679862976
ACH-000827,0,0.8798847198486328
ACH-003119,1,0.8325645327568054
ACH-000961,1,0.9352466464042664
ACH-000778,1,0.756661057472229
ACH-000825,1,0.8669412136077881
ACH-000743,1,0.7551323771476746
ACH-000190,1,0.5112362504005432
ACH-001819,1,0.9333524703979492
ACH-000157,1,0.8304888010025024
ACH-001786,0,0.839280366897583
ACH-000253,1,0.9304749965667725
ACH-001376,1,0.9110339879989624
ACH-000958,0,0.9770125150680542
ACH-000228,1,0.9223077893257141
ACH-000266,1,0.7435199618339539
ACH-001750,1,0.5619096159934998
ACH-000174,1,0.7155934572219849
ACH-000245,1,0.8404849767684937
ACH-001279,0,0.740750789642334
ACH-000620,0,0.8426969051361084
ACH-000813,1,0.9376618266105652
ACH-001513,1,0.8528133630752563
ACH-000168,1,0.5550589561462402
ACH-000257,1,0.7513460516929626
ACH-000211,1,0.8357531428337097
ACH-000283,0,0.42882055044174194
ACH-002401,1,0.9052111506462097
ACH-002041,1,0.7285891771316528
ACH-000987,1,0.5430079698562622
ACH-003465,1,0.5980985760688782
ACH-000682,1,0.9767398238182068
ACH-000073,0,0.7663804888725281
ACH-000212,1,0.7881654500961304
ACH-000096,0,0.5713829398155212
ACH-002500,0,0.4739934504032135
ACH-001440,0,0.881432294845581
ACH-000063,0,0.6921218037605286
ACH-002942,0,0.8492327332496643
ACH-001999,1,0.6879736185073853
ACH-000776,0,0.8736248016357422
ACH-000521,1,0.4731060862541199
ACH-000299,0,0.6056423187255859
ACH-000025,0,0.4916555881500244
ACH-000591,1,0.585904061794281
ACH-001716,0,0.8195553421974182
ACH-000833,1,0.7003265023231506
ACH-001628,1,0.7993150353431702
ACH-000398,1,0.8346761465072632
ACH-000274,0,0.4456367790699005
ACH-001370,1,0.8732529878616333
ACH-001700,1,0.7725489139556885
ACH-000029,1,0.7676216959953308
ACH-001849,1,0.7807777523994446
ACH-000644,0,0.5750779509544373
ACH-001422,0,0.800558865070343
ACH-000588,1,0.6391101479530334
ACH-000849,1,0.8499386310577393
ACH-002690,0,0.7233023047447205
ACH-000219,0,0.7363876104354858
ACH-000150,1,0.8350359797477722
ACH-001845,0,0.5644785761833191
ACH-002643,0,0.46448424458503723
ACH-000384,0,0.8486762642860413
ACH-001053,1,0.4670194089412689
ACH-001274,0,0.3678605854511261
ACH-000091,1,0.7868157625198364
ACH-002932,1,0.6858906149864197
ACH-002014,0,0.4767005741596222
ACH-001634,0,0.5508983731269836
ACH-002531,0,0.8066407442092896
ACH-000495,0,0.6241945624351501
ACH-000911,1,0.94162517786026
ACH-000013,1,0.9080835580825806
ACH-002667,1,0.6087561249732971
ACH-000777,1,0.7645958065986633
ACH-001765,1,0.7831759452819824
ACH-000312,1,0.8336115479469299
ACH-000085,1,0.7928179502487183
ACH-000436,0,0.43400537967681885
ACH-000869,1,0.8089974522590637
ACH-003061,1,0.9460088610649109
ACH-003471,0,0.8431350588798523
ACH-000267,0,0.7521332502365112
ACH-000489,1,0.9119913578033447
ACH-000431,1,0.4985087513923645
ACH-000152,1,0.7539947628974915
ACH-000909,0,0.30979931354522705
ACH-000534,1,0.9141811728477478
ACH-001489,1,0.5214235186576843
ACH-000582,1,0.7517784833908081
ACH-000460,1,0.9615499377250671
ACH-000443,1,0.8424433469772339
ACH-001570,0,0.57570880651474
ACH-000986,1,0.8191643953323364
ACH-001335,0,0.7284159064292908
ACH-000023,1,0.4457820951938629
ACH-002062,0,0.42814773321151733
ACH-002462,0,0.2596449553966522
ACH-000151,0,0.6096647381782532
ACH-001277,1,0.6813510060310364
ACH-000607,0,0.301399290561676
ACH-002647,0,0.8749014735221863
ACH-000703,1,0.7588229179382324
ACH-001211,0,0.3494575619697571
ACH-003152,0,0.323930025100708
ACH-001511,1,0.8575952053070068
ACH-000113,0,0.661437451839447
ACH-000337,1,0.8304051756858826
ACH-000598,0,0.6657589673995972
ACH-000057,0,0.43802258372306824
ACH-000281,1,0.9477000832557678
ACH-000321,1,0.6131353974342346
ACH-000985,1,0.8271337151527405
ACH-000444,0,0.7563809156417847
ACH-000347,1,0.7573471665382385
ACH-001399,1,0.7482391595840454
ACH-001097,0,0.5190770626068115
ACH-000127,1,0.7793416976928711
ACH-001961,1,0.6904739141464233
ACH-001796,0,0.3699985444545746
ACH-000307,1,0.7714143991470337
ACH-001030,0,0.48928168416023254
ACH-002485,1,0.6428089141845703
ACH-000595,1,0.719322681427002
ACH-001540,0,0.3769506812095642
ACH-000298,1,0.7307115197181702
ACH-000771,1,0.7561482787132263
ACH-000500,1,0.9188716411590576
ACH-000353,1,0.8077502846717834
ACH-000363,1,0.7793092727661133
ACH-000350,0,0.8723204731941223
ACH-000053,1,0.7583162188529968
ACH-001543,1,0.9407318234443665
ACH-000663,0,0.5809173583984375
ACH-000346,0,0.5838909149169922
ACH-000970,1,0.9504895210266113
ACH-002543,1,0.7037126421928406
ACH-001333,1,0.7949401140213013
ACH-000794,1,0.7596397995948792
ACH-000039,0,0.6909946799278259
ACH-000471,0,0.5987194776535034
ACH-000850,0,0.4279415011405945
ACH-000291,1,0.6387897729873657
ACH-001453,0,0.853604793548584
ACH-001458,1,0.6197371482849121
ACH-000886,1,0.9578500986099243
ACH-000888,1,0.8055506944656372
ACH-000659,1,0.9646446704864502
ACH-000030,1,0.8976401686668396
ACH-001201,1,0.8701443076133728
ACH-000271,1,0.8122072219848633
ACH-002676,0,0.5139462947845459
ACH-000549,1,0.8883296847343445
ACH-000555,0,0.7538551688194275
ACH-000478,1,0.5123372077941895
ACH-000775,1,0.959316611289978
ACH-002214,0,0.592226505279541
ACH-000038,0,0.8767263293266296
ACH-001109,0,0.31966903805732727
ACH-001442,1,0.7716434597969055
ACH-000559,1,0.7072579264640808
ACH-000510,0,0.8048493266105652
ACH-002065,0,0.44200196862220764
ACH-000676,1,0.5066378116607666
ACH-002659,1,0.756485104560852
ACH-000844,1,0.9418061375617981
ACH-002403,1,0.48588070273399353
ACH-002787,0,0.5310415029525757
ACH-002497,1,0.7219972014427185
ACH-002798,0,0.37361404299736023
ACH-000925,0,0.7578670382499695
ACH-002465,0,0.5494763851165771
ACH-000272,0,0.7836896777153015
ACH-001035,1,0.4240759313106537
ACH-003457,0,0.40191102027893066
ACH-000513,0,0.8408691883087158
ACH-001059,0,0.34656915068626404
ACH-000959,1,0.898047924041748
ACH-002283,1,0.7759952545166016
ACH-000169,1,0.866706132888794
ACH-001402,0,0.6227265000343323
ACH-000796,1,0.9487286806106567
ACH-000143,1,0.5747131705284119
ACH-000067,1,0.6263288855552673
ACH-000640,0,0.8738112449645996
ACH-001591,1,0.719042956829071
ACH-001674,1,0.8086715340614319
ACH-001698,1,0.9164062738418579
ACH-002002,0,0.6010020971298218
ACH-002011,0,0.4684438109397888
ACH-003268,0,0.7624547481536865
ACH-000967,1,0.7972891926765442
ACH-000469,1,0.873619019985199
ACH-001353,1,0.7067412734031677
ACH-001574,0,0.6768574118614197
ACH-000097,0,0.9312362670898438
ACH-000256,1,0.7998681664466858
ACH-000977,0,0.9342209100723267
ACH-000972,0,0.8576833605766296
ACH-001367,1,0.661040723323822
ACH-000382,1,0.8282805681228638
ACH-003476,1,0.7256075739860535
ACH-000579,0,0.6164342761039734
ACH-002035,0,0.721077561378479
ACH-001532,0,0.2206714004278183
ACH-000695,1,0.7324360013008118
ACH-001795,0,0.4586091935634613
ACH-001510,1,0.8213200569152832
ACH-000502,1,0.874748945236206
ACH-000183,1,0.8073360323905945
ACH-000408,1,0.8817541003227234
ACH-001496,1,0.8162800669670105
ACH-000788,1,0.7963660955429077
ACH-002405,0,0.8210442066192627
ACH-002409,1,0.8159016370773315
ACH-001622,0,0.6493191719055176
ACH-000466,1,0.9602416753768921
ACH-001560,0,0.435242235660553
ACH-001019,0,0.8727110028266907
ACH-003111,0,0.39018428325653076
ACH-000005,1,0.7696938514709473
ACH-001687,0,0.5365543961524963
ACH-001151,0,0.8730810284614563
ACH-000701,1,0.7560866475105286
ACH-000542,0,0.6218696236610413
ACH-000126,0,0.6285684704780579
ACH-001685,0,0.6254584193229675
ACH-000933,0,0.851738691329956
ACH-000068,1,0.9173851013183594
ACH-000015,1,0.7121546268463135
ACH-001111,1,0.7884533405303955
ACH-000487,1,0.589619517326355
ACH-000122,1,0.6638016104698181
ACH-000288,1,0.7679983377456665
ACH-001820,1,0.6732210516929626
ACH-000782,1,0.8437560200691223
ACH-001632,1,0.8870432376861572
ACH-002399,1,0.951779305934906
ACH-000357,1,0.709997296333313
ACH-000079,1,0.948081374168396
ACH-001031,0,0.678513765335083
ACH-001064,1,0.7504321336746216
ACH-002802,0,0.5759636163711548
ACH-001048,1,0.9224581122398376
ACH-000453,1,0.8239306807518005
ACH-003155,0,0.7757702469825745
ACH-000791,1,0.7887551188468933
ACH-000567,1,0.8427165746688843
ACH-001391,1,0.5377359986305237
ACH-001075,0,0.892443060874939
ACH-000105,0,0.5307159423828125
ACH-000557,1,0.9065036773681641
ACH-000175,0,0.31105008721351624
ACH-001356,1,0.40850844979286194
ACH-001844,1,0.7110203504562378
ACH-001346,1,0.8488454222679138
ACH-000885,0,0.6425544619560242
ACH-000900,1,0.6809751987457275
ACH-000666,1,0.5504904389381409
ACH-001428,1,0.7714898586273193
ACH-000217,1,0.9047676920890808
ACH-000872,1,0.9372959733009338
ACH-001974,0,0.3354996144771576
ACH-002020,1,0.8043724298477173
ACH-001638,0,0.5541618466377258
ACH-001228,0,0.6796208620071411
ACH-000181,1,0.9131595492362976
ACH-000115,1,0.7459847331047058
ACH-000130,0,0.5786073803901672
ACH-000121,1,0.8692436218261719
ACH-001711,1,0.5905285477638245
ACH-000934,1,0.9357762336730957
ACH-000996,1,0.9087704420089722
ACH-001529,0,0.5943254232406616
ACH-001743,0,0.8478319644927979
ACH-000320,1,0.6207417845726013
ACH-000505,1,0.47184130549430847
ACH-000781,1,0.7439702749252319
ACH-000059,0,0.6040425896644592
ACH-000920,1,0.8980898261070251
ACH-000294,1,0.5020399689674377
ACH-000422,1,0.6448149681091309
ACH-000200,0,0.6776748895645142
ACH-000046,0,0.8515645265579224
ACH-000968,0,0.4406675696372986
ACH-000830,1,0.9340044856071472
ACH-000114,1,0.8824599981307983
ACH-000402,1,0.8533849120140076
ACH-001578,1,0.606262743473053
ACH-000036,0,0.37221837043762207
ACH-000973,1,0.7311987280845642
ACH-001128,0,0.20428591966629028
ACH-003437,1,0.6474348306655884
ACH-000750,0,0.5952888131141663
ACH-000285,1,0.646831750869751
ACH-002669,1,0.7483678460121155
ACH-001858,1,0.8771719932556152
ACH-001997,1,0.8930503726005554
ACH-000052,1,0.5614694356918335
