,tp53_binary,gcn_v2_bio_proba_proba
ACH-001113,1,0.6730149388313293
ACH-001289,0,0.5939868092536926
ACH-001339,1,0.5928648114204407
ACH-001979,0,0.35909220576286316
ACH-002438,0,0.4234149158000946
ACH-001538,0,0.5987103581428528
ACH-000242,0,0.5841710567474365
ACH-000708,0,0.6000802516937256
ACH-000327,0,0.6872093081474304
ACH-000233,1,0.4748538136482239
ACH-000461,1,0.609350860118866
ACH-000705,1,0.3977298140525818
ACH-001794,0,0.17904676496982574
ACH-002023,1,0.6418864130973816
ACH-000528,1,0.5101718902587891
ACH-002501,0,0.4261813163757324
ACH-001655,1,0.23834851384162903
ACH-000167,0,0.5280205607414246
ACH-000792,1,0.5872278213500977
ACH-001098,1,0.5345441102981567
ACH-000570,1,0.33389812707901
ACH-000351,1,0.8367315530776978
ACH-002075,1,0.8512918949127197
ACH-002040,1,0.2654680013656616
ACH-000769,1,0.5010718107223511
ACH-000154,0,0.15581095218658447
ACH-000828,0,0.47864484786987305
ACH-000421,1,0.824643611907959
ACH-000765,1,0.3655138909816742
ACH-001375,1,0.6234868168830872
ACH-000008,0,0.6228610277175903
ACH-001814,0,0.45289498567581177
ACH-000800,1,0.6407036781311035
ACH-000606,1,0.6566392183303833
ACH-000317,0,0.3846387565135956
ACH-001492,0,0.34293875098228455
ACH-000123,0,0.48177409172058105
ACH-000723,1,0.6940075159072876
ACH-002066,1,0.6151331663131714
ACH-001536,0,0.36470597982406616
ACH-003136,0,0.3645631968975067
ACH-000313,1,0.24407647550106049
ACH-002019,0,0.7061203122138977
ACH-000728,0,0.46683090925216675
ACH-000700,1,0.34376412630081177
ACH-000823,1,0.7653495669364929
ACH-000678,1,0.6321967244148254
ACH-000006,1,0.48002973198890686
ACH-002790,0,0.31019583344459534
ACH-002029,1,0.3817940652370453
ACH-001377,0,0.6121418476104736
ACH-000754,1,0.39561727643013
ACH-000465,0,0.3271184265613556
ACH-000138,1,0.5315900444984436
ACH-001864,1,0.614239513874054
ACH-000383,1,0.5257812738418579
ACH-001547,0,0.4684637486934662
ACH-000917,1,0.8452135324478149
ACH-002471,0,0.49524953961372375
ACH-000984,1,0.19330750405788422
ACH-002678,1,0.25667068362236023
ACH-001409,1,0.29378294944763184
ACH-001707,0,0.3554897904396057
ACH-000117,1,0.46407803893089294
ACH-000999,1,0.719914436340332
ACH-000633,1,0.5302330851554871
ACH-000520,1,0.6393865346908569
ACH-000176,1,0.20939131081104279
ACH-000017,1,0.6260858178138733
ACH-000020,0,0.2620973289012909
ACH-001385,0,0.44734376668930054
ACH-000587,1,0.6847219467163086
ACH-000785,1,0.3733581304550171
ACH-003469,0,0.16724097728729248
ACH-000554,1,0.5722090005874634
ACH-003180,0,0.32091641426086426
ACH-001398,0,0.44481444358825684
ACH-001991,0,0.5207945704460144
ACH-001332,1,0.7617197632789612
ACH-000585,1,0.7266520857810974
ACH-000550,1,0.5424345135688782
ACH-000627,1,0.4068540632724762
ACH-000704,0,0.5341091752052307
ACH-000276,1,0.7030028700828552
ACH-000075,0,0.5673956871032715
ACH-000818,1,0.7063211798667908
ACH-003184,0,0.5772147178649902
ACH-001616,0,0.4179331958293915
ACH-000625,0,0.5062063932418823
ACH-000941,1,0.4870549738407135
ACH-000392,1,0.7996149659156799
ACH-000269,0,0.6610961556434631
ACH-001670,1,0.5880742073059082
ACH-003133,0,0.6244004964828491
ACH-000856,0,0.6780312657356262
ACH-002687,0,0.21555031836032867
ACH-001119,0,0.27030736207962036
ACH-003132,0,0.41755321621894836
ACH-000376,1,0.6093875169754028
ACH-000685,1,0.8100883960723877
ACH-000729,1,0.7537055015563965
ACH-001034,0,0.4509475827217102
ACH-001283,1,0.6136670708656311
ACH-000880,0,0.45287659764289856
ACH-000035,1,0.660514235496521
ACH-001200,0,0.37473124265670776
ACH-000194,0,0.23467081785202026
ACH-000322,0,0.3106498420238495
ACH-000552,1,0.6280004978179932
ACH-002508,1,0.2528958320617676
ACH-000222,1,0.3795369863510132
ACH-000260,0,0.6105396747589111
ACH-001652,0,0.7023687362670898
ACH-000608,1,0.5047757029533386
ACH-000501,1,0.4765167236328125
ACH-000612,0,0.433108389377594
ACH-002033,1,0.2884560525417328
ACH-001184,0,0.5436557531356812
ACH-001688,0,0.44272565841674805
ACH-001838,1,0.5182012915611267
ACH-000638,1,0.46716660261154175
ACH-001846,1,0.5063432455062866
ACH-000798,1,0.6272075176239014
ACH-001321,0,0.7512293457984924
ACH-000894,1,0.6039560437202454
ACH-001559,1,0.25966572761535645
ACH-000344,1,0.25836941599845886
ACH-000223,1,0.6602844595909119
ACH-000031,1,0.7742066979408264
ACH-000034,0,0.4200478792190552
ACH-001861,1,0.7564529776573181
ACH-003468,1,0.3941836357116699
ACH-000772,0,0.6365761160850525
ACH-000946,0,0.3481661379337311
ACH-000596,1,0.5772004127502441
ACH-001046,0,0.45841681957244873
ACH-000632,1,0.7217307686805725
ACH-000978,1,0.6255568861961365
ACH-000332,1,0.5588193535804749
ACH-001841,1,0.7135782241821289
ACH-003273,1,0.4029718339443207
ACH-000179,1,0.8182288408279419
ACH-000887,1,0.6259177327156067
ACH-000368,1,0.5146645903587341
ACH-000240,0,0.24460536241531372
ACH-000578,0,0.8408243060112
ACH-001611,0,0.4120573401451111
ACH-000135,0,0.5020762085914612
ACH-001671,0,0.8577196598052979
ACH-000406,1,0.37923505902290344
ACH-001541,1,0.33961278200149536
ACH-000998,0,0.6686644554138184
ACH-000441,0,0.4985513985157013
ACH-000960,1,0.4735966920852661
ACH-000098,1,0.6436322927474976
ACH-001651,0,0.5618473291397095
ACH-001456,1,0.6640383005142212
ACH-001336,0,0.5905935764312744
ACH-000284,0,0.2724500596523285
ACH-000971,0,0.6164295673370361
ACH-001454,0,0.43556639552116394
ACH-000926,1,0.7223713994026184
ACH-000033,0,0.5973121523857117
ACH-000576,1,0.4690849781036377
ACH-000019,0,0.572368323802948
ACH-001577,0,0.3470751643180847
ACH-001981,0,0.49374091625213623
ACH-000330,1,0.6848830580711365
ACH-000848,1,0.6182030439376831
ACH-000481,1,0.6796729564666748
ACH-001517,1,0.39168819785118103
ACH-000338,1,0.46698418259620667
ACH-001959,1,0.26595211029052734
ACH-001414,0,0.6023942828178406
ACH-001227,0,0.5071688890457153
ACH-000871,1,0.8175287246704102
ACH-001403,1,0.7646685838699341
ACH-000805,0,0.4919337034225464
ACH-001142,0,0.4962521195411682
ACH-001554,0,0.47010719776153564
ACH-001667,0,0.3263491988182068
ACH-000847,1,0.4388571083545685
ACH-001447,1,0.3053562641143799
ACH-001537,0,0.5171114206314087
ACH-001207,0,0.36804306507110596
ACH-001854,0,0.43852946162223816
ACH-000832,1,0.37574446201324463
ACH-001975,1,0.34073466062545776
ACH-000428,0,0.6342456936836243
ACH-001382,1,0.596864640712738
ACH-001302,0,0.41294053196907043
ACH-000690,0,0.7507601976394653
ACH-001134,0,0.45984235405921936
ACH-000914,1,0.3892787992954254
ACH-000858,1,0.7570345997810364
ACH-001421,1,0.608228325843811
ACH-002796,0,0.3004664182662964
ACH-003183,1,0.3684949576854706
ACH-002716,0,0.3327863812446594
ACH-003100,0,0.29838794469833374
ACH-000544,1,0.7337276935577393
ACH-000725,1,0.607681930065155
ACH-000566,1,0.5189392566680908
ACH-000760,0,0.43439850211143494
ACH-001745,1,0.6725351810455322
ACH-000787,1,0.5207052826881409
ACH-001598,0,0.7330309152603149
ACH-000749,1,0.6681196093559265
ACH-001691,1,0.30253005027770996
ACH-001328,1,0.496271550655365
ACH-001704,0,0.6100653409957886
ACH-001502,0,0.8505677580833435
ACH-002844,0,0.3295675814151764
ACH-001068,0,0.257112592458725
ACH-000358,1,0.81873619556427
ACH-002695,1,0.6637716293334961
ACH-001672,0,0.7870989441871643
ACH-001654,1,0.693335235118866
ACH-001521,1,0.29030942916870117
ACH-000209,0,0.6149554252624512
ACH-001520,0,0.43960583209991455
ACH-000213,1,0.6446675062179565
ACH-001610,1,0.2839862108230591
ACH-001408,1,0.6841278076171875
ACH-000991,1,0.7391418218612671
ACH-001412,1,0.7112539410591125
ACH-000331,1,0.5617231726646423
ACH-001407,1,0.2738419771194458
ACH-000580,0,0.21176055073738098
ACH-000594,1,0.5507858395576477
ACH-000684,0,0.461381196975708
ACH-000742,0,0.32262805104255676
ACH-000868,1,0.7571871280670166
ACH-000732,1,0.6917168498039246
ACH-001481,1,0.48355457186698914
ACH-000429,0,0.5292026400566101
ACH-000310,0,0.6323558688163757
ACH-002475,1,0.3873116970062256
ACH-000643,1,0.5533243417739868
ACH-000234,0,0.6724733710289001
ACH-003267,0,0.648210346698761
ACH-001498,1,0.23893265426158905
ACH-000896,1,0.3165121078491211
ACH-003451,0,0.29771095514297485
ACH-000203,0,0.7039925456047058
ACH-001607,1,0.5397248268127441
ACH-002706,1,0.5795157551765442
ACH-001441,0,0.29275408387184143
ACH-000112,0,0.5005702972412109
ACH-000874,0,0.3095135986804962
ACH-000186,1,0.7284596562385559
ACH-002780,1,0.5082427859306335
ACH-000677,0,0.628188967704773
ACH-000055,1,0.7267076373100281
ACH-000485,1,0.412693589925766
ACH-000672,1,0.4620210826396942
ACH-001150,0,0.3501226305961609
ACH-000287,1,0.31131771206855774
ACH-000784,1,0.6447672843933105
ACH-000530,1,0.4597330391407013
ACH-002024,1,0.3767329454421997
ACH-000380,1,0.39774200320243835
ACH-001737,0,0.37568947672843933
ACH-001400,1,0.5688298940658569
ACH-001054,0,0.49911707639694214
ACH-001695,1,0.5680763721466064
ACH-000009,1,0.618689239025116
ACH-000491,1,0.650764524936676
ACH-001703,0,0.3248453736305237
ACH-000002,0,0.5993332266807556
ACH-001568,0,0.3393654525279999
ACH-001449,0,0.3896709680557251
ACH-000993,1,0.3118228018283844
ACH-002680,1,0.5030889511108398
ACH-000877,1,0.2676224112510681
ACH-000711,1,0.5462632775306702
ACH-001515,0,0.617154061794281
ACH-002847,0,0.6718783378601074
ACH-000702,0,0.556547224521637
ACH-001020,0,0.23771540820598602
ACH-000600,0,0.5021679997444153
ACH-003266,0,0.7446206212043762
ACH-000354,1,0.745427131652832
ACH-000012,1,0.7145528197288513
ACH-000689,0,0.5183338522911072
ACH-002668,1,0.39047735929489136
ACH-002533,0,0.5816616415977478
ACH-000459,0,0.19811312854290009
ACH-002050,0,0.2671886682510376
ACH-003120,1,0.6224091053009033
ACH-001413,0,0.5441033840179443
ACH-000686,1,0.5219370126724243
ACH-000342,1,0.7925397753715515
ACH-000208,1,0.3614943027496338
ACH-000360,1,0.5909289121627808
ACH-000249,1,0.768082857131958
ACH-001368,1,0.43270906805992126
ACH-000231,1,0.48727384209632874
ACH-002074,1,0.7706842422485352
ACH-000945,1,0.5082153677940369
ACH-000662,0,0.6597532629966736
ACH-002458,0,0.5291175842285156
ACH-001378,0,0.7162963151931763
ACH-001029,1,0.40998250246047974
ACH-001817,0,0.15233862400054932
ACH-002846,0,0.517356276512146
ACH-000248,1,0.654059648513794
ACH-000943,0,0.17077717185020447
ACH-000751,1,0.4752165377140045
ACH-001696,1,0.4227898418903351
ACH-002936,1,0.4865337014198303
ACH-001016,1,0.5144436359405518
ACH-000282,0,0.7819750905036926
ACH-003438,1,0.39214396476745605
ACH-002215,0,0.6365246772766113
ACH-000261,1,0.4690924286842346
ACH-000164,1,0.40517348051071167
ACH-001793,0,0.5544494986534119
ACH-000262,0,0.5328039526939392
ACH-000158,0,0.4780597388744354
ACH-000773,0,0.3766789138317108
ACH-000722,1,0.7222849130630493
ACH-000857,1,0.8105947971343994
ACH-001129,1,0.5000124573707581
ACH-001619,1,0.4826677441596985
ACH-000184,0,0.2529431879520416
ACH-000329,0,0.3688424229621887
ACH-001569,1,0.5282644629478455
ACH-002544,1,0.6644794344902039
ACH-002675,1,0.46196117997169495
ACH-000814,0,0.46261394023895264
ACH-002499,1,0.7892057299613953
ACH-001493,1,0.3810260593891144
ACH-001701,1,0.711449146270752
ACH-000197,1,0.6427505612373352
ACH-000545,1,0.7586902379989624
ACH-000949,1,0.8328367471694946
ACH-000124,0,0.4193328619003296
ACH-000560,0,0.43447402119636536
ACH-000897,1,0.6755769848823547
ACH-001626,1,0.3852746784687042
ACH-000619,1,0.4373677372932434
ACH-001973,1,0.46481019258499146
ACH-001340,1,0.7682571411132812
ACH-000546,1,0.7724736928939819
ACH-001709,1,0.3325338661670685
ACH-002018,0,0.4385518729686737
ACH-000153,0,0.6448571681976318
ACH-000526,0,0.25052502751350403
ACH-000116,1,0.7197977304458618
ACH-000815,0,0.4436190724372864
ACH-001270,0,0.4306102395057678
ACH-002523,1,0.4613770544528961
ACH-000324,0,0.4663185477256775
ACH-001949,0,0.5384540557861328
ACH-001561,0,0.6973503232002258
ACH-000842,1,0.6807404160499573
ACH-000898,0,0.5176527500152588
ACH-000517,1,0.6570610404014587
ACH-001980,0,0.4856637716293335
ACH-001415,1,0.5732252597808838
ACH-000681,0,0.3974250257015228
ACH-001310,0,0.41879674792289734
ACH-000070,0,0.5081450939178467
ACH-000484,1,0.6153308749198914
ACH-003426,0,0.4170057475566864
ACH-000108,1,0.20367678999900818
ACH-000808,1,0.37101638317108154
ACH-000656,1,0.4181812107563019
ACH-000166,1,0.4759783446788788
ACH-000997,1,0.564150333404541
ACH-000866,1,0.7456117868423462
ACH-000819,1,0.39384984970092773
ACH-000226,0,0.38868218660354614
ACH-000087,1,0.6629982590675354
ACH-000340,1,0.3652024269104004
ACH-002005,1,0.2271917462348938
ACH-001680,1,0.5000126957893372
ACH-000758,1,0.6056795120239258
ACH-000196,1,0.664092481136322
ACH-003141,0,0.5027298331260681
ACH-000258,0,0.6008202433586121
ACH-000163,1,0.4827222228050232
ACH-000076,1,0.5928203463554382
ACH-000509,1,0.6343349814414978
ACH-001193,1,0.5385051965713501
ACH-000571,1,0.4882439374923706
ACH-000391,1,0.5218202471733093
ACH-000293,1,0.493699848651886
ACH-003138,0,0.24780185520648956
ACH-000532,1,0.7489813566207886
ACH-000584,1,0.5542064309120178
ACH-001690,1,0.6515374183654785
ACH-000586,1,0.7299544215202332
ACH-000944,1,0.4536878168582916
ACH-003149,0,0.4117397964000702
ACH-000561,1,0.6987001299858093
ACH-001648,0,0.2810254991054535
ACH-000394,0,0.6956666111946106
ACH-000954,1,0.31465470790863037
ACH-000204,1,0.41320672631263733
ACH-000160,0,0.3168014585971832
ACH-003460,1,0.42806997895240784
ACH-000989,0,0.5790203213691711
ACH-001347,1,0.3278484642505646
ACH-000691,1,0.5709831714630127
ACH-000268,1,0.6324086785316467
ACH-001209,0,0.27125367522239685
ACH-003456,0,0.36602869629859924
ACH-000119,0,0.1280132234096527
ACH-000379,1,0.520706295967102
ACH-001341,0,0.5658159852027893
ACH-000714,0,0.312669038772583
ACH-000937,1,0.4377894401550293
ACH-000763,0,0.3438679575920105
ACH-002834,0,0.4573522210121155
ACH-001673,1,0.5559123754501343
ACH-000326,1,0.4506497085094452
ACH-000300,0,0.5822248458862305
ACH-002994,0,0.4632432460784912
ACH-000901,1,0.5625339150428772
ACH-000816,1,0.7668025493621826
ACH-000641,1,0.5532569289207458
ACH-000511,0,0.5720593333244324
ACH-002077,1,0.5884371399879456
ACH-000583,1,0.4254876375198364
ACH-000836,1,0.7824967503547668
ACH-000975,1,0.403475821018219
ACH-000109,1,0.6500633955001831
ACH-000467,1,0.4497181177139282
ACH-000712,1,0.4547310769557953
ACH-000671,1,0.734962522983551
ACH-000523,1,0.693268895149231
ACH-000864,1,0.7067945003509521
ACH-000726,1,0.8379065990447998
ACH-000136,0,0.6809074282646179
ACH-002067,1,0.676409125328064
ACH-000440,1,0.5590541362762451
ACH-002539,1,0.2754353880882263
ACH-001461,0,0.6119730472564697
ACH-000890,1,0.5386726260185242
ACH-001692,0,0.5272116661071777
ACH-000027,0,0.3143434226512909
ACH-000562,1,0.619960606098175
ACH-000748,0,0.3840600848197937
ACH-001669,1,0.3906863331794739
ACH-000834,1,0.42546921968460083
ACH-000565,1,0.771168053150177
ACH-000449,0,0.25288110971450806
ACH-000399,1,0.5859784483909607
ACH-002080,0,0.6793137192726135
ACH-000770,1,0.4894859194755554
ACH-000710,0,0.36320188641548157
ACH-000507,1,0.5738282203674316
ACH-000066,1,0.7062466144561768
ACH-000022,1,0.5723448395729065
ACH-001668,0,0.6608267426490784
ACH-000334,1,0.41722068190574646
ACH-000374,1,0.7741385102272034
ACH-000519,1,0.38826146721839905
ACH-000908,0,0.21644647419452667
ACH-002003,0,0.31978854537010193
ACH-000574,1,0.48975661396980286
ACH-000148,1,0.1243741437792778
ACH-002461,1,0.42991897463798523
ACH-000646,0,0.5927202701568604
ACH-000314,1,0.38791704177856445
ACH-001705,1,0.6943703889846802
ACH-000040,1,0.24393408000469208
ACH-001057,0,0.40904659032821655
ACH-000430,1,0.18081603944301605
ACH-001041,1,0.38369062542915344
ACH-001988,0,0.5000063180923462
ACH-001977,0,0.3782302439212799
ACH-000370,1,0.6797706484794617
ACH-001630,1,0.7257898449897766
ACH-000437,1,0.7636517286300659
ACH-000498,1,0.3709704279899597
ACH-001392,1,0.5838626623153687
ACH-000503,1,0.8018419742584229
ACH-002778,0,0.5164555311203003
ACH-000328,1,0.4136332869529724
ACH-000403,1,0.6883928179740906
ACH-000400,0,0.6368306875228882
ACH-000224,0,0.33723822236061096
ACH-000318,1,0.8325826525688171
ACH-003472,0,0.4016205668449402
ACH-001430,0,0.5557772517204285
ACH-000928,0,0.5278445482254028
ACH-000893,1,0.7239567041397095
ACH-000889,1,0.4935418367385864
ACH-000799,0,0.4558788239955902
ACH-001623,1,0.5027620792388916
ACH-000736,1,0.38692954182624817
ACH-000876,1,0.7843042612075806
ACH-001232,1,0.2808597683906555
ACH-001618,1,0.3672729432582855
ACH-001828,0,0.47249242663383484
ACH-002650,1,0.698414146900177
ACH-000235,1,0.6306387782096863
ACH-000381,1,0.6491024494171143
ACH-001993,1,0.35862764716148376
ACH-001301,0,0.48616111278533936
ACH-000854,0,0.545604944229126
ACH-000187,1,0.6629566550254822
ACH-000543,1,0.5178292393684387
ACH-000569,0,0.5818525552749634
ACH-000668,1,0.5710937976837158
ACH-000134,0,0.33690980076789856
ACH-000924,1,0.5725391507148743
ACH-003473,1,0.48385053873062134
ACH-001450,1,0.29630738496780396
ACH-000296,1,0.7582040429115295
ACH-002034,0,0.48605474829673767
ACH-002781,0,0.3527071475982666
ACH-000713,1,0.6184988021850586
ACH-001360,0,0.3811742663383484
ACH-002921,0,0.5202621817588806
ACH-000273,1,0.37543419003486633
ACH-001715,0,0.48499077558517456
ACH-001617,1,0.34277546405792236
ACH-000639,1,0.45148345828056335
ACH-000590,1,0.793354868888855
ACH-000553,1,0.5709744095802307
ACH-000084,0,0.5622142553329468
ACH-000094,1,0.31371361017227173
ACH-000361,0,0.4182125926017761
ACH-000719,0,0.4937500059604645
ACH-001396,1,0.4687114655971527
ACH-001848,0,0.43051889538764954
ACH-000339,1,0.5469755530357361
ACH-002048,0,0.6036240458488464
ACH-000218,1,0.4707864820957184
ACH-002486,1,0.5569997429847717
ACH-002711,0,0.2823459506034851
ACH-000789,1,0.47001275420188904
ACH-000413,0,0.4422993063926697
ACH-000125,0,0.27263355255126953
ACH-000180,1,0.41136226058006287
ACH-000215,1,0.37897998094558716
ACH-001001,1,0.7072672843933105
ACH-000407,1,0.3757482171058655
ACH-002170,1,0.7168761491775513
ACH-002027,0,0.4926641285419464
ACH-001132,1,0.3361598551273346
ACH-001278,0,0.2374773472547531
ACH-000032,0,0.30237600207328796
ACH-003108,1,0.3365897834300995
ACH-001419,1,0.6881124377250671
ACH-000494,0,0.48255008459091187
ACH-000865,1,0.6340494751930237
ACH-000439,1,0.48493701219558716
ACH-001523,1,0.5957570672035217
ACH-001983,0,0.3710574209690094
ACH-000024,1,0.5700271129608154
ACH-000674,0,0.533086895942688
ACH-000670,1,0.4967994689941406
ACH-000599,1,0.43164870142936707
ACH-000263,1,0.5712998509407043
ACH-003191,0,0.3961145579814911
ACH-000303,1,0.36214056611061096
ACH-001551,1,0.7824296355247498
ACH-002795,0,0.5299688577651978
ACH-000793,0,0.5963776707649231
ACH-002511,0,0.5165253281593323
ACH-000286,1,0.8378242254257202
ACH-000250,1,0.23901161551475525
ACH-000139,0,0.7312449216842651
ACH-001735,1,0.3533330261707306
ACH-002013,0,0.2373330295085907
ACH-001389,1,0.40889379382133484
ACH-001183,1,0.35698553919792175
ACH-000551,1,0.61519455909729
ACH-003101,0,0.41141054034233093
ACH-001163,1,0.2507287859916687
ACH-000037,1,0.5890339612960815
ACH-000744,1,0.48535650968551636
ACH-000420,1,0.455668181180954
ACH-000336,0,0.47647547721862793
ACH-000486,0,0.7559880018234253
ACH-000679,1,0.5209753513336182
ACH-001557,0,0.3774440586566925
ACH-000247,0,0.6014314889907837
ACH-000947,1,0.43866249918937683
ACH-000807,1,0.4568402171134949
ACH-000476,1,0.616218626499176
ACH-000525,1,0.7912259697914124
ACH-003154,0,0.46022066473960876
ACH-001148,0,0.5745961666107178
ACH-003455,0,0.49897608160972595
ACH-000853,1,0.6736894249916077
ACH-000083,0,0.19163160026073456
ACH-000479,0,0.4110836684703827
ACH-000230,0,0.2564174234867096
ACH-001664,1,0.49027734994888306
ACH-002705,1,0.5967114567756653
ACH-002937,0,0.5021762251853943
ACH-000955,1,0.7243659496307373
ACH-000049,0,0.6503593325614929
ACH-000675,1,0.8706395626068115
ACH-000199,0,0.20162269473075867
ACH-000193,1,0.7026896476745605
ACH-001686,1,0.24897804856300354
ACH-000538,0,0.48064571619033813
ACH-002490,1,0.8686820268630981
ACH-001683,1,0.5368528962135315
ACH-001990,1,0.36838462948799133
ACH-001438,0,0.5294424295425415
ACH-001647,1,0.4624182879924774
ACH-002043,1,0.5941257476806641
ACH-001649,0,0.3085378408432007
ACH-000155,1,0.6591674089431763
ACH-000270,1,0.6301156878471375
ACH-003106,0,0.31198421120643616
ACH-003177,1,0.3185815215110779
ACH-000683,1,0.5387970805168152
ACH-002017,0,0.46569693088531494
ACH-000655,1,0.5579746961593628
ACH-000145,1,0.5937930345535278
ACH-001495,1,0.5703325271606445
ACH-000188,1,0.5034326910972595
ACH-003458,1,0.5199936032295227
ACH-000080,0,0.3014335632324219
ACH-000146,1,0.5819565653800964
ACH-000415,1,0.8015562295913696
ACH-001518,1,0.48860299587249756
ACH-002290,0,0.3432098925113678
ACH-000891,1,0.6030590534210205
ACH-001625,1,0.561184823513031
ACH-001985,1,0.5370776653289795
ACH-000895,1,0.695449948310852
ACH-000851,1,0.5895668864250183
ACH-000824,1,0.7304658889770508
ACH-000506,1,0.724372386932373
ACH-001427,0,0.4707266092300415
ACH-000540,0,0.2897273004055023
ACH-000061,1,0.32410740852355957
ACH-000185,0,0.1828608512878418
ACH-000568,0,0.7745614051818848
ACH-000707,1,0.39937883615493774
ACH-000603,1,0.7841922044754028
ACH-000983,1,0.3799585998058319
ACH-000541,1,0.5063259601593018
ACH-000680,1,0.6312254071235657
ACH-002460,0,0.47497835755348206
ACH-000111,1,0.7133031487464905
ACH-002463,1,0.24451547861099243
ACH-000369,1,0.5471080541610718
ACH-002928,0,0.3324027955532074
ACH-000618,1,0.7172831892967224
ACH-000470,1,0.6396557688713074
ACH-003150,0,0.5255988836288452
ACH-002039,1,0.5249521136283875
ACH-000118,1,0.8118216395378113
ACH-000614,0,0.21444283425807953
ACH-001338,0,0.5617032051086426
ACH-000432,0,0.3859865069389343
ACH-000556,0,0.45175832509994507
ACH-001804,1,0.23086395859718323
ACH-001386,1,0.7499281167984009
ACH-001060,1,0.3517833650112152
ACH-001525,1,0.4629271328449249
ACH-001539,1,0.40563687682151794
ACH-000014,0,0.6284003257751465
ACH-002785,0,0.34111645817756653
ACH-000637,1,0.8155214786529541
ACH-002693,1,0.6036907434463501
ACH-001855,0,0.36529341340065
ACH-000455,1,0.6677250266075134
ACH-000389,0,0.750261127948761
ACH-002710,1,0.45806488394737244
ACH-000129,0,0.5306715965270996
ACH-000490,0,0.6085575222969055
ACH-000434,1,0.5765371918678284
ACH-001086,0,0.6017518043518066
ACH-002042,1,0.7111083269119263
ACH-000597,0,0.32266610860824585
ACH-000756,1,0.5249401330947876
ACH-000396,1,0.5475290417671204
ACH-003148,0,0.4964756667613983
ACH-000089,1,0.6959694623947144
ACH-002478,0,0.35709989070892334
ACH-000371,1,0.2814527451992035
ACH-000265,0,0.5236071944236755
ACH-000132,1,0.7796005010604858
ACH-000216,1,0.6870620250701904
ACH-000613,1,0.6218804717063904
ACH-000855,1,0.24196097254753113
ACH-000906,1,0.2782421410083771
ACH-000348,1,0.30509859323501587
ACH-001100,1,0.3156500458717346
ACH-000238,1,0.8224932551383972
ACH-000237,1,0.29077792167663574
ACH-003099,1,0.5936142206192017
ACH-000393,1,0.4369278848171234
ACH-003107,0,0.583213746547699
ACH-000623,1,0.32629480957984924
ACH-000359,0,0.5111033916473389
ACH-001028,1,0.3463022708892822
ACH-000621,1,0.7730326056480408
ACH-001641,1,0.36112117767333984
ACH-000056,0,0.5621011257171631
ACH-000483,1,0.6376394033432007
ACH-003308,0,0.5010863542556763
ACH-000514,1,0.7772269248962402
ACH-000051,0,0.3919758200645447
ACH-003433,1,0.5274799466133118
ACH-000043,0,0.40614011883735657
ACH-000936,1,0.6808779239654541
ACH-000716,1,0.7162057161331177
ACH-000988,1,0.6357805132865906
ACH-000952,0,0.29006120562553406
ACH-001350,1,0.6495091319084167
ACH-000065,0,0.5666519403457642
ACH-000609,0,0.48606523871421814
ACH-001411,1,0.52824866771698
ACH-000504,1,0.6669501066207886
ACH-002677,1,0.3664311170578003
ACH-000956,1,0.750784695148468
ACH-001712,1,0.33791327476501465
ACH-000652,1,0.630902111530304
ACH-000414,0,0.6188766360282898
ACH-000472,1,0.45458051562309265
ACH-000007,0,0.595408022403717
ACH-000446,0,0.7551122307777405
ACH-003071,1,0.7925053238868713
ACH-000386,1,0.41171103715896606
ACH-001850,1,0.24744674563407898
ACH-000755,0,0.5320674180984497
ACH-001503,0,0.22742772102355957
ACH-000028,0,0.6481750011444092
ACH-000665,1,0.43568575382232666
ACH-001679,0,0.30609259009361267
ACH-000078,0,0.49066558480262756
ACH-002046,1,0.4344804584980011
ACH-000397,1,0.5486299991607666
ACH-003145,0,0.37927863001823425
ACH-000229,0,0.10007178783416748
ACH-002925,0,0.30079421401023865
ACH-000518,1,0.4635770320892334
ACH-001566,0,0.5170069336891174
ACH-000252,1,0.7349439263343811
ACH-000572,0,0.39363235235214233
ACH-001605,1,0.27277716994285583
ACH-002522,1,0.3507526218891144
ACH-000277,1,0.4254499077796936
ACH-001239,0,0.710774302482605
ACH-000786,1,0.47052711248397827
ACH-000803,1,0.7633756399154663
ACH-001970,0,0.45398467779159546
ACH-002038,1,0.5735699534416199
ACH-000537,1,0.5624191164970398
ACH-002660,1,0.6718113422393799
ACH-002806,1,0.45318469405174255
ACH-000419,1,0.5004943609237671
ACH-002782,0,0.38517242670059204
ACH-000724,1,0.27223023772239685
ACH-000522,1,0.39597901701927185
ACH-001549,1,0.4937262237071991
ACH-000706,1,0.6959977746009827
ACH-000737,0,0.5923995971679688
ACH-000548,1,0.6725466251373291
ACH-001839,0,0.6442683935165405
ACH-001799,0,0.3674914240837097
ACH-001573,1,0.5285851955413818
ACH-002946,0,0.5302979350090027
ACH-000425,0,0.6776779890060425
ACH-003103,0,0.42688119411468506
ACH-000375,0,0.19025824964046478
ACH-000753,1,0.5675725936889648
ACH-000275,0,0.1696707010269165
ACH-000735,0,0.741162121295929
ACH-000654,1,0.48010677099227905
ACH-001067,0,0.5638628005981445
ACH-000170,0,0.33355897665023804
ACH-001394,1,0.7561184763908386
ACH-001433,1,0.3407774865627289
ACH-000404,0,0.5802209973335266
ACH-000882,0,0.7137576341629028
ACH-001509,1,0.6404367089271545
ACH-000210,0,0.5724141001701355
ACH-000254,1,0.7878224849700928
ACH-000604,1,0.4915897846221924
ACH-000090,1,0.44667696952819824
ACH-000195,1,0.4995480179786682
ACH-001791,0,0.5197137594223022
ACH-001650,0,0.22800268232822418
ACH-000605,1,0.791520893573761
ACH-000458,1,0.510578453540802
ACH-003121,1,0.7759127616882324
ACH-003125,1,0.7436385750770569
ACH-002084,0,0.24308666586875916
ACH-000004,1,0.5330690741539001
ACH-000251,1,0.6119101643562317
ACH-000241,0,0.40592747926712036
ACH-001194,1,0.4573715031147003
ACH-001987,0,0.3252302408218384
ACH-002055,1,0.34333181381225586
ACH-002689,0,0.6513357162475586
ACH-001443,1,0.31929200887680054
ACH-000688,1,0.6025807857513428
ACH-000405,1,0.3887852430343628
ACH-000821,1,0.6463481783866882
ACH-001677,0,0.3142020106315613
ACH-002526,1,0.5975887775421143
ACH-001627,0,0.7083925008773804
ACH-000951,1,0.650510847568512
ACH-001036,0,0.39786961674690247
ACH-002792,1,0.42672377824783325
ACH-000547,0,0.3324800729751587
ACH-000826,1,0.583825409412384
ACH-001986,0,0.3173239231109619
ACH-001147,1,0.27979645133018494
ACH-002927,0,0.5266698598861694
ACH-002470,1,0.5976960062980652
ACH-000162,1,0.3777984380722046
ACH-003139,0,0.36967599391937256
ACH-001751,0,0.48518532514572144
ACH-000018,1,0.3779892325401306
ACH-000721,1,0.17384913563728333
ACH-000003,0,0.5801156759262085
ACH-000092,0,0.48471009731292725
ACH-000669,1,0.8007858395576477
ACH-001099,0,0.17217499017715454
ACH-000648,0,0.44485390186309814
ACH-000950,0,0.7335813045501709
ACH-000050,0,0.4896702766418457
ACH-001106,1,0.1889035999774933
ACH-002051,1,0.8241316676139832
ACH-000367,0,0.44785308837890625
ACH-000589,1,0.6281329989433289
ACH-000564,0,0.5060818195343018
ACH-001522,0,0.3893183767795563
ACH-000831,1,0.5866718888282776
ACH-000424,1,0.5128456354141235
ACH-000409,1,0.6683779358863831
ACH-000616,1,0.25724881887435913
ACH-000628,1,0.5442697405815125
ACH-000512,1,0.5158135890960693
ACH-000232,1,0.5885674357414246
ACH-000820,1,0.760603129863739
ACH-001295,0,0.3541669249534607
ACH-001164,0,0.8232802152633667
ACH-000806,0,0.36935028433799744
ACH-002524,1,0.43436309695243835
ACH-000645,0,0.2366582453250885
ACH-000099,0,0.5867303609848022
ACH-000902,1,0.3064086437225342
ACH-000649,1,0.416243314743042
ACH-000086,0,0.47411683201789856
ACH-000149,0,0.4199939966201782
ACH-002538,1,0.305290549993515
ACH-000142,1,0.6724599599838257
ACH-002535,1,0.4649777114391327
ACH-000227,0,0.4448017179965973
ACH-000697,0,0.5423109531402588
ACH-000942,1,0.4537702798843384
ACH-000264,1,0.6679775714874268
ACH-000809,1,0.4827881455421448
ACH-000093,0,0.5448151230812073
ACH-000100,1,0.5758410692214966
ACH-001445,1,0.367926687002182
ACH-000060,1,0.566137969493866
ACH-000001,1,0.8101469278335571
ACH-000957,0,0.6159181594848633
ACH-000650,1,0.30726730823516846
ACH-001096,0,0.4332495927810669
ACH-002799,0,0.8804001808166504
ACH-002404,1,0.4801393747329712
ACH-000239,1,0.5569488406181335
ACH-000762,1,0.6896807551383972
ACH-000922,0,0.5501776933670044
ACH-002784,1,0.27649423480033875
ACH-002653,0,0.41368627548217773
ACH-000859,1,0.7350918054580688
ACH-000990,1,0.3893807530403137
ACH-000410,0,0.2976054847240448
ACH-001971,0,0.45509082078933716
ACH-000927,1,0.5884996056556702
ACH-001853,0,0.36175474524497986
ACH-001978,0,0.4117496609687805
ACH-000694,1,0.7250621318817139
ACH-000935,0,0.43310344219207764
ACH-000918,1,0.3647547662258148
ACH-001984,0,0.3685969114303589
ACH-000761,1,0.32879987359046936
ACH-001563,0,0.2203744500875473
ACH-000974,0,0.44842684268951416
ACH-000297,1,0.7178264260292053
ACH-001719,1,0.5953435897827148
ACH-000243,1,0.7124537229537964
ACH-001418,1,0.7080994248390198
ACH-000362,0,0.4704440236091614
ACH-000843,1,0.817325234413147
ACH-002052,1,0.6818460822105408
ACH-000840,1,0.6297456622123718
ACH-001852,1,0.3419830799102783
ACH-001528,0,0.2269214540719986
ACH-001656,1,0.37365883588790894
ACH-000016,0,0.49172481894493103
ACH-000165,0,0.40887296199798584
ACH-001460,1,0.6841637492179871
ACH-000592,1,0.5732197761535645
ACH-001192,1,0.5660355687141418
ACH-000045,0,0.4594745337963104
ACH-000741,1,0.8578536510467529
ACH-000912,1,0.6662485599517822
ACH-000529,0,0.3443343937397003
ACH-000508,1,0.7623909711837769
ACH-000577,1,0.5468873977661133
ACH-000768,1,0.6020265221595764
ACH-000636,1,0.579627275466919
ACH-000667,1,0.7191503643989563
ACH-000905,1,0.6505967378616333
ACH-001494,1,0.6373541355133057
ACH-000387,1,0.5262132883071899
ACH-002510,0,0.276170015335083
ACH-001303,0,0.6012717485427856
ACH-000026,0,0.3316512405872345
ACH-000838,0,0.36386942863464355
ACH-001172,1,0.5291981101036072
ACH-000822,0,0.41175326704978943
ACH-000531,0,0.119784876704216
ACH-000349,0,0.5907822847366333
ACH-000527,0,0.3259623646736145
ACH-000279,1,0.3943290710449219
ACH-000516,1,0.7208159565925598
ACH-001662,1,0.581702470779419
ACH-000812,1,0.47513696551322937
ACH-003157,0,0.16390056908130646
ACH-003464,0,0.5392522215843201
ACH-001300,0,0.459267795085907
ACH-000524,1,0.6490399837493896
ACH-000611,1,0.5942822694778442
ACH-002419,0,0.355253666639328
ACH-000411,0,0.40854066610336304
ACH-000718,1,0.6455098390579224
ACH-000903,1,0.37129852175712585
ACH-002021,0,0.5556128025054932
ACH-000433,0,0.505591630935669
ACH-000499,1,0.6702139973640442
ACH-000278,1,0.7707301378250122
ACH-000202,1,0.4174737334251404
ACH-001736,1,0.28327828645706177
ACH-001379,1,0.48559078574180603
ACH-002070,1,0.44570600986480713
ACH-002794,1,0.2726125717163086
ACH-000128,1,0.5531857013702393
ACH-002528,0,0.3172900378704071
ACH-000696,1,0.6165734529495239
ACH-000041,1,0.4443869888782501
ACH-000214,0,0.20901766419410706
ACH-000747,1,0.3508445620536804
ACH-001307,1,0.480376660823822
ACH-000341,1,0.5060475468635559
ACH-001740,1,0.4786180257797241
ACH-000417,0,0.5525038838386536
ACH-001393,1,0.543901264667511
ACH-000120,0,0.3572750389575958
ACH-001694,1,0.2533314526081085
ACH-001542,1,0.6832022666931152
ACH-002509,0,0.39216747879981995
ACH-000438,1,0.43579578399658203
ACH-001366,1,0.6331086754798889
ACH-000653,0,0.5279229879379272
ACH-000839,1,0.7379163503646851
ACH-000673,1,0.43163612484931946
ACH-001524,1,0.5305742025375366
ACH-000069,0,0.481948584318161
ACH-002996,1,0.5968733429908752
ACH-003142,0,0.6168310642242432
ACH-000323,1,0.4194190204143524
ACH-000021,1,0.6962734460830688
ACH-001863,1,0.3448886573314667
ACH-001996,1,0.5776134729385376
ACH-000980,1,0.5668988227844238
ACH-000106,0,0.4657638370990753
ACH-003156,0,0.7245871424674988
ACH-000734,1,0.6749942898750305
ACH-000845,1,0.6889172196388245
ACH-001982,0,0.5639445781707764
ACH-000730,0,0.5776240229606628
ACH-001334,0,0.5439251661300659
ACH-000698,1,0.7482864260673523
ACH-000802,1,0.5094919800758362
ACH-001836,1,0.6938629746437073
ACH-000573,1,0.6740908026695251
ACH-001699,1,0.6911854147911072
ACH-000963,1,0.6809200644493103
ACH-001567,0,0.3861745297908783
ACH-001653,1,0.6346281170845032
ACH-000852,1,0.38168469071388245
ACH-001862,0,0.4563455581665039
ACH-001976,0,0.3695215582847595
ACH-002665,1,0.3000554144382477
ACH-003153,0,0.6203620433807373
ACH-000661,0,0.2945088744163513
ACH-001500,1,0.5252173542976379
ACH-001190,1,0.6568291187286377
ACH-002467,0,0.20043601095676422
ACH-000364,0,0.7852492332458496
ACH-000448,0,0.41577503085136414
ACH-000979,1,0.6704632639884949
ACH-000932,0,0.21070648729801178
ACH-000783,1,0.5428621768951416
ACH-002044,1,0.6848105192184448
ACH-000301,1,0.5481918454170227
ACH-002459,0,0.4366304874420166
ACH-000976,1,0.460491806268692
ACH-001516,0,0.6147477626800537
ACH-001354,1,0.5679988265037537
ACH-001645,0,0.2657201588153839
ACH-003135,0,0.524976372718811
ACH-000867,1,0.7776569724082947
ACH-000304,0,0.18460457026958466
ACH-002069,0,0.5115287899971008
ACH-000931,0,0.33216795325279236
ACH-001374,0,0.5145381689071655
ACH-000302,1,0.8444575071334839
ACH-000305,1,0.8097577691078186
ACH-000072,1,0.6244375705718994
ACH-000766,1,0.7838479280471802
ACH-000533,0,0.39659425616264343
ACH-000343,1,0.44928407669067383
ACH-001437,0,0.5022872686386108
ACH-000171,1,0.5585934519767761
ACH-003475,1,0.5144743323326111
ACH-000173,1,0.7912271618843079
ACH-000535,1,0.6055019497871399
ACH-000774,1,0.7677544355392456
ACH-000178,0,0.5908998250961304
ACH-001306,1,0.506408154964447
ACH-000994,1,0.6042721271514893
ACH-001188,0,0.5662209987640381
ACH-000372,0,0.5509452819824219
ACH-002886,0,0.5739011168479919
ACH-000804,0,0.27915552258491516
ACH-000011,0,0.2689015567302704
ACH-000733,1,0.6049522757530212
ACH-001603,0,0.5754656195640564
ACH-000829,0,0.45124614238739014
ACH-000141,1,0.6600617170333862
ACH-000810,1,0.4150998592376709
ACH-001994,1,0.4798237085342407
ACH-001145,1,0.5895450115203857
ACH-000717,1,0.7156561613082886
ACH-000738,1,0.3894059658050537
ACH-001843,0,0.4293210208415985
ACH-002664,1,0.6675024032592773
ACH-000780,1,0.7314949631690979
ACH-001548,0,0.5862204432487488
ACH-000759,0,0.34607255458831787
ACH-001555,0,0.37954452633857727
ACH-001369,1,0.3930486738681793
ACH-000969,1,0.6549338698387146
ACH-000873,1,0.787219226360321
ACH-001275,0,0.27289536595344543
ACH-002654,1,0.7282360196113586
ACH-002435,0,0.7633472681045532
ACH-001972,0,0.30009040236473083
ACH-000921,1,0.6383965611457825
ACH-003470,1,0.3872970938682556
ACH-001953,0,0.2973862886428833
ACH-002843,0,0.23754002153873444
ACH-001373,1,0.5034090280532837
ACH-002800,0,0.7676743865013123
ACH-001022,0,0.3253711760044098
ACH-000082,0,0.35561302304267883
ACH-003105,0,0.5917298197746277
ACH-000488,1,0.5967352390289307
ACH-000790,1,0.616060197353363
ACH-000172,0,0.29818299412727356
ACH-000647,1,0.4999425411224365
ACH-000602,0,0.4906718134880066
ACH-003181,0,0.3930184841156006
ACH-002681,1,0.5669136047363281
ACH-001465,0,0.6102893948554993
ACH-003012,0,0.7522565126419067
ACH-000156,0,0.43530726432800293
ACH-002001,0,0.510587751865387
ACH-000315,1,0.2562740743160248
ACH-001678,0,0.3765536844730377
ACH-002446,1,0.46105632185935974
ACH-000201,0,0.4596567451953888
ACH-000435,1,0.7862247824668884
ACH-000965,1,0.6046773195266724
ACH-001550,1,0.5331606864929199
ACH-002026,0,0.3453185558319092
ACH-000883,1,0.5788788199424744
ACH-000482,1,0.4236658811569214
ACH-000450,0,0.4535456597805023
ACH-002672,1,0.45938292145729065
ACH-000835,1,0.6259843111038208
ACH-002431,0,0.506396472454071
ACH-001802,0,0.43549999594688416
ACH-000629,0,0.3487743139266968
ACH-000715,1,0.5591412782669067
ACH-000870,1,0.6645868420600891
ACH-000910,0,0.3805740177631378
ACH-000779,1,0.6503750681877136
ACH-000140,0,0.5270158052444458
ACH-001196,1,0.5016568303108215
ACH-001484,0,0.3732982873916626
ACH-000693,1,0.7107790112495422
ACH-000811,1,0.6816921830177307
ACH-000423,1,0.6129404902458191
ACH-000290,1,0.7860732078552246
ACH-001847,0,0.3980470597743988
ACH-000492,0,0.4206187427043915
ACH-001519,0,0.240089550614357
ACH-000110,1,0.6922864317893982
ACH-001497,1,0.3968378007411957
ACH-000102,1,0.34113606810569763
ACH-000817,1,0.7826811671257019
ACH-001556,0,0.29238370060920715
ACH-000964,0,0.5576625466346741
ACH-000378,1,0.7604432106018066
ACH-000913,1,0.5795061588287354
ACH-000575,0,0.5718804597854614
ACH-000634,1,0.5564997792243958
ACH-002291,0,0.6184779405593872
ACH-001322,0,0.524562418460846
ACH-002924,0,0.21801689267158508
ACH-000767,1,0.8258028030395508
ACH-001642,0,0.5342538952827454
ACH-001552,1,0.7646449208259583
ACH-000451,1,0.6910927295684814
ACH-000879,1,0.519212007522583
ACH-001842,1,0.5554972290992737
ACH-002662,1,0.5755508542060852
ACH-001032,1,0.5719146728515625
ACH-000982,0,0.5635330080986023
ACH-001636,1,0.2596675753593445
ACH-000189,0,0.41725218296051025
ACH-000454,1,0.4673098027706146
ACH-000131,0,0.2339812070131302
ACH-000660,0,0.7069516181945801
ACH-001197,1,0.32861417531967163
ACH-000915,1,0.381743460893631
ACH-000480,1,0.7552521228790283
ACH-000745,0,0.5522429347038269
ACH-000161,0,0.696647584438324
ACH-000395,1,0.7317323684692383
ACH-001459,1,0.5857617855072021
ACH-000916,1,0.724258303642273
ACH-001609,1,0.4317181408405304
ACH-001960,1,0.8299331068992615
ACH-002648,1,0.4715344309806824
ACH-001856,0,0.5306886434555054
ACH-003158,0,0.26279309391975403
ACH-002433,1,0.3237100839614868
ACH-000295,1,0.4985816180706024
ACH-001485,0,0.5046140551567078
ACH-003269,0,0.6887568831443787
ACH-000292,1,0.44680383801460266
ACH-000137,1,0.8115334510803223
ACH-000308,1,0.6558788418769836
ACH-000445,1,0.6836327910423279
ACH-001229,0,0.6026644110679626
ACH-000144,1,0.6981480121612549
ACH-000837,1,0.6839249134063721
ACH-000048,1,0.32364189624786377
ACH-000463,0,0.33079904317855835
ACH-000881,0,0.388762891292572
ACH-000388,1,0.33646106719970703
ACH-001992,1,0.42550113797187805
ACH-000147,1,0.6038653254508972
ACH-000930,1,0.6203130483627319
ACH-000899,0,0.5929324626922607
ACH-000366,1,0.615459144115448
ACH-001571,0,0.39945462346076965
ACH-001526,0,0.5289016366004944
ACH-000064,0,0.6850268244743347
ACH-001329,0,0.26097485423088074
ACH-001676,1,0.4106748402118683
ACH-000418,1,0.7608057260513306
ACH-001280,1,0.4295992851257324
ACH-002922,1,0.7925888299942017
ACH-000861,1,0.7213257551193237
ACH-000692,1,0.7626745700836182
ACH-003137,0,0.49307796359062195
ACH-000107,1,0.529623806476593
ACH-000133,1,0.50649493932724
ACH-000306,0,0.19924961030483246
ACH-001530,0,0.4885702133178711
ACH-000651,1,0.7160205841064453
ACH-000563,1,0.26146459579467773
ACH-000058,1,0.6176573038101196
ACH-000345,0,0.5824460387229919
ACH-000316,1,0.4016281068325043
ACH-000884,1,0.5127996802330017
ACH-000289,0,0.1607312709093094
ACH-001451,0,0.2593468725681305
ACH-003459,1,0.5248135328292847
ACH-002440,0,0.4201146364212036
ACH-000355,1,0.6037672162055969
ACH-002926,0,0.36188897490501404
ACH-000962,1,0.6791114807128906
ACH-000473,1,0.5241732597351074
ACH-000192,1,0.7770270109176636
ACH-001624,0,0.2522295415401459
ACH-001989,0,0.23409345746040344
ACH-001807,0,0.19223617017269135
ACH-002532,1,0.5442965030670166
ACH-002466,0,0.1542491763830185
ACH-001344,0,0.24546869099140167
ACH-001684,0,0.3371639549732208
ACH-000757,0,0.5413318872451782
ACH-000054,0,0.5343743562698364
ACH-001318,1,0.6592920422554016
ACH-000601,1,0.24764175713062286
ACH-000635,1,0.4153255224227905
ACH-001857,1,0.4002363383769989
ACH-000966,1,0.5933085680007935
ACH-000630,1,0.5171123743057251
ACH-000225,1,0.4679642915725708
ACH-002047,0,0.35813674330711365
ACH-000657,0,0.2830670475959778
ACH-000624,1,0.8495288491249084
ACH-000699,1,0.3781246244907379
ACH-000923,0,0.5420660972595215
ACH-000687,1,0.45192664861679077
ACH-000044,0,0.6398483514785767
ACH-000740,1,0.75217604637146
ACH-000447,1,0.6865576505661011
ACH-000101,1,0.5313106775283813
ACH-001416,1,0.45332446694374084
ACH-000319,0,0.762238085269928
ACH-000198,0,0.4562801420688629
ACH-000280,0,0.7558319568634033
ACH-003265,0,0.6018858551979065
ACH-000104,1,0.42684295773506165
ACH-001835,1,0.6840626001358032
ACH-000892,0,0.5011132955551147
ACH-000493,1,0.6219086050987244
ACH-000042,1,0.7467936873435974
ACH-002045,1,0.69652259349823
ACH-000221,1,0.4800422787666321
ACH-000477,0,0.41801050305366516
ACH-000746,1,0.40814876556396484
ACH-000356,1,0.6940436959266663
ACH-000457,0,0.3644881546497345
ACH-000904,0,0.8452935814857483
ACH-002060,0,0.31378358602523804
ACH-003159,0,0.5308130383491516
ACH-001813,0,0.14175011217594147
ACH-000244,0,0.2732314169406891
ACH-000610,1,0.5112056732177734
ACH-000081,0,0.4307778775691986
ACH-003161,0,0.48257073760032654
ACH-000255,1,0.6406430602073669
ACH-001038,1,0.5039964318275452
ACH-000352,0,0.657439112663269
ACH-002016,0,0.5587146878242493
ACH-000416,1,0.5102513432502747
ACH-000752,1,0.5331283211708069
ACH-000862,1,0.5041115880012512
ACH-000236,1,0.8115717172622681
ACH-000401,1,0.27274319529533386
ACH-000731,0,0.6128963232040405
ACH-000875,1,0.5948127508163452
ACH-000626,1,0.7860912680625916
ACH-000593,1,0.32642605900764465
ACH-000182,0,0.5482338070869446
ACH-000442,1,0.5203454494476318
ACH-000159,0,0.31414589285850525
ACH-000907,1,0.4102756679058075
ACH-000191,1,0.6518277525901794
ACH-000205,0,0.6400749087333679
ACH-000103,1,0.7734131813049316
ACH-000739,0,0.4573451280593872
ACH-001558,0,0.599290668964386
ACH-000206,0,0.4062197208404541
ACH-000841,1,0.6830109357833862
ACH-000615,1,0.35109156370162964
ACH-001613,0,0.30465954542160034
ACH-001608,1,0.3241978585720062
ACH-000801,0,0.5297903418540955
ACH-000539,0,0.29966112971305847
ACH-000464,1,0.7071638703346252
ACH-000622,1,0.518203616142273
ACH-000452,1,0.6582885980606079
ACH-001390,1,0.700850784778595
ACH-001401,1,0.3809715509414673
ACH-000365,1,0.36925846338272095
ACH-001431,0,0.42717063426971436
ACH-000475,1,0.697725772857666
ACH-000860,0,0.4502519369125366
ACH-000074,1,0.6569685339927673
ACH-000377,1,0.525174617767334
ACH-001562,0,0.5423364043235779
ACH-001693,1,0.5558594465255737
ACH-003134,0,0.20637871325016022
ACH-000259,1,0.5850020051002502
ACH-001697,1,0.7665596604347229
ACH-002801,1,0.5907262563705444
ACH-001388,0,0.6091872453689575
ACH-001410,1,0.3378889858722687
ACH-002025,1,0.5285899043083191
ACH-002688,0,0.41831067204475403
ACH-000720,1,0.662930428981781
ACH-000095,0,0.43205976486206055
ACH-001345,0,0.5959374308586121
ACH-000558,0,0.5179126858711243
ACH-000664,1,0.4211365878582001
ACH-000177,0,0.7947793006896973
ACH-001423,0,0.5785508751869202
ACH-000335,0,0.4621126055717468
ACH-000940,1,0.3653585612773895
ACH-003160,0,0.5740523934364319
ACH-000631,0,0.31568264961242676
ACH-000207,1,0.48838141560554504
ACH-000764,1,0.27868008613586426
ACH-000995,1,0.4501877725124359
ACH-000373,1,0.4449932277202606
ACH-000953,1,0.6264013648033142
ACH-000709,0,0.46785154938697815
ACH-003463,0,0.16032496094703674
ACH-000846,1,0.7538033127784729
ACH-001702,0,0.3817947208881378
ACH-000333,0,0.5795724987983704
ACH-001708,0,0.3727436065673828
ACH-002059,0,0.3288559913635254
ACH-000929,1,0.6612817049026489
ACH-001395,0,0.4369114935398102
ACH-000948,0,0.5898082256317139
ACH-002015,0,0.46417295932769775
ACH-000981,1,0.5312848687171936
ACH-000617,1,0.6887785792350769
ACH-000311,1,0.718238890171051
ACH-001210,0,0.2548163831233978
ACH-001834,1,0.5361285209655762
ACH-002010,0,0.2918493449687958
ACH-003143,0,0.40258556604385376
ACH-000390,1,0.7111751437187195
ACH-000468,0,0.49849334359169006
ACH-002651,0,0.5571034550666809
ACH-001061,1,0.58600914478302
ACH-000077,0,0.49839216470718384
ACH-000456,1,0.7469794154167175
ACH-002703,1,0.6725714206695557
ACH-000496,1,0.7450321316719055
ACH-002512,0,0.4511581361293793
ACH-000062,1,0.8239184617996216
ACH-002464,0,0.2232084572315216
ACH-000088,0,0.3508759140968323
ACH-000536,1,0.5865317583084106
ACH-000071,0,0.5655141472816467
ACH-002004,0,0.42424240708351135
ACH-000878,1,0.5429269671440125
ACH-001380,1,0.4248194396495819
ACH-002061,1,0.5673426985740662
ACH-000385,0,0.505784273147583
ACH-000412,1,0.49693673849105835
ACH-003474,1,0.7477413415908813
ACH-000427,1,0.7388221025466919
ACH-000938,0,0.49974483251571655
ACH-000462,0,0.43112248182296753
ACH-000939,1,0.48691287636756897
ACH-000325,1,0.4885372221469879
ACH-000515,1,0.6561985015869141
ACH-001033,0,0.23535585403442383
ACH-000919,0,0.6035242676734924
ACH-000863,0,0.6209876537322998
ACH-000642,0,0.6122646927833557
ACH-000581,1,0.6126099824905396
ACH-001435,0,0.5731899738311768
ACH-001050,0,0.30421215295791626
ACH-001818,0,0.14267218112945557
ACH-001384,1,0.5358918309211731
ACH-000797,0,0.11578380316495895
ACH-000220,1,0.3322526812553406
ACH-001533,1,0.381604939699173
ACH-001508,1,0.7183287739753723
ACH-000827,0,0.5510388016700745
ACH-003119,1,0.5923609137535095
ACH-000961,1,0.8206995129585266
ACH-000778,1,0.5341861844062805
ACH-000825,1,0.5940576791763306
ACH-000743,1,0.5289607644081116
ACH-000190,1,0.48118096590042114
ACH-001819,1,0.5446159243583679
ACH-000157,1,0.6825072765350342
ACH-001786,0,0.4875759780406952
ACH-000253,1,0.5268757939338684
ACH-001376,1,0.6116858124732971
ACH-000958,0,0.7192553281784058
ACH-000228,1,0.7650761604309082
ACH-000266,1,0.38890957832336426
ACH-001750,1,0.35261768102645874
ACH-000174,1,0.37313947081565857
ACH-000245,1,0.44140559434890747
ACH-001279,0,0.4454464316368103
ACH-000620,0,0.6001165509223938
ACH-000813,1,0.7127335071563721
ACH-001513,1,0.552699089050293
ACH-000168,1,0.3725501000881195
ACH-000257,1,0.8365675806999207
ACH-000211,1,0.833001971244812
ACH-000283,0,0.43916478753089905
ACH-002401,1,0.7213597893714905
ACH-002041,1,0.6480618119239807
ACH-000987,1,0.48400866985321045
ACH-003465,1,0.5018240809440613
ACH-000682,1,0.6788976788520813
ACH-000073,0,0.48712602257728577
ACH-000212,1,0.648468017578125
ACH-000096,0,0.40267252922058105
ACH-002500,0,0.42703017592430115
ACH-001440,0,0.8680750131607056
ACH-000063,0,0.25253549218177795
ACH-002942,0,0.48991942405700684
ACH-001999,1,0.6163498163223267
ACH-000776,0,0.7178585529327393
ACH-000521,1,0.491079717874527
ACH-000299,0,0.2546634376049042
ACH-000025,0,0.5765561461448669
ACH-000591,1,0.39394092559814453
ACH-001716,0,0.4430250823497772
ACH-000833,1,0.5442156791687012
ACH-001628,1,0.4524150788784027
ACH-000398,1,0.42471230030059814
ACH-000274,0,0.4519733786582947
ACH-001370,1,0.6867465376853943
ACH-001700,1,0.6765020489692688
ACH-000029,1,0.640495777130127
ACH-001849,1,0.48940297961235046
ACH-000644,0,0.4670206308364868
ACH-001422,0,0.5122517347335815
ACH-000588,1,0.4333004355430603
ACH-000849,1,0.5164210796356201
ACH-002690,0,0.6195455193519592
ACH-000219,0,0.656008243560791
ACH-000150,1,0.6105522513389587
ACH-001845,0,0.3018667995929718
ACH-002643,0,0.2864900231361389
ACH-000384,0,0.4282154142856598
ACH-001053,1,0.5937846302986145
ACH-001274,0,0.5759320259094238
ACH-000091,1,0.5333215594291687
ACH-002932,1,0.5330275297164917
ACH-002014,0,0.4638305902481079
ACH-001634,0,0.4106409549713135
ACH-002531,0,0.46846407651901245
ACH-000495,0,0.287053644657135
ACH-000911,1,0.6859812140464783
ACH-000013,1,0.7994614839553833
ACH-002667,1,0.4039638340473175
ACH-000777,1,0.32694268226623535
ACH-001765,1,0.5642213821411133
ACH-000312,1,0.6377059817314148
ACH-000085,1,0.4654768705368042
ACH-000436,0,0.4132133424282074
ACH-000869,1,0.7136496901512146
ACH-003061,1,0.7568150758743286
ACH-003471,0,0.6038326025009155
ACH-000267,0,0.3775749206542969
ACH-000489,1,0.8422316908836365
ACH-000431,1,0.6368532776832581
ACH-000152,1,0.4738449454307556
ACH-000909,0,0.2858947217464447
ACH-000534,1,0.7050763964653015
ACH-001489,1,0.6164782047271729
ACH-000582,1,0.5008598566055298
ACH-000460,1,0.7324051260948181
ACH-000443,1,0.5289196968078613
ACH-001570,0,0.6445900201797485
ACH-000986,1,0.6013900637626648
ACH-001335,0,0.4351264536380768
ACH-000023,1,0.398914098739624
ACH-002062,0,0.26210305094718933
ACH-002462,0,0.27634015679359436
ACH-000151,0,0.40292975306510925
ACH-001277,1,0.47101110219955444
ACH-000607,0,0.33571657538414
ACH-002647,0,0.5001446008682251
ACH-000703,1,0.7329859137535095
ACH-001211,0,0.4095688760280609
ACH-003152,0,0.3585078716278076
ACH-001511,1,0.6610913276672363
ACH-000113,0,0.5337784290313721
ACH-000337,1,0.7414908409118652
ACH-000598,0,0.41785940527915955
ACH-000057,0,0.3325054347515106
ACH-000281,1,0.6595885753631592
ACH-000321,1,0.3711073398590088
ACH-000985,1,0.7030950784683228
ACH-000444,0,0.5976237058639526
ACH-000347,1,0.6782849431037903
ACH-001399,1,0.44910934567451477
ACH-001097,0,0.22097989916801453
ACH-000127,1,0.4683208465576172
ACH-001961,1,0.660871148109436
ACH-001796,0,0.29977110028266907
ACH-000307,1,0.3006869852542877
ACH-001030,0,0.5999493598937988
ACH-002485,1,0.3451150953769684
ACH-000595,1,0.6159604787826538
ACH-001540,0,0.3469705283641815
ACH-000298,1,0.7241200804710388
ACH-000771,1,0.3724490702152252
ACH-000500,1,0.8471770882606506
ACH-000353,1,0.44036662578582764
ACH-000363,1,0.5622732639312744
ACH-000350,0,0.5110437870025635
ACH-000053,1,0.35038214921951294
ACH-001543,1,0.6765010952949524
ACH-000663,0,0.47762221097946167
ACH-000346,0,0.382079541683197
ACH-000970,1,0.8020759224891663
ACH-002543,1,0.4294489324092865
ACH-001333,1,0.31744375824928284
ACH-000794,1,0.3100026249885559
ACH-000039,0,0.4466562271118164
ACH-000471,0,0.44616347551345825
ACH-000850,0,0.18791501224040985
ACH-000291,1,0.4730665981769562
ACH-001453,0,0.7063703536987305
ACH-001458,1,0.5518447160720825
ACH-000886,1,0.7560510635375977
ACH-000888,1,0.7465544939041138
ACH-000659,1,0.7705833911895752
ACH-000030,1,0.7404206991195679
ACH-001201,1,0.6344537138938904
ACH-000271,1,0.5094323754310608
ACH-002676,0,0.4441235363483429
ACH-000549,1,0.6516513824462891
ACH-000555,0,0.5404199957847595
ACH-000478,1,0.4816684126853943
ACH-000775,1,0.7127016186714172
ACH-002214,0,0.35022443532943726
ACH-000038,0,0.509981095790863
ACH-001109,0,0.172979936003685
ACH-001442,1,0.31725579500198364
ACH-000559,1,0.7211064100265503
ACH-000510,0,0.5227136015892029
ACH-002065,0,0.47872117161750793
ACH-000676,1,0.3930639326572418
ACH-002659,1,0.5995200276374817
ACH-000844,1,0.7281171083450317
ACH-002403,1,0.5068262815475464
ACH-002787,0,0.5158912539482117
ACH-002497,1,0.4464397430419922
ACH-002798,0,0.20032469928264618
ACH-000925,0,0.7088125944137573
ACH-002465,0,0.19303162395954132
ACH-000272,0,0.396148145198822
ACH-001035,1,0.5986816883087158
ACH-003457,0,0.5225619077682495
ACH-000513,0,0.4050622880458832
ACH-001059,0,0.4045991599559784
ACH-000959,1,0.6861355304718018
ACH-002283,1,0.4778601825237274
ACH-000169,1,0.5205672979354858
ACH-001402,0,0.24445675313472748
ACH-000796,1,0.6082618832588196
ACH-000143,1,0.3180672824382782
ACH-000067,1,0.6361377835273743
ACH-000640,0,0.5866943597793579
ACH-001591,1,0.5797322988510132
ACH-001674,1,0.4542210102081299
ACH-001698,1,0.7059287428855896
ACH-002002,0,0.41414982080459595
ACH-002011,0,0.2983885407447815
ACH-003268,0,0.29170528054237366
ACH-000967,1,0.39767807722091675
ACH-000469,1,0.7397270202636719
ACH-001353,1,0.33443528413772583
ACH-001574,0,0.4055216908454895
ACH-000097,0,0.7784610986709595
ACH-000256,1,0.7190671563148499
ACH-000977,0,0.5933998227119446
ACH-000972,0,0.5766454339027405
ACH-001367,1,0.3731768727302551
ACH-000382,1,0.8059223294258118
ACH-003476,1,0.42887061834335327
ACH-000579,0,0.5852622985839844
ACH-002035,0,0.5239652991294861
ACH-001532,0,0.321706622838974
ACH-000695,1,0.5054253339767456
ACH-001795,0,0.5555522441864014
ACH-001510,1,0.6786981225013733
ACH-000502,1,0.6528862714767456
ACH-000183,1,0.5380082130432129
ACH-000408,1,0.7203350067138672
ACH-001496,1,0.5727861523628235
ACH-000788,1,0.5330774188041687
ACH-002405,0,0.60135817527771
ACH-002409,1,0.5137240290641785
ACH-001622,0,0.3553156852722168
ACH-000466,1,0.6531684994697571
ACH-001560,0,0.253021776676178
ACH-001019,0,0.6126492023468018
ACH-003111,0,0.1528778225183487
ACH-000005,1,0.49387988448143005
ACH-001687,0,0.44965967535972595
ACH-001151,0,0.7294788956642151
ACH-000701,1,0.36249208450317383
ACH-000542,0,0.5721850991249084
ACH-000126,0,0.4332917630672455
ACH-001685,0,0.39590081572532654
ACH-000933,0,0.4843585789203644
ACH-000068,1,0.5726776719093323
ACH-000015,1,0.5642637014389038
ACH-001111,1,0.4016779363155365
ACH-000487,1,0.5627697110176086
ACH-000122,1,0.6034305691719055
ACH-000288,1,0.5762446522712708
ACH-001820,1,0.6204305291175842
ACH-000782,1,0.48943084478378296
ACH-001632,1,0.7516724467277527
ACH-002399,1,0.615620493888855
ACH-000357,1,0.5698421001434326
ACH-000079,1,0.6395555138587952
ACH-001031,0,0.33166226744651794
ACH-001064,1,0.3875854015350342
ACH-002802,0,0.28739461302757263
ACH-001048,1,0.7687699794769287
ACH-000453,1,0.694066047668457
ACH-003155,0,0.5251431465148926
ACH-000791,1,0.33818089962005615
ACH-000567,1,0.6860957145690918
ACH-001391,1,0.3137306869029999
ACH-001075,0,0.7156527638435364
ACH-000105,0,0.3620118200778961
ACH-000557,1,0.5694358944892883
ACH-000175,0,0.2621893286705017
ACH-001356,1,0.4688827097415924
ACH-001844,1,0.34196996688842773
ACH-001346,1,0.5959380865097046
ACH-000885,0,0.27769050002098083
ACH-000900,1,0.6799325346946716
ACH-000666,1,0.2843441069126129
ACH-001428,1,0.6491932272911072
ACH-000217,1,0.6503926515579224
ACH-000872,1,0.5978392362594604
ACH-001974,0,0.2989347577095032
ACH-002020,1,0.5331745743751526
ACH-001638,0,0.3027907907962799
ACH-001228,0,0.6231668591499329
ACH-000181,1,0.7568079233169556
ACH-000115,1,0.5119045376777649
ACH-000130,0,0.4207652807235718
ACH-000121,1,0.7416314482688904
ACH-001711,1,0.5635671019554138
ACH-000934,1,0.8618005514144897
ACH-000996,1,0.6526448130607605
ACH-001529,0,0.3087827265262604
ACH-001743,0,0.7541182041168213
ACH-000320,1,0.5820584893226624
ACH-000505,1,0.22664567828178406
ACH-000781,1,0.7575232982635498
ACH-000059,0,0.37888556718826294
ACH-000920,1,0.5526332259178162
ACH-000294,1,0.3577268719673157
ACH-000422,1,0.42558884620666504
ACH-000200,0,0.5669853091239929
ACH-000046,0,0.421568900346756
ACH-000968,0,0.2457735240459442
ACH-000830,1,0.6812179684638977
ACH-000114,1,0.7726143002510071
ACH-000402,1,0.45503249764442444
ACH-001578,1,0.7295347452163696
ACH-000036,0,0.40396103262901306
ACH-000973,1,0.48738640546798706
ACH-001128,0,0.227376788854599
ACH-003437,1,0.6717040538787842
ACH-000750,0,0.29965856671333313
ACH-000285,1,0.5263330936431885
ACH-002669,1,0.4365338981151581
ACH-001858,1,0.732185423374176
ACH-001997,1,0.5962077975273132
ACH-000052,1,0.60865718126297
