,tp53_binary,gcn_v2_thr07_proba_proba
ACH-001113,1,0.6860461235046387
ACH-001289,0,0.5727566480636597
ACH-001339,1,0.6513263583183289
ACH-001979,0,0.40876924991607666
ACH-002438,0,0.5335761308670044
ACH-001538,0,0.7158048152923584
ACH-000242,0,0.793327808380127
ACH-000708,0,0.7230847477912903
ACH-000327,0,0.8218654990196228
ACH-000233,1,0.5573670864105225
ACH-000461,1,0.8179089426994324
ACH-000705,1,0.5447161197662354
ACH-001794,0,0.20192307233810425
ACH-002023,1,0.8159707188606262
ACH-000528,1,0.6950551271438599
ACH-002501,0,0.4336796700954437
ACH-001655,1,0.26838815212249756
ACH-000167,0,0.6700674295425415
ACH-000792,1,0.6033636331558228
ACH-001098,1,0.7508136630058289
ACH-000570,1,0.5101708173751831
ACH-000351,1,0.8686298131942749
ACH-002075,1,0.831963062286377
ACH-002040,1,0.3075190484523773
ACH-000769,1,0.5117575526237488
ACH-000154,0,0.1949472874403
ACH-000828,0,0.7324386239051819
ACH-000421,1,0.9246712327003479
ACH-000765,1,0.5095469355583191
ACH-001375,1,0.7138088941574097
ACH-000008,0,0.7362737059593201
ACH-001814,0,0.5039257407188416
ACH-000800,1,0.6608175039291382
ACH-000606,1,0.8065913319587708
ACH-000317,0,0.5482737421989441
ACH-001492,0,0.5528063178062439
ACH-000123,0,0.5657045841217041
ACH-000723,1,0.808295726776123
ACH-002066,1,0.7049692273139954
ACH-001536,0,0.5274814367294312
ACH-003136,0,0.5080085396766663
ACH-000313,1,0.43405681848526
ACH-002019,0,0.8445274233818054
ACH-000728,0,0.5801376104354858
ACH-000700,1,0.43725481629371643
ACH-000823,1,0.8132727146148682
ACH-000678,1,0.8171515464782715
ACH-000006,1,0.565830647945404
ACH-002790,0,0.34832698106765747
ACH-002029,1,0.567159116268158
ACH-001377,0,0.7574963569641113
ACH-000754,1,0.60198575258255
ACH-000465,0,0.30695492029190063
ACH-000138,1,0.7839598655700684
ACH-001864,1,0.8190051913261414
ACH-000383,1,0.7918070554733276
ACH-001547,0,0.5969603061676025
ACH-000917,1,0.9277065396308899
ACH-002471,0,0.5482541918754578
ACH-000984,1,0.4869360029697418
ACH-002678,1,0.3840562701225281
ACH-001409,1,0.5046639442443848
ACH-001707,0,0.4046194553375244
ACH-000117,1,0.6500253677368164
ACH-000999,1,0.8182178139686584
ACH-000633,1,0.5723876953125
ACH-000520,1,0.7294884324073792
ACH-000176,1,0.3366139233112335
ACH-000017,1,0.7967841625213623
ACH-000020,0,0.2931492030620575
ACH-001385,0,0.6040604710578918
ACH-000587,1,0.7899619340896606
ACH-000785,1,0.5779172778129578
ACH-003469,0,0.17445151507854462
ACH-000554,1,0.8123916387557983
ACH-003180,0,0.45293405652046204
ACH-001398,0,0.49532926082611084
ACH-001991,0,0.5809313654899597
ACH-001332,1,0.7814681529998779
ACH-000585,1,0.8006441593170166
ACH-000550,1,0.6919136643409729
ACH-000627,1,0.5617640018463135
ACH-000704,0,0.6156779527664185
ACH-000276,1,0.8899915218353271
ACH-000075,0,0.5630869269371033
ACH-000818,1,0.785802960395813
ACH-003184,0,0.5774984359741211
ACH-001616,0,0.46246927976608276
ACH-000625,0,0.708986759185791
ACH-000941,1,0.6996131539344788
ACH-000392,1,0.8490657806396484
ACH-000269,0,0.6725152730941772
ACH-001670,1,0.5926446914672852
ACH-003133,0,0.7014092803001404
ACH-000856,0,0.7667278051376343
ACH-002687,0,0.22319452464580536
ACH-001119,0,0.4686658978462219
ACH-003132,0,0.5053026676177979
ACH-000376,1,0.6905386447906494
ACH-000685,1,0.8710034489631653
ACH-000729,1,0.7516887187957764
ACH-001034,0,0.521420419216156
ACH-001283,1,0.5881601572036743
ACH-000880,0,0.6930818557739258
ACH-000035,1,0.8845521807670593
ACH-001200,0,0.5314016938209534
ACH-000194,0,0.26171067357063293
ACH-000322,0,0.3969188630580902
ACH-000552,1,0.8032122850418091
ACH-002508,1,0.3657715618610382
ACH-000222,1,0.7072370648384094
ACH-000260,0,0.6438593864440918
ACH-001652,0,0.7026886343955994
ACH-000608,1,0.7001132965087891
ACH-000501,1,0.6777459383010864
ACH-000612,0,0.4871605336666107
ACH-002033,1,0.34915921092033386
ACH-001184,0,0.6067013144493103
ACH-001688,0,0.5793784260749817
ACH-001838,1,0.6851532459259033
ACH-000638,1,0.7320184707641602
ACH-001846,1,0.741632342338562
ACH-000798,1,0.8042340874671936
ACH-001321,0,0.8211581110954285
ACH-000894,1,0.8095039129257202
ACH-001559,1,0.2739122211933136
ACH-000344,1,0.3513941764831543
ACH-000223,1,0.8798613548278809
ACH-000031,1,0.826828122138977
ACH-000034,0,0.537298321723938
ACH-001861,1,0.8936949968338013
ACH-003468,1,0.44086170196533203
ACH-000772,0,0.7110607028007507
ACH-000946,0,0.6594054698944092
ACH-000596,1,0.8332788944244385
ACH-001046,0,0.5362386703491211
ACH-000632,1,0.768237292766571
ACH-000978,1,0.7415059804916382
ACH-000332,1,0.8279213905334473
ACH-001841,1,0.7626070976257324
ACH-003273,1,0.5488691926002502
ACH-000179,1,0.8256020545959473
ACH-000887,1,0.8541723489761353
ACH-000368,1,0.559998631477356
ACH-000240,0,0.2631823420524597
ACH-000578,0,0.8939599990844727
ACH-001611,0,0.5320044159889221
ACH-000135,0,0.315512478351593
ACH-001671,0,0.880840539932251
ACH-000406,1,0.41407284140586853
ACH-001541,1,0.4215458929538727
ACH-000998,0,0.8380124568939209
ACH-000441,0,0.4732975661754608
ACH-000960,1,0.6182969212532043
ACH-000098,1,0.767094075679779
ACH-001651,0,0.6982155442237854
ACH-001456,1,0.8202645182609558
ACH-001336,0,0.712164044380188
ACH-000284,0,0.3073715567588806
ACH-000971,0,0.7890959978103638
ACH-001454,0,0.6214359402656555
ACH-000926,1,0.8035876154899597
ACH-000033,0,0.831091582775116
ACH-000576,1,0.6249719858169556
ACH-000019,0,0.7669466733932495
ACH-001577,0,0.34982484579086304
ACH-001981,0,0.37265685200691223
ACH-000330,1,0.8237481713294983
ACH-000848,1,0.7217079401016235
ACH-000481,1,0.8170770406723022
ACH-001517,1,0.5211090445518494
ACH-000338,1,0.6357921361923218
ACH-001959,1,0.2820098400115967
ACH-001414,0,0.8133390545845032
ACH-001227,0,0.7418410181999207
ACH-000871,1,0.8471887707710266
ACH-001403,1,0.7961066365242004
ACH-000805,0,0.532126784324646
ACH-001142,0,0.44467562437057495
ACH-001554,0,0.4268149733543396
ACH-001667,0,0.38385090231895447
ACH-000847,1,0.5032222867012024
ACH-001447,1,0.5147510170936584
ACH-001537,0,0.5186773538589478
ACH-001207,0,0.44491928815841675
ACH-001854,0,0.6527398824691772
ACH-000832,1,0.6632329821586609
ACH-001975,1,0.35326313972473145
ACH-000428,0,0.7479636073112488
ACH-001382,1,0.7828829288482666
ACH-001302,0,0.42630326747894287
ACH-000690,0,0.8233886957168579
ACH-001134,0,0.6016750931739807
ACH-000914,1,0.6175081729888916
ACH-000858,1,0.853950560092926
ACH-001421,1,0.737069845199585
ACH-002796,0,0.3154676854610443
ACH-003183,1,0.4497682452201843
ACH-002716,0,0.3472765386104584
ACH-003100,0,0.4813655912876129
ACH-000544,1,0.8169074058532715
ACH-000725,1,0.8242883086204529
ACH-000566,1,0.626119077205658
ACH-000760,0,0.5811794400215149
ACH-001745,1,0.6476782560348511
ACH-000787,1,0.665671169757843
ACH-001598,0,0.7253720760345459
ACH-000749,1,0.6910925507545471
ACH-001691,1,0.4086226522922516
ACH-001328,1,0.7306268215179443
ACH-001704,0,0.5271852612495422
ACH-001502,0,0.8242687582969666
ACH-002844,0,0.3014419376850128
ACH-001068,0,0.3397423326969147
ACH-000358,1,0.8106886148452759
ACH-002695,1,0.7554067373275757
ACH-001672,0,0.8229025602340698
ACH-001654,1,0.8587803840637207
ACH-001521,1,0.478842556476593
ACH-000209,0,0.7851460576057434
ACH-001520,0,0.5654257535934448
ACH-000213,1,0.7350882291793823
ACH-001610,1,0.38255244493484497
ACH-001408,1,0.7796199917793274
ACH-000991,1,0.9013022184371948
ACH-001412,1,0.882652759552002
ACH-000331,1,0.7695028781890869
ACH-001407,1,0.4166977107524872
ACH-000580,0,0.22645163536071777
ACH-000594,1,0.6935562491416931
ACH-000684,0,0.612292468547821
ACH-000742,0,0.3826710283756256
ACH-000868,1,0.8056889176368713
ACH-000732,1,0.7882476449012756
ACH-001481,1,0.5135758519172668
ACH-000429,0,0.7259120345115662
ACH-000310,0,0.6253659725189209
ACH-002475,1,0.4389876425266266
ACH-000643,1,0.7844647765159607
ACH-000234,0,0.7387519478797913
ACH-003267,0,0.6838444471359253
ACH-001498,1,0.35323846340179443
ACH-000896,1,0.5929064154624939
ACH-003451,0,0.41807568073272705
ACH-000203,0,0.7016186118125916
ACH-001607,1,0.675532877445221
ACH-002706,1,0.6828337907791138
ACH-001441,0,0.3298119306564331
ACH-000112,0,0.5610355138778687
ACH-000874,0,0.3350561857223511
ACH-000186,1,0.8685305118560791
ACH-002780,1,0.5381301045417786
ACH-000677,0,0.7318001985549927
ACH-000055,1,0.739833652973175
ACH-000485,1,0.6756440997123718
ACH-000672,1,0.6415895819664001
ACH-001150,0,0.4410848021507263
ACH-000287,1,0.39407840371131897
ACH-000784,1,0.7520275712013245
ACH-000530,1,0.4916151463985443
ACH-002024,1,0.4659603536128998
ACH-000380,1,0.5163118839263916
ACH-001737,0,0.4899017810821533
ACH-001400,1,0.6514229774475098
ACH-001054,0,0.585853636264801
ACH-001695,1,0.7656766176223755
ACH-000009,1,0.848354160785675
ACH-000491,1,0.7267341613769531
ACH-001703,0,0.3592478334903717
ACH-000002,0,0.7377424240112305
ACH-001568,0,0.4425129294395447
ACH-001449,0,0.44782447814941406
ACH-000993,1,0.4790520668029785
ACH-002680,1,0.4122752845287323
ACH-000877,1,0.3259921371936798
ACH-000711,1,0.8273864388465881
ACH-001515,0,0.7982637882232666
ACH-002847,0,0.649098813533783
ACH-000702,0,0.7319067120552063
ACH-001020,0,0.4329010248184204
ACH-000600,0,0.5915437936782837
ACH-003266,0,0.6967055201530457
ACH-000354,1,0.874180018901825
ACH-000012,1,0.8564134240150452
ACH-000689,0,0.5978463292121887
ACH-002668,1,0.3958175778388977
ACH-002533,0,0.756348729133606
ACH-000459,0,0.3061589002609253
ACH-002050,0,0.33171021938323975
ACH-003120,1,0.7114462852478027
ACH-001413,0,0.6739583611488342
ACH-000686,1,0.596305787563324
ACH-000342,1,0.865233302116394
ACH-000208,1,0.46231281757354736
ACH-000360,1,0.7947477102279663
ACH-000249,1,0.80362868309021
ACH-001368,1,0.5193599462509155
ACH-000231,1,0.5755358934402466
ACH-002074,1,0.8330392837524414
ACH-000945,1,0.5812268257141113
ACH-000662,0,0.8593747615814209
ACH-002458,0,0.5972498059272766
ACH-001378,0,0.7538421750068665
ACH-001029,1,0.41547006368637085
ACH-001817,0,0.14651907980442047
ACH-002846,0,0.44277387857437134
ACH-000248,1,0.8252260088920593
ACH-000943,0,0.23028165102005005
ACH-000751,1,0.5080012679100037
ACH-001696,1,0.5761904120445251
ACH-002936,1,0.5684196352958679
ACH-001016,1,0.6311377882957458
ACH-000282,0,0.8389151692390442
ACH-003438,1,0.5117533802986145
ACH-002215,0,0.7241484522819519
ACH-000261,1,0.5953130722045898
ACH-000164,1,0.6697374582290649
ACH-001793,0,0.4099394679069519
ACH-000262,0,0.6293034553527832
ACH-000158,0,0.5953760743141174
ACH-000773,0,0.5785111784934998
ACH-000722,1,0.7509211897850037
ACH-000857,1,0.9001256227493286
ACH-001129,1,0.5854389071464539
ACH-001619,1,0.6398870348930359
ACH-000184,0,0.266375333070755
ACH-000329,0,0.4685574173927307
ACH-001569,1,0.5546750426292419
ACH-002544,1,0.623822808265686
ACH-002675,1,0.5010305047035217
ACH-000814,0,0.5347318649291992
ACH-002499,1,0.8853386640548706
ACH-001493,1,0.4904558062553406
ACH-001701,1,0.7497007250785828
ACH-000197,1,0.7018483281135559
ACH-000545,1,0.9029760956764221
ACH-000949,1,0.9390960931777954
ACH-000124,0,0.4181826412677765
ACH-000560,0,0.5564674139022827
ACH-000897,1,0.7640770077705383
ACH-001626,1,0.608974814414978
ACH-000619,1,0.7420045137405396
ACH-001973,1,0.47192153334617615
ACH-001340,1,0.8503888249397278
ACH-000546,1,0.8592844605445862
ACH-001709,1,0.4625764787197113
ACH-002018,0,0.3765134811401367
ACH-000153,0,0.7230637669563293
ACH-000526,0,0.252373605966568
ACH-000116,1,0.8099315762519836
ACH-000815,0,0.536529004573822
ACH-001270,0,0.6072922348976135
ACH-002523,1,0.5745898485183716
ACH-000324,0,0.5956614017486572
ACH-001949,0,0.4724060595035553
ACH-001561,0,0.6982654333114624
ACH-000842,1,0.7622131109237671
ACH-000898,0,0.8188186287879944
ACH-000517,1,0.7594500184059143
ACH-001980,0,0.39140546321868896
ACH-001415,1,0.8065448999404907
ACH-000681,0,0.43328946828842163
ACH-001310,0,0.6410356760025024
ACH-000070,0,0.5369678139686584
ACH-000484,1,0.8020551800727844
ACH-003426,0,0.3049981892108917
ACH-000108,1,0.44168826937675476
ACH-000808,1,0.49273064732551575
ACH-000656,1,0.6074553728103638
ACH-000166,1,0.5688634514808655
ACH-000997,1,0.7217820882797241
ACH-000866,1,0.8333125114440918
ACH-000819,1,0.5613111257553101
ACH-000226,0,0.5282773971557617
ACH-000087,1,0.7411172986030579
ACH-000340,1,0.3711020052433014
ACH-002005,1,0.19219627976417542
ACH-001680,1,0.652886688709259
ACH-000758,1,0.7402138113975525
ACH-000196,1,0.830826461315155
ACH-003141,0,0.5836443901062012
ACH-000258,0,0.6822980642318726
ACH-000163,1,0.5329992175102234
ACH-000076,1,0.6737924218177795
ACH-000509,1,0.692855179309845
ACH-001193,1,0.5910465717315674
ACH-000571,1,0.6300768852233887
ACH-000391,1,0.6766053438186646
ACH-000293,1,0.6210283637046814
ACH-003138,0,0.3149109184741974
ACH-000532,1,0.7678760290145874
ACH-000584,1,0.7839745879173279
ACH-001690,1,0.8156078457832336
ACH-000586,1,0.8447449803352356
ACH-000944,1,0.6312729716300964
ACH-003149,0,0.2603456974029541
ACH-000561,1,0.8133817911148071
ACH-001648,0,0.42778128385543823
ACH-000394,0,0.813505232334137
ACH-000954,1,0.5809889435768127
ACH-000204,1,0.5490461587905884
ACH-000160,0,0.5460745096206665
ACH-003460,1,0.5279263854026794
ACH-000989,0,0.7937811613082886
ACH-001347,1,0.536314845085144
ACH-000691,1,0.7314799427986145
ACH-000268,1,0.78557950258255
ACH-001209,0,0.2836567461490631
ACH-003456,0,0.2038036435842514
ACH-000119,0,0.10504085570573807
ACH-000379,1,0.8160658478736877
ACH-001341,0,0.7777233719825745
ACH-000714,0,0.40631863474845886
ACH-000937,1,0.44121047854423523
ACH-000763,0,0.3829909563064575
ACH-002834,0,0.5041753053665161
ACH-001673,1,0.7564892172813416
ACH-000326,1,0.5998291373252869
ACH-000300,0,0.7484754920005798
ACH-002994,0,0.5260131359100342
ACH-000901,1,0.6497066020965576
ACH-000816,1,0.7738947868347168
ACH-000641,1,0.5802041888237
ACH-000511,0,0.6084803938865662
ACH-002077,1,0.6269786953926086
ACH-000583,1,0.6252499222755432
ACH-000836,1,0.8743082284927368
ACH-000975,1,0.5178433060646057
ACH-000109,1,0.830278217792511
ACH-000467,1,0.6348407864570618
ACH-000712,1,0.7100924849510193
ACH-000671,1,0.793670117855072
ACH-000523,1,0.7280013561248779
ACH-000864,1,0.75777268409729
ACH-000726,1,0.9174081087112427
ACH-000136,0,0.6966497898101807
ACH-002067,1,0.6474941372871399
ACH-000440,1,0.6442493200302124
ACH-002539,1,0.4456988275051117
ACH-001461,0,0.7897968888282776
ACH-000890,1,0.5965021848678589
ACH-001692,0,0.5568887591362
ACH-000027,0,0.38877877593040466
ACH-000562,1,0.8226450085639954
ACH-000748,0,0.5464403033256531
ACH-001669,1,0.5161474347114563
ACH-000834,1,0.695305585861206
ACH-000565,1,0.824923038482666
ACH-000449,0,0.3073141276836395
ACH-000399,1,0.7748240232467651
ACH-002080,0,0.6852151155471802
ACH-000770,1,0.5773719549179077
ACH-000710,0,0.6298070549964905
ACH-000507,1,0.6894422769546509
ACH-000066,1,0.891450047492981
ACH-000022,1,0.7937923669815063
ACH-001668,0,0.6956819295883179
ACH-000334,1,0.5849287509918213
ACH-000374,1,0.8687856793403625
ACH-000519,1,0.3988204300403595
ACH-000908,0,0.44794586300849915
ACH-002003,0,0.3994208574295044
ACH-000574,1,0.6030726432800293
ACH-000148,1,0.09185148775577545
ACH-002461,1,0.3463246524333954
ACH-000646,0,0.6955028176307678
ACH-000314,1,0.5976791381835938
ACH-001705,1,0.7651010155677795
ACH-000040,1,0.3307574391365051
ACH-001057,0,0.4982541501522064
ACH-000430,1,0.3972635567188263
ACH-001041,1,0.48745447397232056
ACH-001988,0,0.45938020944595337
ACH-001977,0,0.5584160685539246
ACH-000370,1,0.7546820640563965
ACH-001630,1,0.8294564485549927
ACH-000437,1,0.7827979326248169
ACH-000498,1,0.4644864797592163
ACH-001392,1,0.7606581449508667
ACH-000503,1,0.9063825607299805
ACH-002778,0,0.48388615250587463
ACH-000328,1,0.600368320941925
ACH-000403,1,0.8531745672225952
ACH-000400,0,0.7923679947853088
ACH-000224,0,0.13483789563179016
ACH-000318,1,0.8870143890380859
ACH-003472,0,0.4508352279663086
ACH-001430,0,0.5326218605041504
ACH-000928,0,0.7751361131668091
ACH-000893,1,0.8335291147232056
ACH-000889,1,0.6622486114501953
ACH-000799,0,0.5672937035560608
ACH-001623,1,0.5153130292892456
ACH-000736,1,0.6148592233657837
ACH-000876,1,0.7940803170204163
ACH-001232,1,0.4121776521205902
ACH-001618,1,0.37992238998413086
ACH-001828,0,0.5556118488311768
ACH-002650,1,0.8590580224990845
ACH-000235,1,0.8282602429389954
ACH-000381,1,0.8336453437805176
ACH-001993,1,0.46882012486457825
ACH-001301,0,0.5801230072975159
ACH-000854,0,0.6183072328567505
ACH-000187,1,0.7973806858062744
ACH-000543,1,0.6030840873718262
ACH-000569,0,0.6991024017333984
ACH-000668,1,0.8210046291351318
ACH-000134,0,0.15875723958015442
ACH-000924,1,0.7205799221992493
ACH-003473,1,0.5892409086227417
ACH-001450,1,0.3635070323944092
ACH-000296,1,0.8899062871932983
ACH-002034,0,0.62103271484375
ACH-002781,0,0.43020015954971313
ACH-000713,1,0.8272635340690613
ACH-001360,0,0.5320495367050171
ACH-002921,0,0.5544077754020691
ACH-000273,1,0.4635642170906067
ACH-001715,0,0.5171754956245422
ACH-001617,1,0.4942949712276459
ACH-000639,1,0.5977983474731445
ACH-000590,1,0.8459126949310303
ACH-000553,1,0.8207951784133911
ACH-000084,0,0.6110527515411377
ACH-000094,1,0.5012885928153992
ACH-000361,0,0.617760419845581
ACH-000719,0,0.7327640652656555
ACH-001396,1,0.7518215179443359
ACH-001848,0,0.663034200668335
ACH-000339,1,0.7114375233650208
ACH-002048,0,0.6318451762199402
ACH-000218,1,0.5611139535903931
ACH-002486,1,0.7034805417060852
ACH-002711,0,0.3245782256126404
ACH-000789,1,0.5538599491119385
ACH-000413,0,0.29485780000686646
ACH-000125,0,0.28893911838531494
ACH-000180,1,0.22358107566833496
ACH-000215,1,0.5333491563796997
ACH-001001,1,0.7455595135688782
ACH-000407,1,0.47548311948776245
ACH-002170,1,0.7241240739822388
ACH-002027,0,0.6803202033042908
ACH-001132,1,0.402529776096344
ACH-001278,0,0.31981784105300903
ACH-000032,0,0.3088691234588623
ACH-003108,1,0.4570634365081787
ACH-001419,1,0.7842276096343994
ACH-000494,0,0.7291553020477295
ACH-000865,1,0.8126552104949951
ACH-000439,1,0.5823764204978943
ACH-001523,1,0.812420666217804
ACH-001983,0,0.3825131952762604
ACH-000024,1,0.6997919082641602
ACH-000674,0,0.7670150399208069
ACH-000670,1,0.6666554808616638
ACH-000599,1,0.7437891960144043
ACH-000263,1,0.7255110144615173
ACH-003191,0,0.44875168800354004
ACH-000303,1,0.5627780556678772
ACH-001551,1,0.8167200088500977
ACH-002795,0,0.585638165473938
ACH-000793,0,0.8189024329185486
ACH-002511,0,0.5941123962402344
ACH-000286,1,0.8726706504821777
ACH-000250,1,0.3469686806201935
ACH-000139,0,0.8518186807632446
ACH-001735,1,0.45305535197257996
ACH-002013,0,0.32336434721946716
ACH-001389,1,0.5278659462928772
ACH-001183,1,0.5732706189155579
ACH-000551,1,0.706244707107544
ACH-003101,0,0.37724965810775757
ACH-001163,1,0.31856265664100647
ACH-000037,1,0.6524257063865662
ACH-000744,1,0.707019031047821
ACH-000420,1,0.563120424747467
ACH-000336,0,0.4368133842945099
ACH-000486,0,0.8823424577713013
ACH-000679,1,0.7641248106956482
ACH-001557,0,0.5249224305152893
ACH-000247,0,0.7999240159988403
ACH-000947,1,0.6136127710342407
ACH-000807,1,0.5300160646438599
ACH-000476,1,0.7849330902099609
ACH-000525,1,0.8112152218818665
ACH-003154,0,0.6040902137756348
ACH-001148,0,0.6261903047561646
ACH-003455,0,0.487897664308548
ACH-000853,1,0.7445972561836243
ACH-000083,0,0.21094369888305664
ACH-000479,0,0.6039276123046875
ACH-000230,0,0.2625871002674103
ACH-001664,1,0.5624767541885376
ACH-002705,1,0.8157450556755066
ACH-002937,0,0.5573021769523621
ACH-000955,1,0.8802453875541687
ACH-000049,0,0.7334468960762024
ACH-000675,1,0.9220634698867798
ACH-000199,0,0.25159624218940735
ACH-000193,1,0.7297687530517578
ACH-001686,1,0.3051864802837372
ACH-000538,0,0.6080688834190369
ACH-002490,1,0.8838369846343994
ACH-001683,1,0.738155722618103
ACH-001990,1,0.45408448576927185
ACH-001438,0,0.5762699246406555
ACH-001647,1,0.49446234107017517
ACH-002043,1,0.6717936396598816
ACH-001649,0,0.5882713198661804
ACH-000155,1,0.7458659410476685
ACH-000270,1,0.8365123867988586
ACH-003106,0,0.3905476927757263
ACH-003177,1,0.37484949827194214
ACH-000683,1,0.7187228202819824
ACH-002017,0,0.36502382159233093
ACH-000655,1,0.5998393297195435
ACH-000145,1,0.629021167755127
ACH-001495,1,0.5845935940742493
ACH-000188,1,0.6948073506355286
ACH-003458,1,0.5342782735824585
ACH-000080,0,0.39390355348587036
ACH-000146,1,0.6674059629440308
ACH-000415,1,0.8617920279502869
ACH-001518,1,0.6828546524047852
ACH-002290,0,0.49998748302459717
ACH-000891,1,0.7414310574531555
ACH-001625,1,0.7196493744850159
ACH-001985,1,0.6315371990203857
ACH-000895,1,0.7945185899734497
ACH-000851,1,0.7440952658653259
ACH-000824,1,0.8529095649719238
ACH-000506,1,0.7357460856437683
ACH-001427,0,0.5187591910362244
ACH-000540,0,0.3299967050552368
ACH-000061,1,0.3945848047733307
ACH-000185,0,0.19150693714618683
ACH-000568,0,0.8496891260147095
ACH-000707,1,0.5672107934951782
ACH-000603,1,0.8071024417877197
ACH-000983,1,0.4563838839530945
ACH-000541,1,0.6178460121154785
ACH-000680,1,0.7996401786804199
ACH-002460,0,0.5790073275566101
ACH-000111,1,0.8733577132225037
ACH-002463,1,0.16941313445568085
ACH-000369,1,0.5458977818489075
ACH-002928,0,0.3910406231880188
ACH-000618,1,0.8667033910751343
ACH-000470,1,0.7768354415893555
ACH-003150,0,0.5907301306724548
ACH-002039,1,0.7704881429672241
ACH-000118,1,0.8533756136894226
ACH-000614,0,0.25388213992118835
ACH-001338,0,0.6146215200424194
ACH-000432,0,0.5274366140365601
ACH-000556,0,0.6136550307273865
ACH-001804,1,0.21107329428195953
ACH-001386,1,0.8419592380523682
ACH-001060,1,0.3642449676990509
ACH-001525,1,0.612170398235321
ACH-001539,1,0.535653829574585
ACH-000014,0,0.7275696992874146
ACH-002785,0,0.3700227737426758
ACH-000637,1,0.8656542897224426
ACH-002693,1,0.6682683825492859
ACH-001855,0,0.6492260098457336
ACH-000455,1,0.737610936164856
ACH-000389,0,0.7897260785102844
ACH-002710,1,0.5269461274147034
ACH-000129,0,0.6412011384963989
ACH-000490,0,0.7921906113624573
ACH-000434,1,0.6089332103729248
ACH-001086,0,0.7118051648139954
ACH-002042,1,0.7571967244148254
ACH-000597,0,0.4946359395980835
ACH-000756,1,0.6764693260192871
ACH-000396,1,0.6891604065895081
ACH-003148,0,0.6933010816574097
ACH-000089,1,0.750611424446106
ACH-002478,0,0.4167831540107727
ACH-000371,1,0.33366096019744873
ACH-000265,0,0.7031235694885254
ACH-000132,1,0.8723522424697876
ACH-000216,1,0.8162159323692322
ACH-000613,1,0.7246643304824829
ACH-000855,1,0.5617058873176575
ACH-000906,1,0.3198486268520355
ACH-000348,1,0.47398558259010315
ACH-001100,1,0.3669358193874359
ACH-000238,1,0.8814253807067871
ACH-000237,1,0.3803286552429199
ACH-003099,1,0.7979061007499695
ACH-000393,1,0.5160605907440186
ACH-003107,0,0.663711428642273
ACH-000623,1,0.39577755331993103
ACH-000359,0,0.6559858322143555
ACH-001028,1,0.39097845554351807
ACH-000621,1,0.7808336615562439
ACH-001641,1,0.5618358850479126
ACH-000056,0,0.658553957939148
ACH-000483,1,0.7937719821929932
ACH-003308,0,0.6218488812446594
ACH-000514,1,0.8326295614242554
ACH-000051,0,0.5724645256996155
ACH-003433,1,0.7493869662284851
ACH-000043,0,0.44983869791030884
ACH-000936,1,0.8480637073516846
ACH-000716,1,0.8324046730995178
ACH-000988,1,0.7872945666313171
ACH-000952,0,0.5998152494430542
ACH-001350,1,0.7551796436309814
ACH-000065,0,0.6369134783744812
ACH-000609,0,0.6599513292312622
ACH-001411,1,0.6805093884468079
ACH-000504,1,0.6242242455482483
ACH-002677,1,0.49151524901390076
ACH-000956,1,0.8337905406951904
ACH-001712,1,0.1706274002790451
ACH-000652,1,0.7485958337783813
ACH-000414,0,0.7502104043960571
ACH-000472,1,0.6281022429466248
ACH-000007,0,0.7657876014709473
ACH-000446,0,0.7838200926780701
ACH-003071,1,0.7501893043518066
ACH-000386,1,0.5350823998451233
ACH-001850,1,0.4178465008735657
ACH-000755,0,0.7129254937171936
ACH-001503,0,0.3659871220588684
ACH-000028,0,0.7566322684288025
ACH-000665,1,0.6936718225479126
ACH-001679,0,0.36346638202667236
ACH-000078,0,0.5819413661956787
ACH-002046,1,0.48814478516578674
ACH-000397,1,0.7544066309928894
ACH-003145,0,0.45756995677948
ACH-000229,0,0.0628875344991684
ACH-002925,0,0.41145068407058716
ACH-000518,1,0.8064979910850525
ACH-001566,0,0.5663111209869385
ACH-000252,1,0.7686174511909485
ACH-000572,0,0.46995124220848083
ACH-001605,1,0.3401891887187958
ACH-002522,1,0.4053362011909485
ACH-000277,1,0.7152612805366516
ACH-001239,0,0.7433450222015381
ACH-000786,1,0.5675018429756165
ACH-000803,1,0.8635542988777161
ACH-001970,0,0.49691540002822876
ACH-002038,1,0.7506484985351562
ACH-000537,1,0.7577229738235474
ACH-002660,1,0.7879856824874878
ACH-002806,1,0.6228054761886597
ACH-000419,1,0.6410663723945618
ACH-002782,0,0.31850412487983704
ACH-000724,1,0.4384379982948303
ACH-000522,1,0.5578343272209167
ACH-001549,1,0.5959593653678894
ACH-000706,1,0.8462226986885071
ACH-000737,0,0.7456313967704773
ACH-000548,1,0.7742014527320862
ACH-001839,0,0.6342110633850098
ACH-001799,0,0.4599561095237732
ACH-001573,1,0.5553137063980103
ACH-002946,0,0.5351474285125732
ACH-000425,0,0.6519651412963867
ACH-003103,0,0.39374759793281555
ACH-000375,0,0.25454986095428467
ACH-000753,1,0.5963512063026428
ACH-000275,0,0.16809432208538055
ACH-000735,0,0.9051494002342224
ACH-000654,1,0.6130498647689819
ACH-001067,0,0.6918075680732727
ACH-000170,0,0.685549795627594
ACH-001394,1,0.85243159532547
ACH-001433,1,0.5321824550628662
ACH-000404,0,0.5931742787361145
ACH-000882,0,0.6733601093292236
ACH-001509,1,0.8025266528129578
ACH-000210,0,0.6468541026115417
ACH-000254,1,0.9028977155685425
ACH-000604,1,0.625133216381073
ACH-000090,1,0.6510786414146423
ACH-000195,1,0.5330220460891724
ACH-001791,0,0.6002265810966492
ACH-001650,0,0.413960337638855
ACH-000605,1,0.8903308510780334
ACH-000458,1,0.8039112687110901
ACH-003121,1,0.8216846585273743
ACH-003125,1,0.6484105587005615
ACH-002084,0,0.2582989037036896
ACH-000004,1,0.6154980659484863
ACH-000251,1,0.7452621459960938
ACH-000241,0,0.5518131852149963
ACH-001194,1,0.5962104797363281
ACH-001987,0,0.34179672598838806
ACH-002055,1,0.44918403029441833
ACH-002689,0,0.6195567846298218
ACH-001443,1,0.38345637917518616
ACH-000688,1,0.6240248084068298
ACH-000405,1,0.5344877243041992
ACH-000821,1,0.7182900905609131
ACH-001677,0,0.3688541650772095
ACH-002526,1,0.7157827019691467
ACH-001627,0,0.8595427870750427
ACH-000951,1,0.8351501226425171
ACH-001036,0,0.4495547115802765
ACH-002792,1,0.4037156105041504
ACH-000547,0,0.5603828430175781
ACH-000826,1,0.8484024405479431
ACH-001986,0,0.2691989541053772
ACH-001147,1,0.44682934880256653
ACH-002927,0,0.481194406747818
ACH-002470,1,0.5059429407119751
ACH-000162,1,0.4473196566104889
ACH-003139,0,0.4389645755290985
ACH-001751,0,0.5422436594963074
ACH-000018,1,0.6182836294174194
ACH-000721,1,0.22917228937149048
ACH-000003,0,0.7531940340995789
ACH-000092,0,0.6337176561355591
ACH-000669,1,0.9012628197669983
ACH-001099,0,0.18432901799678802
ACH-000648,0,0.6067594885826111
ACH-000950,0,0.8789782524108887
ACH-000050,0,0.5949397683143616
ACH-001106,1,0.17262959480285645
ACH-002051,1,0.766666829586029
ACH-000367,0,0.5894020199775696
ACH-000589,1,0.7722994089126587
ACH-000564,0,0.6605793237686157
ACH-001522,0,0.3660071790218353
ACH-000831,1,0.6821044087409973
ACH-000424,1,0.5241350531578064
ACH-000409,1,0.775934100151062
ACH-000616,1,0.3860228359699249
ACH-000628,1,0.7923218607902527
ACH-000512,1,0.6783490180969238
ACH-000232,1,0.6187618970870972
ACH-000820,1,0.8925024271011353
ACH-001295,0,0.42681384086608887
ACH-001164,0,0.803842306137085
ACH-000806,0,0.4583357274532318
ACH-002524,1,0.5655068159103394
ACH-000645,0,0.290980726480484
ACH-000099,0,0.6924228072166443
ACH-000902,1,0.5890043377876282
ACH-000649,1,0.5683854222297668
ACH-000086,0,0.6371852159500122
ACH-000149,0,0.5722666382789612
ACH-002538,1,0.5166390538215637
ACH-000142,1,0.8651766180992126
ACH-002535,1,0.6189385056495667
ACH-000227,0,0.588161051273346
ACH-000697,0,0.6476540565490723
ACH-000942,1,0.5457693338394165
ACH-000264,1,0.7116546034812927
ACH-000809,1,0.7069897651672363
ACH-000093,0,0.7812716960906982
ACH-000100,1,0.6556377410888672
ACH-001445,1,0.4445175528526306
ACH-000060,1,0.8266054391860962
ACH-000001,1,0.9102210402488708
ACH-000957,0,0.8214313983917236
ACH-000650,1,0.3304786682128906
ACH-001096,0,0.5036253333091736
ACH-002799,0,0.8771407008171082
ACH-002404,1,0.546170175075531
ACH-000239,1,0.7901479601860046
ACH-000762,1,0.9066978693008423
ACH-000922,0,0.5832080245018005
ACH-002784,1,0.3786779046058655
ACH-002653,0,0.5369556546211243
ACH-000859,1,0.8483614325523376
ACH-000990,1,0.7180821299552917
ACH-000410,0,0.3628440797328949
ACH-001971,0,0.37840980291366577
ACH-000927,1,0.8025766611099243
ACH-001853,0,0.6848188042640686
ACH-001978,0,0.38452908396720886
ACH-000694,1,0.8459566235542297
ACH-000935,0,0.5478509068489075
ACH-000918,1,0.46518683433532715
ACH-001984,0,0.3821139335632324
ACH-000761,1,0.6674216389656067
ACH-001563,0,0.251259446144104
ACH-000974,0,0.7418103218078613
ACH-000297,1,0.8168594837188721
ACH-001719,1,0.7262632846832275
ACH-000243,1,0.857054591178894
ACH-001418,1,0.8159104585647583
ACH-000362,0,0.5881586670875549
ACH-000843,1,0.8626044988632202
ACH-002052,1,0.7650802135467529
ACH-000840,1,0.7652627229690552
ACH-001852,1,0.5590382814407349
ACH-001528,0,0.29169678688049316
ACH-001656,1,0.43383124470710754
ACH-000016,0,0.6823681592941284
ACH-000165,0,0.24755044281482697
ACH-001460,1,0.7858138084411621
ACH-000592,1,0.6820881366729736
ACH-001192,1,0.6090667843818665
ACH-000045,0,0.4944138526916504
ACH-000741,1,0.9247203469276428
ACH-000912,1,0.6959803700447083
ACH-000529,0,0.3579375743865967
ACH-000508,1,0.8414973616600037
ACH-000577,1,0.6282054781913757
ACH-000768,1,0.708406388759613
ACH-000636,1,0.6835910677909851
ACH-000667,1,0.7691881656646729
ACH-000905,1,0.8436256647109985
ACH-001494,1,0.6672430634498596
ACH-000387,1,0.6667622327804565
ACH-002510,0,0.3334474265575409
ACH-001303,0,0.6464120745658875
ACH-000026,0,0.6037641167640686
ACH-000838,0,0.45210492610931396
ACH-001172,1,0.6546486616134644
ACH-000822,0,0.4185556173324585
ACH-000531,0,0.101298026740551
ACH-000349,0,0.8069010376930237
ACH-000527,0,0.48355770111083984
ACH-000279,1,0.45636144280433655
ACH-000516,1,0.7569915652275085
ACH-001662,1,0.6736587882041931
ACH-000812,1,0.5597716569900513
ACH-003157,0,0.15964145958423615
ACH-003464,0,0.5591511726379395
ACH-001300,0,0.5526043176651001
ACH-000524,1,0.7943097352981567
ACH-000611,1,0.7581480145454407
ACH-002419,0,0.35720938444137573
ACH-000411,0,0.5111497640609741
ACH-000718,1,0.8549128174781799
ACH-000903,1,0.4721449017524719
ACH-002021,0,0.7307060360908508
ACH-000433,0,0.5957086086273193
ACH-000499,1,0.7017297148704529
ACH-000278,1,0.8325871825218201
ACH-000202,1,0.5564943552017212
ACH-001736,1,0.32482099533081055
ACH-001379,1,0.7494274377822876
ACH-002070,1,0.5880363583564758
ACH-002794,1,0.3260973393917084
ACH-000128,1,0.6991744637489319
ACH-002528,0,0.5461404323577881
ACH-000696,1,0.6912906169891357
ACH-000041,1,0.4743345379829407
ACH-000214,0,0.20667174458503723
ACH-000747,1,0.5267778038978577
ACH-001307,1,0.5639140605926514
ACH-000341,1,0.6798496246337891
ACH-001740,1,0.5452519059181213
ACH-000417,0,0.8017193675041199
ACH-001393,1,0.6170524954795837
ACH-000120,0,0.4546462893486023
ACH-001694,1,0.4177527129650116
ACH-001542,1,0.766278862953186
ACH-002509,0,0.42479410767555237
ACH-000438,1,0.671505331993103
ACH-001366,1,0.6646241545677185
ACH-000653,0,0.6412371397018433
ACH-000839,1,0.9007954597473145
ACH-000673,1,0.5095540285110474
ACH-001524,1,0.7981514930725098
ACH-000069,0,0.6249335408210754
ACH-002996,1,0.6176998019218445
ACH-003142,0,0.7279279232025146
ACH-000323,1,0.48327165842056274
ACH-000021,1,0.8155344724655151
ACH-001863,1,0.5343059301376343
ACH-001996,1,0.7871015071868896
ACH-000980,1,0.7100984454154968
ACH-000106,0,0.45226871967315674
ACH-003156,0,0.817806601524353
ACH-000734,1,0.7231274247169495
ACH-000845,1,0.8753679990768433
ACH-001982,0,0.4626406729221344
ACH-000730,0,0.6017422080039978
ACH-001334,0,0.7842478156089783
ACH-000698,1,0.8576841950416565
ACH-000802,1,0.7561182975769043
ACH-001836,1,0.7687786221504211
ACH-000573,1,0.7903518676757812
ACH-001699,1,0.7384756207466125
ACH-000963,1,0.8097695112228394
ACH-001567,0,0.51175457239151
ACH-001653,1,0.7822444438934326
ACH-000852,1,0.558522641658783
ACH-001862,0,0.48081544041633606
ACH-001976,0,0.43353232741355896
ACH-002665,1,0.4372401535511017
ACH-003153,0,0.791194498538971
ACH-000661,0,0.35542118549346924
ACH-001500,1,0.5983580946922302
ACH-001190,1,0.7153573632240295
ACH-002467,0,0.26338300108909607
ACH-000364,0,0.8307010531425476
ACH-000448,0,0.6269991397857666
ACH-000979,1,0.6753215789794922
ACH-000932,0,0.3805653154850006
ACH-000783,1,0.7576144337654114
ACH-002044,1,0.6761211156845093
ACH-000301,1,0.6423118114471436
ACH-002459,0,0.5044681429862976
ACH-000976,1,0.6350435018539429
ACH-001516,0,0.6946576237678528
ACH-001354,1,0.5899476408958435
ACH-001645,0,0.3413427174091339
ACH-003135,0,0.6227973103523254
ACH-000867,1,0.837274432182312
ACH-000304,0,0.19676242768764496
ACH-002069,0,0.46583738923072815
ACH-000931,0,0.35082900524139404
ACH-001374,0,0.6219883561134338
ACH-000302,1,0.8782609105110168
ACH-000305,1,0.8784142136573792
ACH-000072,1,0.6005935072898865
ACH-000766,1,0.9085896015167236
ACH-000533,0,0.6057291030883789
ACH-000343,1,0.6512717604637146
ACH-001437,0,0.5720256567001343
ACH-000171,1,0.6334612369537354
ACH-003475,1,0.7751116752624512
ACH-000173,1,0.9250410199165344
ACH-000535,1,0.8157218098640442
ACH-000774,1,0.8856881260871887
ACH-000178,0,0.7753206491470337
ACH-001306,1,0.6052711009979248
ACH-000994,1,0.7940140962600708
ACH-001188,0,0.5228028297424316
ACH-000372,0,0.6212424039840698
ACH-002886,0,0.7628762125968933
ACH-000804,0,0.3327734172344208
ACH-000011,0,0.5617678761482239
ACH-000733,1,0.8285922408103943
ACH-001603,0,0.6347517371177673
ACH-000829,0,0.5964328050613403
ACH-000141,1,0.8423113226890564
ACH-000810,1,0.47104597091674805
ACH-001994,1,0.7433767318725586
ACH-001145,1,0.6844576001167297
ACH-000717,1,0.9043572545051575
ACH-000738,1,0.45335280895233154
ACH-001843,0,0.5365272164344788
ACH-002664,1,0.7532693147659302
ACH-000780,1,0.8435153961181641
ACH-001548,0,0.6363651752471924
ACH-000759,0,0.5560734272003174
ACH-001555,0,0.4185539484024048
ACH-001369,1,0.5771828293800354
ACH-000969,1,0.7939100861549377
ACH-000873,1,0.9119071960449219
ACH-001275,0,0.3106938898563385
ACH-002654,1,0.8474425077438354
ACH-002435,0,0.7332761287689209
ACH-001972,0,0.28677546977996826
ACH-000921,1,0.7619765996932983
ACH-003470,1,0.4191160202026367
ACH-001953,0,0.3716711103916168
ACH-002843,0,0.217673197388649
ACH-001373,1,0.5499871373176575
ACH-002800,0,0.8564375638961792
ACH-001022,0,0.4046379029750824
ACH-000082,0,0.5350953340530396
ACH-003105,0,0.46466344594955444
ACH-000488,1,0.7660501003265381
ACH-000790,1,0.7141625285148621
ACH-000172,0,0.33076921105384827
ACH-000647,1,0.815809428691864
ACH-000602,0,0.6137753129005432
ACH-003181,0,0.43373847007751465
ACH-002681,1,0.552376389503479
ACH-001465,0,0.6007575988769531
ACH-003012,0,0.7308829426765442
ACH-000156,0,0.40467095375061035
ACH-002001,0,0.6135755181312561
ACH-000315,1,0.3776100277900696
ACH-001678,0,0.5311225056648254
ACH-002446,1,0.5108299851417542
ACH-000201,0,0.6627285480499268
ACH-000435,1,0.8129463195800781
ACH-000965,1,0.7436768412590027
ACH-001550,1,0.6162698864936829
ACH-002026,0,0.47923949360847473
ACH-000883,1,0.673284649848938
ACH-000482,1,0.7119811177253723
ACH-000450,0,0.4341816008090973
ACH-002672,1,0.7040832042694092
ACH-000835,1,0.672646701335907
ACH-002431,0,0.5725460648536682
ACH-001802,0,0.550370991230011
ACH-000629,0,0.503749430179596
ACH-000715,1,0.8136346340179443
ACH-000870,1,0.7889268398284912
ACH-000910,0,0.6837164163589478
ACH-000779,1,0.8176393508911133
ACH-000140,0,0.7525116801261902
ACH-001196,1,0.6153144240379333
ACH-001484,0,0.3745702803134918
ACH-000693,1,0.7816609144210815
ACH-000811,1,0.7441127896308899
ACH-000423,1,0.6242122650146484
ACH-000290,1,0.7876483201980591
ACH-001847,0,0.5222436189651489
ACH-000492,0,0.5297531485557556
ACH-001519,0,0.3632223308086395
ACH-000110,1,0.8759370446205139
ACH-001497,1,0.5354437828063965
ACH-000102,1,0.5156969428062439
ACH-000817,1,0.7839398384094238
ACH-001556,0,0.3503900468349457
ACH-000964,0,0.5781400203704834
ACH-000378,1,0.8213783502578735
ACH-000913,1,0.7141444683074951
ACH-000575,0,0.7259345054626465
ACH-000634,1,0.6790543794631958
ACH-002291,0,0.6900692582130432
ACH-001322,0,0.6653615832328796
ACH-002924,0,0.22497428953647614
ACH-000767,1,0.8296964764595032
ACH-001642,0,0.6142972707748413
ACH-001552,1,0.8254583477973938
ACH-000451,1,0.8884989023208618
ACH-000879,1,0.6721718907356262
ACH-001842,1,0.7524385452270508
ACH-002662,1,0.7236200571060181
ACH-001032,1,0.6014745235443115
ACH-000982,0,0.7928882837295532
ACH-001636,1,0.4474893808364868
ACH-000189,0,0.6067782044410706
ACH-000454,1,0.7033281326293945
ACH-000131,0,0.29617729783058167
ACH-000660,0,0.7777819037437439
ACH-001197,1,0.39052003622055054
ACH-000915,1,0.4271748661994934
ACH-000480,1,0.7745487689971924
ACH-000745,0,0.573451578617096
ACH-000161,0,0.8248996734619141
ACH-000395,1,0.7347784042358398
ACH-001459,1,0.7652424573898315
ACH-000916,1,0.8628897070884705
ACH-001609,1,0.5088027715682983
ACH-001960,1,0.8700140714645386
ACH-002648,1,0.7009750604629517
ACH-001856,0,0.6796185374259949
ACH-003158,0,0.3130779564380646
ACH-002433,1,0.3873492181301117
ACH-000295,1,0.6101706027984619
ACH-001485,0,0.5930132269859314
ACH-003269,0,0.614405632019043
ACH-000292,1,0.6265903115272522
ACH-000137,1,0.8469123840332031
ACH-000308,1,0.81279456615448
ACH-000445,1,0.6841856241226196
ACH-001229,0,0.662680983543396
ACH-000144,1,0.8589118123054504
ACH-000837,1,0.8038355708122253
ACH-000048,1,0.4660142660140991
ACH-000463,0,0.32471418380737305
ACH-000881,0,0.5131797790527344
ACH-000388,1,0.4611731171607971
ACH-001992,1,0.4893539249897003
ACH-000147,1,0.7196836471557617
ACH-000930,1,0.6707720756530762
ACH-000899,0,0.6452532410621643
ACH-000366,1,0.6554598808288574
ACH-001571,0,0.4986684024333954
ACH-001526,0,0.5241877436637878
ACH-000064,0,0.8785410523414612
ACH-001329,0,0.38922882080078125
ACH-001676,1,0.5630434155464172
ACH-000418,1,0.7133204936981201
ACH-001280,1,0.5601191520690918
ACH-002922,1,0.7372357845306396
ACH-000861,1,0.8126333951950073
ACH-000692,1,0.8638814091682434
ACH-003137,0,0.6385278701782227
ACH-000107,1,0.7569983005523682
ACH-000133,1,0.6013765931129456
ACH-000306,0,0.20993122458457947
ACH-001530,0,0.7101937532424927
ACH-000651,1,0.7522788047790527
ACH-000563,1,0.5774243474006653
ACH-000058,1,0.779848039150238
ACH-000345,0,0.6082092523574829
ACH-000316,1,0.5951801538467407
ACH-000884,1,0.668406069278717
ACH-000289,0,0.1483873724937439
ACH-001451,0,0.41977885365486145
ACH-003459,1,0.608493447303772
ACH-002440,0,0.5016803741455078
ACH-000355,1,0.6993698477745056
ACH-002926,0,0.39181068539619446
ACH-000962,1,0.7587336897850037
ACH-000473,1,0.7608165144920349
ACH-000192,1,0.8811624050140381
ACH-001624,0,0.3140557110309601
ACH-001989,0,0.22995637357234955
ACH-001807,0,0.2206718474626541
ACH-002532,1,0.7252944111824036
ACH-002466,0,0.19673489034175873
ACH-001344,0,0.3069835603237152
ACH-001684,0,0.3907831013202667
ACH-000757,0,0.6351379752159119
ACH-000054,0,0.6397968530654907
ACH-001318,1,0.6950392723083496
ACH-000601,1,0.3352947533130646
ACH-000635,1,0.699461817741394
ACH-001857,1,0.6036247611045837
ACH-000966,1,0.7139442563056946
ACH-000630,1,0.6891931295394897
ACH-000225,1,0.5090444087982178
ACH-002047,0,0.18947719037532806
ACH-000657,0,0.38983193039894104
ACH-000624,1,0.9076499342918396
ACH-000699,1,0.5496322512626648
ACH-000923,0,0.6439672112464905
ACH-000687,1,0.6285436749458313
ACH-000044,0,0.7177777290344238
ACH-000740,1,0.8270405530929565
ACH-000447,1,0.7651292085647583
ACH-000101,1,0.5143206119537354
ACH-001416,1,0.6937921643257141
ACH-000319,0,0.783385157585144
ACH-000198,0,0.5860657095909119
ACH-000280,0,0.8969435691833496
ACH-003265,0,0.6143487691879272
ACH-000104,1,0.4696725308895111
ACH-001835,1,0.7954115867614746
ACH-000892,0,0.6161633729934692
ACH-000493,1,0.7022547721862793
ACH-000042,1,0.8512744307518005
ACH-002045,1,0.7232772707939148
ACH-000221,1,0.6536068916320801
ACH-000477,0,0.5089649558067322
ACH-000746,1,0.5203673839569092
ACH-000356,1,0.773389995098114
ACH-000457,0,0.577174186706543
ACH-000904,0,0.8651015162467957
ACH-002060,0,0.3650721609592438
ACH-003159,0,0.49634578824043274
ACH-001813,0,0.11091995239257812
ACH-000244,0,0.3116961121559143
ACH-000610,1,0.6833317279815674
ACH-000081,0,0.5717569589614868
ACH-003161,0,0.5483090281486511
ACH-000255,1,0.6160294413566589
ACH-001038,1,0.527543842792511
ACH-000352,0,0.8187992572784424
ACH-002016,0,0.5612297654151917
ACH-000416,1,0.6091563105583191
ACH-000752,1,0.45066288113594055
ACH-000862,1,0.7445840835571289
ACH-000236,1,0.8440544605255127
ACH-000401,1,0.3447254002094269
ACH-000731,0,0.7033374905586243
ACH-000875,1,0.8151229023933411
ACH-000626,1,0.8510651588439941
ACH-000593,1,0.5095375180244446
ACH-000182,0,0.8312975764274597
ACH-000442,1,0.6745650768280029
ACH-000159,0,0.4157605767250061
ACH-000907,1,0.5206391215324402
ACH-000191,1,0.82044517993927
ACH-000205,0,0.8713220953941345
ACH-000103,1,0.888701319694519
ACH-000739,0,0.5411044359207153
ACH-001558,0,0.6216731071472168
ACH-000206,0,0.47558122873306274
ACH-000841,1,0.8067592978477478
ACH-000615,1,0.35866066813468933
ACH-001613,0,0.32473117113113403
ACH-001608,1,0.4400729835033417
ACH-000801,0,0.54905766248703
ACH-000539,0,0.39277520775794983
ACH-000464,1,0.7439227104187012
ACH-000622,1,0.5692460536956787
ACH-000452,1,0.8162924647331238
ACH-001390,1,0.7924452424049377
ACH-001401,1,0.5456497669219971
ACH-000365,1,0.4061829149723053
ACH-001431,0,0.44805023074150085
ACH-000475,1,0.740035891532898
ACH-000860,0,0.6777403354644775
ACH-000074,1,0.638655424118042
ACH-000377,1,0.7200985550880432
ACH-001562,0,0.5682564377784729
ACH-001693,1,0.5388282537460327
ACH-003134,0,0.24159446358680725
ACH-000259,1,0.661367654800415
ACH-001697,1,0.8679068684577942
ACH-002801,1,0.5498610138893127
ACH-001388,0,0.7314783930778503
ACH-001410,1,0.5152475237846375
ACH-002025,1,0.6710593104362488
ACH-002688,0,0.4627033472061157
ACH-000720,1,0.7904368042945862
ACH-000095,0,0.49874347448349
ACH-001345,0,0.6607595682144165
ACH-000558,0,0.6427353620529175
ACH-000664,1,0.5249930620193481
ACH-000177,0,0.8692700266838074
ACH-001423,0,0.6382297277450562
ACH-000335,0,0.5823175311088562
ACH-000940,1,0.511124849319458
ACH-003160,0,0.7277276515960693
ACH-000631,0,0.4988689422607422
ACH-000207,1,0.6950794458389282
ACH-000764,1,0.4027646481990814
ACH-000995,1,0.5273300409317017
ACH-000373,1,0.5103004574775696
ACH-000953,1,0.7591198086738586
ACH-000709,0,0.5200492143630981
ACH-003463,0,0.1549496352672577
ACH-000846,1,0.8775403499603271
ACH-001702,0,0.4865311086177826
ACH-000333,0,0.8081538081169128
ACH-001708,0,0.4024868607521057
ACH-002059,0,0.38257402181625366
ACH-000929,1,0.8624483346939087
ACH-001395,0,0.6613897085189819
ACH-000948,0,0.7986360788345337
ACH-002015,0,0.49120020866394043
ACH-000981,1,0.5691371560096741
ACH-000617,1,0.833676278591156
ACH-000311,1,0.7541272640228271
ACH-001210,0,0.4414989948272705
ACH-001834,1,0.7660067677497864
ACH-002010,0,0.3220135569572449
ACH-003143,0,0.5210428833961487
ACH-000390,1,0.8413145542144775
ACH-000468,0,0.6830237507820129
ACH-002651,0,0.6732357740402222
ACH-001061,1,0.787947952747345
ACH-000077,0,0.6199818253517151
ACH-000456,1,0.8027176260948181
ACH-002703,1,0.7394686937332153
ACH-000496,1,0.806402325630188
ACH-002512,0,0.4787053167819977
ACH-000062,1,0.8974910974502563
ACH-002464,0,0.2966809570789337
ACH-000088,0,0.3837032616138458
ACH-000536,1,0.83211749792099
ACH-000071,0,0.38623282313346863
ACH-002004,0,0.4676048755645752
ACH-000878,1,0.7679352164268494
ACH-001380,1,0.6160628199577332
ACH-002061,1,0.6568978428840637
ACH-000385,0,0.6469826102256775
ACH-000412,1,0.7529533505439758
ACH-003474,1,0.7551621198654175
ACH-000427,1,0.8551741242408752
ACH-000938,0,0.648536205291748
ACH-000462,0,0.5406304001808167
ACH-000939,1,0.6793125867843628
ACH-000325,1,0.7550173401832581
ACH-000515,1,0.7928493022918701
ACH-001033,0,0.29566022753715515
ACH-000919,0,0.7592490315437317
ACH-000863,0,0.7212927341461182
ACH-000642,0,0.8550482988357544
ACH-000581,1,0.7532524466514587
ACH-001435,0,0.5900552868843079
ACH-001050,0,0.34938231110572815
ACH-001818,0,0.094389908015728
ACH-001384,1,0.5359370708465576
ACH-000797,0,0.09785225987434387
ACH-000220,1,0.48525696992874146
ACH-001533,1,0.49740245938301086
ACH-001508,1,0.8505634665489197
ACH-000827,0,0.6526280641555786
ACH-003119,1,0.7296989560127258
ACH-000961,1,0.8844215869903564
ACH-000778,1,0.7288299202919006
ACH-000825,1,0.7082229852676392
ACH-000743,1,0.6674464344978333
ACH-000190,1,0.5013455152511597
ACH-001819,1,0.7510260939598083
ACH-000157,1,0.7361913323402405
ACH-001786,0,0.7254490256309509
ACH-000253,1,0.7765531539916992
ACH-001376,1,0.7490529417991638
ACH-000958,0,0.8925797343254089
ACH-000228,1,0.9097045660018921
ACH-000266,1,0.625545859336853
ACH-001750,1,0.41477087140083313
ACH-000174,1,0.592429518699646
ACH-000245,1,0.6258532404899597
ACH-001279,0,0.6372696757316589
ACH-000620,0,0.813309371471405
ACH-000813,1,0.8156434893608093
ACH-001513,1,0.7228491902351379
ACH-000168,1,0.36403441429138184
ACH-000257,1,0.8327094912528992
ACH-000211,1,0.8480799198150635
ACH-000283,0,0.5681211948394775
ACH-002401,1,0.763126015663147
ACH-002041,1,0.7401754260063171
ACH-000987,1,0.4736853837966919
ACH-003465,1,0.4718991219997406
ACH-000682,1,0.8742346167564392
ACH-000073,0,0.6445859670639038
ACH-000212,1,0.6795913577079773
ACH-000096,0,0.6039347648620605
ACH-002500,0,0.5865755081176758
ACH-001440,0,0.8561381101608276
ACH-000063,0,0.28051328659057617
ACH-002942,0,0.5909369587898254
ACH-001999,1,0.6077907681465149
ACH-000776,0,0.8373340964317322
ACH-000521,1,0.6221303343772888
ACH-000299,0,0.3562313914299011
ACH-000025,0,0.6402618288993835
ACH-000591,1,0.4994364082813263
ACH-001716,0,0.5305724143981934
ACH-000833,1,0.579379677772522
ACH-001628,1,0.6187357902526855
ACH-000398,1,0.6130833029747009
ACH-000274,0,0.5482503175735474
ACH-001370,1,0.7433658242225647
ACH-001700,1,0.7874926328659058
ACH-000029,1,0.8130374550819397
ACH-001849,1,0.6159997582435608
ACH-000644,0,0.5224669575691223
ACH-001422,0,0.7273766398429871
ACH-000588,1,0.5391414165496826
ACH-000849,1,0.7977770566940308
ACH-002690,0,0.6700240969657898
ACH-000219,0,0.7159344553947449
ACH-000150,1,0.8050051927566528
ACH-001845,0,0.4480624496936798
ACH-002643,0,0.34928926825523376
ACH-000384,0,0.6974586248397827
ACH-001053,1,0.6584315896034241
ACH-001274,0,0.6778618097305298
ACH-000091,1,0.7087357640266418
ACH-002932,1,0.6235780119895935
ACH-002014,0,0.4279022514820099
ACH-001634,0,0.41634365916252136
ACH-002531,0,0.7241408228874207
ACH-000495,0,0.467006653547287
ACH-000911,1,0.8126497864723206
ACH-000013,1,0.863483726978302
ACH-002667,1,0.5368363261222839
ACH-000777,1,0.5588371753692627
ACH-001765,1,0.6380308866500854
ACH-000312,1,0.6510241627693176
ACH-000085,1,0.7105594873428345
ACH-000436,0,0.4613579511642456
ACH-000869,1,0.8120381236076355
ACH-003061,1,0.8308641314506531
ACH-003471,0,0.7584524750709534
ACH-000267,0,0.5921708345413208
ACH-000489,1,0.9003142714500427
ACH-000431,1,0.6773043274879456
ACH-000152,1,0.5110113024711609
ACH-000909,0,0.44825658202171326
ACH-000534,1,0.7579463720321655
ACH-001489,1,0.6908931732177734
ACH-000582,1,0.5508509874343872
ACH-000460,1,0.8567309975624084
ACH-000443,1,0.8007722496986389
ACH-001570,0,0.5645294785499573
ACH-000986,1,0.8057891130447388
ACH-001335,0,0.7305226922035217
ACH-000023,1,0.5439416170120239
ACH-002062,0,0.2486288696527481
ACH-002462,0,0.2341618686914444
ACH-000151,0,0.45985713601112366
ACH-001277,1,0.5612494945526123
ACH-000607,0,0.42363083362579346
ACH-002647,0,0.7181525826454163
ACH-000703,1,0.8083223700523376
ACH-001211,0,0.5410089492797852
ACH-003152,0,0.27451106905937195
ACH-001511,1,0.8106550574302673
ACH-000113,0,0.5669361352920532
ACH-000337,1,0.8299643993377686
ACH-000598,0,0.6186548471450806
ACH-000057,0,0.383387953042984
ACH-000281,1,0.8471532464027405
ACH-000321,1,0.4562617540359497
ACH-000985,1,0.8231455683708191
ACH-000444,0,0.7179648280143738
ACH-000347,1,0.752519965171814
ACH-001399,1,0.5949559807777405
ACH-001097,0,0.3245639503002167
ACH-000127,1,0.6991512179374695
ACH-001961,1,0.7386450171470642
ACH-001796,0,0.2847534418106079
ACH-000307,1,0.5643320679664612
ACH-001030,0,0.6065321564674377
ACH-002485,1,0.373174786567688
ACH-000595,1,0.6235462427139282
ACH-001540,0,0.450153648853302
ACH-000298,1,0.7951710820198059
ACH-000771,1,0.552460789680481
ACH-000500,1,0.8963751792907715
ACH-000353,1,0.7163112163543701
ACH-000363,1,0.6226699948310852
ACH-000350,0,0.7760303020477295
ACH-000053,1,0.49448099732398987
ACH-001543,1,0.8158155679702759
ACH-000663,0,0.5511305928230286
ACH-000346,0,0.40346527099609375
ACH-000970,1,0.926728367805481
ACH-002543,1,0.6224209666252136
ACH-001333,1,0.45495304465293884
ACH-000794,1,0.49729278683662415
ACH-000039,0,0.4878399968147278
ACH-000471,0,0.5890974998474121
ACH-000850,0,0.21775497496128082
ACH-000291,1,0.5392762422561646
ACH-001453,0,0.8398729562759399
ACH-001458,1,0.7148928642272949
ACH-000886,1,0.853328287601471
ACH-000888,1,0.7895053625106812
ACH-000659,1,0.8485684394836426
ACH-000030,1,0.82039475440979
ACH-001201,1,0.6970099210739136
ACH-000271,1,0.6738524436950684
ACH-002676,0,0.36658188700675964
ACH-000549,1,0.770315408706665
ACH-000555,0,0.6158735752105713
ACH-000478,1,0.632196307182312
ACH-000775,1,0.8518271446228027
ACH-002214,0,0.4894949495792389
ACH-000038,0,0.595733642578125
ACH-001109,0,0.2473766952753067
ACH-001442,1,0.5392999649047852
ACH-000559,1,0.8226742744445801
ACH-000510,0,0.6364428997039795
ACH-002065,0,0.6144776344299316
ACH-000676,1,0.448475182056427
ACH-002659,1,0.7521539926528931
ACH-000844,1,0.8258570432662964
ACH-002403,1,0.5996556282043457
ACH-002787,0,0.5598374009132385
ACH-002497,1,0.5794838070869446
ACH-002798,0,0.18980281054973602
ACH-000925,0,0.8542522192001343
ACH-002465,0,0.24810639023780823
ACH-000272,0,0.6302251219749451
ACH-001035,1,0.6310630440711975
ACH-003457,0,0.49876365065574646
ACH-000513,0,0.606963038444519
ACH-001059,0,0.5703897476196289
ACH-000959,1,0.8258242011070251
ACH-002283,1,0.5567730069160461
ACH-000169,1,0.7142031788825989
ACH-001402,0,0.36168843507766724
ACH-000796,1,0.8319340944290161
ACH-000143,1,0.4222470819950104
ACH-000067,1,0.7252336144447327
ACH-000640,0,0.6720916628837585
ACH-001591,1,0.5917508006095886
ACH-001674,1,0.4852876663208008
ACH-001698,1,0.7551835775375366
ACH-002002,0,0.5309813618659973
ACH-002011,0,0.26005977392196655
ACH-003268,0,0.41404664516448975
ACH-000967,1,0.6577841639518738
ACH-000469,1,0.6823083162307739
ACH-001353,1,0.5177639126777649
ACH-001574,0,0.5027297735214233
ACH-000097,0,0.9029986262321472
ACH-000256,1,0.7674380540847778
ACH-000977,0,0.8201392889022827
ACH-000972,0,0.7179510593414307
ACH-001367,1,0.38858088850975037
ACH-000382,1,0.8276475071907043
ACH-003476,1,0.49344056844711304
ACH-000579,0,0.5549572110176086
ACH-002035,0,0.7021663188934326
ACH-001532,0,0.44549649953842163
ACH-000695,1,0.5735843181610107
ACH-001795,0,0.4969555139541626
ACH-001510,1,0.7137043476104736
ACH-000502,1,0.8384860754013062
ACH-000183,1,0.7086608409881592
ACH-000408,1,0.8091450929641724
ACH-001496,1,0.7828090190887451
ACH-000788,1,0.688468337059021
ACH-002405,0,0.6220850348472595
ACH-002409,1,0.6339297890663147
ACH-001622,0,0.44822606444358826
ACH-000466,1,0.85589200258255
ACH-001560,0,0.2840651571750641
ACH-001019,0,0.7363106608390808
ACH-003111,0,0.17067073285579681
ACH-000005,1,0.5864803791046143
ACH-001687,0,0.5219945311546326
ACH-001151,0,0.8531745076179504
ACH-000701,1,0.5850717425346375
ACH-000542,0,0.6177372336387634
ACH-000126,0,0.6194599866867065
ACH-001685,0,0.5397849678993225
ACH-000933,0,0.7991130948066711
ACH-000068,1,0.7036603689193726
ACH-000015,1,0.7106197476387024
ACH-001111,1,0.560391902923584
ACH-000487,1,0.5827012658119202
ACH-000122,1,0.6500222086906433
ACH-000288,1,0.5896094441413879
ACH-001820,1,0.6859277486801147
ACH-000782,1,0.6048057079315186
ACH-001632,1,0.7588953971862793
ACH-002399,1,0.8063162565231323
ACH-000357,1,0.6287286877632141
ACH-000079,1,0.6703861355781555
ACH-001031,0,0.5527863502502441
ACH-001064,1,0.5484837293624878
ACH-002802,0,0.39362356066703796
ACH-001048,1,0.89508056640625
ACH-000453,1,0.7496838569641113
ACH-003155,0,0.6951217651367188
ACH-000791,1,0.6666056513786316
ACH-000567,1,0.7793565988540649
ACH-001391,1,0.372315913438797
ACH-001075,0,0.8863954544067383
ACH-000105,0,0.3892691135406494
ACH-000557,1,0.7024925947189331
ACH-000175,0,0.26569291949272156
ACH-001356,1,0.5663416385650635
ACH-001844,1,0.5200755596160889
ACH-001346,1,0.8363632559776306
ACH-000885,0,0.433824747800827
ACH-000900,1,0.6880069971084595
ACH-000666,1,0.42057567834854126
ACH-001428,1,0.606361985206604
ACH-000217,1,0.7749859690666199
ACH-000872,1,0.7458324432373047
ACH-001974,0,0.27447831630706787
ACH-002020,1,0.6979965567588806
ACH-001638,0,0.3537198603153229
ACH-001228,0,0.7822818160057068
ACH-000181,1,0.8206065893173218
ACH-000115,1,0.7064022421836853
ACH-000130,0,0.5683410167694092
ACH-000121,1,0.844223141670227
ACH-001711,1,0.640305757522583
ACH-000934,1,0.9027880430221558
ACH-000996,1,0.8707721829414368
ACH-001529,0,0.466879665851593
ACH-001743,0,0.7516440153121948
ACH-000320,1,0.7151308655738831
ACH-000505,1,0.3216328024864197
ACH-000781,1,0.7911362648010254
ACH-000059,0,0.38447216153144836
ACH-000920,1,0.6588200330734253
ACH-000294,1,0.4186059832572937
ACH-000422,1,0.5296169519424438
ACH-000200,0,0.5430579781532288
ACH-000046,0,0.6636596918106079
ACH-000968,0,0.3512219488620758
ACH-000830,1,0.7910149693489075
ACH-000114,1,0.9168224334716797
ACH-000402,1,0.559320330619812
ACH-001578,1,0.7482494115829468
ACH-000036,0,0.5040634274482727
ACH-000973,1,0.6331059336662292
ACH-001128,0,0.3814661502838135
ACH-003437,1,0.7406324744224548
ACH-000750,0,0.37750017642974854
ACH-000285,1,0.6422631740570068
ACH-002669,1,0.5746498107910156
ACH-001858,1,0.8034929037094116
ACH-001997,1,0.7548230290412903
ACH-000052,1,0.6254470348358154
