,tp53_binary,xgb_proba
ACH-001113,1,0.9945147037506104
ACH-001289,0,0.012549322098493576
ACH-001339,1,0.7762370109558105
ACH-001979,0,0.004111963789910078
ACH-002438,0,0.001532218768261373
ACH-001538,0,0.9279717803001404
ACH-000242,0,0.5236852169036865
ACH-000708,0,0.989086389541626
ACH-000327,0,0.5339399576187134
ACH-000233,1,0.3457214832305908
ACH-000461,1,0.9956297874450684
ACH-000705,1,0.9578993320465088
ACH-001794,0,0.13277976214885712
ACH-002023,1,0.9940021634101868
ACH-000528,1,0.9494401812553406
ACH-002501,0,0.32936209440231323
ACH-001655,1,0.8592144846916199
ACH-000167,0,0.01284309197217226
ACH-000792,1,0.9828862547874451
ACH-001098,1,0.9852467775344849
ACH-000570,1,0.9733923673629761
ACH-000351,1,0.9981459379196167
ACH-002075,1,0.9871958494186401
ACH-002040,1,0.008507907390594482
ACH-000769,1,0.9954351782798767
ACH-000154,0,0.029454978182911873
ACH-000828,0,0.5025482177734375
ACH-000421,1,0.9969478249549866
ACH-000765,1,0.8637829422950745
ACH-001375,1,0.9954792261123657
ACH-000008,0,0.008044956251978874
ACH-001814,0,0.7920670509338379
ACH-000800,1,0.8556963801383972
ACH-000606,1,0.9836198091506958
ACH-000317,0,0.03259625285863876
ACH-001492,0,0.05581285059452057
ACH-000123,0,0.003437585895881057
ACH-000723,1,0.9952045679092407
ACH-002066,1,0.9856426119804382
ACH-001536,0,0.05422448739409447
ACH-003136,0,0.04417840763926506
ACH-000313,1,0.10782250016927719
ACH-002019,0,0.5587652921676636
ACH-000728,0,0.14426341652870178
ACH-000700,1,0.8646570444107056
ACH-000823,1,0.9963222742080688
ACH-000678,1,0.9985771179199219
ACH-000006,1,0.9781988859176636
ACH-002790,0,0.023323843255639076
ACH-002029,1,0.9740737080574036
ACH-001377,0,0.03274033963680267
ACH-000754,1,0.8729075789451599
ACH-000465,0,0.0048742699436843395
ACH-000138,1,0.9936524629592896
ACH-001864,1,0.9551282525062561
ACH-000383,1,0.9971557855606079
ACH-001547,0,0.02092728391289711
ACH-000917,1,0.9959587454795837
ACH-002471,0,0.9183942079544067
ACH-000984,1,0.08321760594844818
ACH-002678,1,0.43032872676849365
ACH-001409,1,0.9824832677841187
ACH-001707,0,0.009251853451132774
ACH-000117,1,0.9337307214736938
ACH-000999,1,0.9243943691253662
ACH-000633,1,0.958369255065918
ACH-000520,1,0.9732773900032043
ACH-000176,1,0.9255793690681458
ACH-000017,1,0.9909713268280029
ACH-000020,0,0.022557366639375687
ACH-001385,0,0.0399104543030262
ACH-000587,1,0.9981178045272827
ACH-000785,1,0.9931125044822693
ACH-003469,0,0.035872455686330795
ACH-000554,1,0.9472998380661011
ACH-003180,0,0.021381361410021782
ACH-001398,0,0.0041698128916323185
ACH-001991,0,0.4107525646686554
ACH-001332,1,0.9930625557899475
ACH-000585,1,0.9887346625328064
ACH-000550,1,0.9844607710838318
ACH-000627,1,0.559859573841095
ACH-000704,0,0.015577203594148159
ACH-000276,1,0.9946479201316833
ACH-000075,0,0.1749994158744812
ACH-000818,1,0.06604645401239395
ACH-003184,0,0.2798958122730255
ACH-001616,0,0.6388119459152222
ACH-000625,0,0.970916748046875
ACH-000941,1,0.9842582941055298
ACH-000392,1,0.9992484450340271
ACH-000269,0,0.10395345091819763
ACH-001670,1,0.8843943476676941
ACH-003133,0,0.2101791501045227
ACH-000856,0,0.9146084785461426
ACH-002687,0,0.04081925377249718
ACH-001119,0,0.006232844665646553
ACH-003132,0,0.013030212372541428
ACH-000376,1,0.9908269047737122
ACH-000685,1,0.997806966304779
ACH-000729,1,0.9963309168815613
ACH-001034,0,0.08004516363143921
ACH-001283,1,0.7100416421890259
ACH-000880,0,0.5572444796562195
ACH-000035,1,0.9906793236732483
ACH-001200,0,0.048561714589595795
ACH-000194,0,0.044199176132678986
ACH-000322,0,0.0014775039162486792
ACH-000552,1,0.9910810589790344
ACH-002508,1,0.7229124903678894
ACH-000222,1,0.9225342869758606
ACH-000260,0,0.9636570811271667
ACH-001652,0,0.41106587648391724
ACH-000608,1,0.9899544715881348
ACH-000501,1,0.9913732409477234
ACH-000612,0,0.009110102429986
ACH-002033,1,0.6943166255950928
ACH-001184,0,0.13236919045448303
ACH-001688,0,0.004720965400338173
ACH-001838,1,0.6477903723716736
ACH-000638,1,0.973727285861969
ACH-001846,1,0.9836002588272095
ACH-000798,1,0.34187111258506775
ACH-001321,0,0.33595380187034607
ACH-000894,1,0.9953008890151978
ACH-001559,1,0.7546056509017944
ACH-000344,1,0.8551101088523865
ACH-000223,1,0.9944854378700256
ACH-000031,1,0.8005439043045044
ACH-000034,0,0.7378732562065125
ACH-001861,1,0.9962020516395569
ACH-003468,1,0.9379171133041382
ACH-000772,0,0.3427596688270569
ACH-000946,0,0.7109342813491821
ACH-000596,1,0.9935454726219177
ACH-001046,0,0.003317079273983836
ACH-000632,1,0.6430610418319702
ACH-000978,1,0.9945970773696899
ACH-000332,1,0.9674815535545349
ACH-001841,1,0.9844953417778015
ACH-003273,1,0.7896896600723267
ACH-000179,1,0.998392641544342
ACH-000887,1,0.9788901805877686
ACH-000368,1,0.9894225001335144
ACH-000240,0,0.01648540049791336
ACH-000578,0,0.9940221905708313
ACH-001611,0,0.967445969581604
ACH-000135,0,0.0022543289232999086
ACH-001671,0,0.04233242943882942
ACH-000406,1,0.938011646270752
ACH-001541,1,0.980350136756897
ACH-000998,0,0.567070484161377
ACH-000441,0,0.0266807209700346
ACH-000960,1,0.1417742669582367
ACH-000098,1,0.9806671142578125
ACH-001651,0,0.04825325682759285
ACH-001456,1,0.9936532974243164
ACH-001336,0,0.7873607873916626
ACH-000284,0,0.016468847170472145
ACH-000971,0,0.6717291474342346
ACH-001454,0,0.5099368095397949
ACH-000926,1,0.9830284118652344
ACH-000033,0,0.9853331446647644
ACH-000576,1,0.7554202079772949
ACH-000019,0,0.0732899084687233
ACH-001577,0,0.25486963987350464
ACH-001981,0,0.0020453473553061485
ACH-000330,1,0.7504994869232178
ACH-000848,1,0.934581995010376
ACH-000481,1,0.9968550205230713
ACH-001517,1,0.988732099533081
ACH-000338,1,0.4177354872226715
ACH-001959,1,0.3633138835430145
ACH-001414,0,0.3640041947364807
ACH-001227,0,0.23843631148338318
ACH-000871,1,0.9677833914756775
ACH-001403,1,0.9964608550071716
ACH-000805,0,0.017259923741221428
ACH-001142,0,0.6951525807380676
ACH-001554,0,0.029010841622948647
ACH-001667,0,0.03767294064164162
ACH-000847,1,0.9769015908241272
ACH-001447,1,0.9676152467727661
ACH-001537,0,0.9918656945228577
ACH-001207,0,0.16994726657867432
ACH-001854,0,0.2652696371078491
ACH-000832,1,0.9985698461532593
ACH-001975,1,0.7959967851638794
ACH-000428,0,0.004731394816190004
ACH-001382,1,0.9884402751922607
ACH-001302,0,0.030415639281272888
ACH-000690,0,0.9982958436012268
ACH-001134,0,0.0626872330904007
ACH-000914,1,0.9670913219451904
ACH-000858,1,0.9958546757698059
ACH-001421,1,0.11038824170827866
ACH-002796,0,0.027547042816877365
ACH-003183,1,0.20443452894687653
ACH-002716,0,0.003156615886837244
ACH-003100,0,0.10684946924448013
ACH-000544,1,0.9948012828826904
ACH-000725,1,0.9859094023704529
ACH-000566,1,0.8492773771286011
ACH-000760,0,0.9334176778793335
ACH-001745,1,0.4910145699977875
ACH-000787,1,0.9955523610115051
ACH-001598,0,0.7520959377288818
ACH-000749,1,0.6899746656417847
ACH-001691,1,0.6582483649253845
ACH-001328,1,0.9948819875717163
ACH-001704,0,0.0018888985505327582
ACH-001502,0,0.39289143681526184
ACH-002844,0,0.010699944570660591
ACH-001068,0,0.06389863044023514
ACH-000358,1,0.9084609746932983
ACH-002695,1,0.9898694157600403
ACH-001672,0,0.04191559553146362
ACH-001654,1,0.508810818195343
ACH-001521,1,0.9660667777061462
ACH-000209,0,0.007942787371575832
ACH-001520,0,0.02241927944123745
ACH-000213,1,0.9590241312980652
ACH-001610,1,0.7424484491348267
ACH-001408,1,0.8610132932662964
ACH-000991,1,0.9957495927810669
ACH-001412,1,0.9894547462463379
ACH-000331,1,0.9144541621208191
ACH-001407,1,0.9114287495613098
ACH-000580,0,0.00825479906052351
ACH-000594,1,0.9315465092658997
ACH-000684,0,0.5545780658721924
ACH-000742,0,0.011210977099835873
ACH-000868,1,0.9866148829460144
ACH-000732,1,0.9948887228965759
ACH-001481,1,0.3433471918106079
ACH-000429,0,0.043449949473142624
ACH-000310,0,0.09558998048305511
ACH-002475,1,0.8701273202896118
ACH-000643,1,0.9982776641845703
ACH-000234,0,0.03842181712388992
ACH-003267,0,0.012287700548768044
ACH-001498,1,0.027089020237326622
ACH-000896,1,0.9798651337623596
ACH-003451,0,0.009743236936628819
ACH-000203,0,0.11487475037574768
ACH-001607,1,0.997565507888794
ACH-002706,1,0.9521974325180054
ACH-001441,0,0.012074830941855907
ACH-000112,0,0.39612048864364624
ACH-000874,0,0.22332853078842163
ACH-000186,1,0.9981234669685364
ACH-002780,1,0.37052005529403687
ACH-000677,0,0.4035053253173828
ACH-000055,1,0.03567349165678024
ACH-000485,1,0.12998245656490326
ACH-000672,1,0.9793599843978882
ACH-001150,0,0.9452189207077026
ACH-000287,1,0.9898948073387146
ACH-000784,1,0.6578666567802429
ACH-000530,1,0.9900004863739014
ACH-002024,1,0.9728108048439026
ACH-000380,1,0.9829899072647095
ACH-001737,0,0.01381033193320036
ACH-001400,1,0.8907800912857056
ACH-001054,0,0.4467872679233551
ACH-001695,1,0.9747858047485352
ACH-000009,1,0.8432197570800781
ACH-000491,1,0.9886544942855835
ACH-001703,0,0.7900474071502686
ACH-000002,0,0.9171398878097534
ACH-001568,0,0.8704487085342407
ACH-001449,0,0.523822546005249
ACH-000993,1,0.6712401509284973
ACH-002680,1,0.7673514485359192
ACH-000877,1,0.993021547794342
ACH-000711,1,0.9802668690681458
ACH-001515,0,0.6477808356285095
ACH-002847,0,0.010647275485098362
ACH-000702,0,0.9617153406143188
ACH-001020,0,0.011438907124102116
ACH-000600,0,0.0071166763082146645
ACH-003266,0,0.019767291843891144
ACH-000354,1,0.9929666519165039
ACH-000012,1,0.9988917708396912
ACH-000689,0,0.13142074644565582
ACH-002668,1,0.24494397640228271
ACH-002533,0,0.09771640598773956
ACH-000459,0,0.0708189308643341
ACH-002050,0,0.009499266743659973
ACH-003120,1,0.9678951501846313
ACH-001413,0,0.04718814417719841
ACH-000686,1,0.9937686920166016
ACH-000342,1,0.9931386113166809
ACH-000208,1,0.0685044452548027
ACH-000360,1,0.9863195419311523
ACH-000249,1,0.950791597366333
ACH-001368,1,0.990513801574707
ACH-000231,1,0.9282488226890564
ACH-002074,1,0.9929416179656982
ACH-000945,1,0.7557815313339233
ACH-000662,0,0.9985408782958984
ACH-002458,0,0.002729101339355111
ACH-001378,0,0.05372750014066696
ACH-001029,1,0.9638143181800842
ACH-001817,0,0.0063566905446350574
ACH-002846,0,0.008926764130592346
ACH-000248,1,0.9936290383338928
ACH-000943,0,0.10494545847177505
ACH-000751,1,0.9845385551452637
ACH-001696,1,0.9511119723320007
ACH-002936,1,0.14730174839496613
ACH-001016,1,0.8684341907501221
ACH-000282,0,0.9951717257499695
ACH-003438,1,0.8892079591751099
ACH-002215,0,0.15404708683490753
ACH-000261,1,0.9850165843963623
ACH-000164,1,0.956277072429657
ACH-001793,0,0.09364990890026093
ACH-000262,0,0.13421323895454407
ACH-000158,0,0.04019833356142044
ACH-000773,0,0.46799901127815247
ACH-000722,1,0.9661955237388611
ACH-000857,1,0.9947800636291504
ACH-001129,1,0.9556592702865601
ACH-001619,1,0.962648332118988
ACH-000184,0,0.022513601928949356
ACH-000329,0,0.6479812860488892
ACH-001569,1,0.8032364845275879
ACH-002544,1,0.9117671847343445
ACH-002675,1,0.7143059372901917
ACH-000814,0,0.030750058591365814
ACH-002499,1,0.9926589131355286
ACH-001493,1,0.4102378189563751
ACH-001701,1,0.6088283061981201
ACH-000197,1,0.9822140336036682
ACH-000545,1,0.9623380303382874
ACH-000949,1,0.9168601036071777
ACH-000124,0,0.10658618062734604
ACH-000560,0,0.9569796323776245
ACH-000897,1,0.9964129328727722
ACH-001626,1,0.9846929311752319
ACH-000619,1,0.995917022228241
ACH-001973,1,0.29222434759140015
ACH-001340,1,0.993878960609436
ACH-000546,1,0.9843906760215759
ACH-001709,1,0.4127894341945648
ACH-002018,0,0.16897395253181458
ACH-000153,0,0.024715138599276543
ACH-000526,0,0.12718403339385986
ACH-000116,1,0.9978067278862
ACH-000815,0,0.010180396027863026
ACH-001270,0,0.6705586910247803
ACH-002523,1,0.9449917078018188
ACH-000324,0,0.01772370934486389
ACH-001949,0,0.0019671162590384483
ACH-001561,0,0.004658789839595556
ACH-000842,1,0.9252399802207947
ACH-000898,0,0.8297106027603149
ACH-000517,1,0.9474181532859802
ACH-001980,0,0.03180203214287758
ACH-001415,1,0.982945442199707
ACH-000681,0,0.0882524624466896
ACH-001310,0,0.016440032050013542
ACH-000070,0,0.1317194253206253
ACH-000484,1,0.9651408791542053
ACH-003426,0,0.0016331643564626575
ACH-000108,1,0.9802417755126953
ACH-000808,1,0.8877696990966797
ACH-000656,1,0.9454881548881531
ACH-000166,1,0.9674267768859863
ACH-000997,1,0.896575927734375
ACH-000866,1,0.983207106590271
ACH-000819,1,0.9921815395355225
ACH-000226,0,0.30974969267845154
ACH-000087,1,0.9549069404602051
ACH-000340,1,0.04946307837963104
ACH-002005,1,0.015614605508744717
ACH-001680,1,0.7219509482383728
ACH-000758,1,0.937804639339447
ACH-000196,1,0.9962679743766785
ACH-003141,0,0.004406212363392115
ACH-000258,0,0.5796361565589905
ACH-000163,1,0.9764190912246704
ACH-000076,1,0.9641497731208801
ACH-000509,1,0.9748289585113525
ACH-001193,1,0.9568077325820923
ACH-000571,1,0.9404893517494202
ACH-000391,1,0.9736443161964417
ACH-000293,1,0.9968430995941162
ACH-003138,0,0.001972413621842861
ACH-000532,1,0.9979939460754395
ACH-000584,1,0.9981110095977783
ACH-001690,1,0.9985124468803406
ACH-000586,1,0.9883684515953064
ACH-000944,1,0.9737766981124878
ACH-003149,0,0.00399414636194706
ACH-000561,1,0.9185256361961365
ACH-001648,0,0.8630204796791077
ACH-000394,0,0.9928183555603027
ACH-000954,1,0.9782794117927551
ACH-000204,1,0.9198240637779236
ACH-000160,0,0.038826022297143936
ACH-003460,1,0.9278385639190674
ACH-000989,0,0.9112302660942078
ACH-001347,1,0.9820459485054016
ACH-000691,1,0.988784909248352
ACH-000268,1,0.9888101816177368
ACH-001209,0,0.05339118093252182
ACH-003456,0,0.0017767248209565878
ACH-000119,0,0.01609618216753006
ACH-000379,1,0.9936503767967224
ACH-001341,0,0.7696111798286438
ACH-000714,0,0.9695864319801331
ACH-000937,1,0.9351289868354797
ACH-000763,0,0.25100281834602356
ACH-002834,0,0.3236410915851593
ACH-001673,1,0.9895805716514587
ACH-000326,1,0.9758813977241516
ACH-000300,0,0.9891812205314636
ACH-002994,0,0.06174824759364128
ACH-000901,1,0.241382896900177
ACH-000816,1,0.9954763054847717
ACH-000641,1,0.9788581728935242
ACH-000511,0,0.9938274025917053
ACH-002077,1,0.9432355761528015
ACH-000583,1,0.9768530130386353
ACH-000836,1,0.9964002370834351
ACH-000975,1,0.9756233096122742
ACH-000109,1,0.9797232747077942
ACH-000467,1,0.9861642718315125
ACH-000712,1,0.9878345727920532
ACH-000671,1,0.9745454788208008
ACH-000523,1,0.9730567932128906
ACH-000864,1,0.6922251582145691
ACH-000726,1,0.9979957342147827
ACH-000136,0,0.4061278700828552
ACH-002067,1,0.011928879655897617
ACH-000440,1,0.9978187084197998
ACH-002539,1,0.9562541842460632
ACH-001461,0,0.2177264392375946
ACH-000890,1,0.9276620149612427
ACH-001692,0,0.920750617980957
ACH-000027,0,0.03989622741937637
ACH-000562,1,0.9566769003868103
ACH-000748,0,0.16852489113807678
ACH-001669,1,0.6613729000091553
ACH-000834,1,0.9611524343490601
ACH-000565,1,0.9924710988998413
ACH-000449,0,0.08419052511453629
ACH-000399,1,0.7938319444656372
ACH-002080,0,0.02766934037208557
ACH-000770,1,0.9722251892089844
ACH-000710,0,0.9764791131019592
ACH-000507,1,0.9503171443939209
ACH-000066,1,0.9834964275360107
ACH-000022,1,0.9768151044845581
ACH-001668,0,0.24203422665596008
ACH-000334,1,0.7383208274841309
ACH-000374,1,0.9970912933349609
ACH-000519,1,0.7675191164016724
ACH-000908,0,0.0717485100030899
ACH-002003,0,0.022061148658394814
ACH-000574,1,0.9952824711799622
ACH-000148,1,0.3431146442890167
ACH-002461,1,0.004497888498008251
ACH-000646,0,0.804450273513794
ACH-000314,1,0.951565146446228
ACH-001705,1,0.9951053857803345
ACH-000040,1,0.653639554977417
ACH-001057,0,0.1950017362833023
ACH-000430,1,0.9390102624893188
ACH-001041,1,0.6811935305595398
ACH-001988,0,0.1718396693468094
ACH-001977,0,0.003295829053968191
ACH-000370,1,0.13754934072494507
ACH-001630,1,0.9858309626579285
ACH-000437,1,0.9951600432395935
ACH-000498,1,0.981278657913208
ACH-001392,1,0.6844850182533264
ACH-000503,1,0.9977554678916931
ACH-002778,0,0.11035118997097015
ACH-000328,1,0.968596875667572
ACH-000403,1,0.9834256768226624
ACH-000400,0,0.888934314250946
ACH-000224,0,0.0016956949839368463
ACH-000318,1,0.991847038269043
ACH-003472,0,0.01581612601876259
ACH-001430,0,0.05685851722955704
ACH-000928,0,0.2678816616535187
ACH-000893,1,0.8764300346374512
ACH-000889,1,0.6759416460990906
ACH-000799,0,0.024302873760461807
ACH-001623,1,0.874871015548706
ACH-000736,1,0.9407569169998169
ACH-000876,1,0.9924442172050476
ACH-001232,1,0.7281378507614136
ACH-001618,1,0.9525375962257385
ACH-001828,0,0.002180428709834814
ACH-002650,1,0.9520522952079773
ACH-000235,1,0.9695916175842285
ACH-000381,1,0.9970073103904724
ACH-001993,1,0.05540454387664795
ACH-001301,0,0.010976796969771385
ACH-000854,0,0.9471586346626282
ACH-000187,1,0.9623975157737732
ACH-000543,1,0.9913182258605957
ACH-000569,0,0.014878319576382637
ACH-000668,1,0.9967165589332581
ACH-000134,0,0.00466368580237031
ACH-000924,1,0.9953845143318176
ACH-003473,1,0.9695097804069519
ACH-001450,1,0.9469866156578064
ACH-000296,1,0.9830964803695679
ACH-002034,0,0.3355344533920288
ACH-002781,0,0.010999161750078201
ACH-000713,1,0.99755859375
ACH-001360,0,0.27597540616989136
ACH-002921,0,0.17399677634239197
ACH-000273,1,0.9921973347663879
ACH-001715,0,0.8562654256820679
ACH-001617,1,0.9836416244506836
ACH-000639,1,0.9954854846000671
ACH-000590,1,0.9960505366325378
ACH-000553,1,0.9948908090591431
ACH-000084,0,0.7287225127220154
ACH-000094,1,0.997612714767456
ACH-000361,0,0.047528862953186035
ACH-000719,0,0.06981170922517776
ACH-001396,1,0.9395722150802612
ACH-001848,0,0.48749345541000366
ACH-000339,1,0.944482684135437
ACH-002048,0,0.021298207342624664
ACH-000218,1,0.8614290356636047
ACH-002486,1,0.9819520115852356
ACH-002711,0,0.05126606673002243
ACH-000789,1,0.9971718192100525
ACH-000413,0,0.0017642370657995343
ACH-000125,0,0.014170041307806969
ACH-000180,1,0.005902380682528019
ACH-000215,1,0.7344741225242615
ACH-001001,1,0.957676112651825
ACH-000407,1,0.9543931484222412
ACH-002170,1,0.9268161058425903
ACH-002027,0,0.158416748046875
ACH-001132,1,0.13829712569713593
ACH-001278,0,0.015219299122691154
ACH-000032,0,0.05772148445248604
ACH-003108,1,0.1837230771780014
ACH-001419,1,0.9963245987892151
ACH-000494,0,0.0736125111579895
ACH-000865,1,0.9956884980201721
ACH-000439,1,0.8053119778633118
ACH-001523,1,0.9848284125328064
ACH-001983,0,0.004177268128842115
ACH-000024,1,0.5998908281326294
ACH-000674,0,0.18516097962856293
ACH-000670,1,0.9935467839241028
ACH-000599,1,0.9452465772628784
ACH-000263,1,0.9497799873352051
ACH-003191,0,0.5176636576652527
ACH-000303,1,0.9972489476203918
ACH-001551,1,0.9426108598709106
ACH-002795,0,0.007161422166973352
ACH-000793,0,0.9928514957427979
ACH-002511,0,0.06971792876720428
ACH-000286,1,0.9970075488090515
ACH-000250,1,0.8312275409698486
ACH-000139,0,0.9944664835929871
ACH-001735,1,0.884791374206543
ACH-002013,0,0.0036482533905655146
ACH-001389,1,0.5189059376716614
ACH-001183,1,0.9761285781860352
ACH-000551,1,0.9801198840141296
ACH-003101,0,0.014202204532921314
ACH-001163,1,0.9814082980155945
ACH-000037,1,0.9454098343849182
ACH-000744,1,0.9958739876747131
ACH-000420,1,0.7685113549232483
ACH-000336,0,0.5908250212669373
ACH-000486,0,0.840747594833374
ACH-000679,1,0.9939371347427368
ACH-001557,0,0.23886537551879883
ACH-000247,0,0.6603671908378601
ACH-000947,1,0.28136196732521057
ACH-000807,1,0.8871375918388367
ACH-000476,1,0.9811933040618896
ACH-000525,1,0.9924814701080322
ACH-003154,0,0.1475454866886139
ACH-001148,0,0.965789258480072
ACH-003455,0,0.00706790667027235
ACH-000853,1,0.9476338028907776
ACH-000083,0,0.008028044365346432
ACH-000479,0,0.10204686224460602
ACH-000230,0,0.007277662865817547
ACH-001664,1,0.16022995114326477
ACH-002705,1,0.9905169606208801
ACH-002937,0,0.011977965012192726
ACH-000955,1,0.9393715858459473
ACH-000049,0,0.0669499859213829
ACH-000675,1,0.7995355129241943
ACH-000199,0,0.0030915401875972748
ACH-000193,1,0.8060340285301208
ACH-001686,1,0.841609001159668
ACH-000538,0,0.2078443467617035
ACH-002490,1,0.9886910915374756
ACH-001683,1,0.9192028045654297
ACH-001990,1,0.8914055228233337
ACH-001438,0,0.002988463966175914
ACH-001647,1,0.5191558599472046
ACH-002043,1,0.9540386199951172
ACH-001649,0,0.8782929182052612
ACH-000155,1,0.3929857611656189
ACH-000270,1,0.9929251670837402
ACH-003106,0,0.05131341889500618
ACH-003177,1,0.23585861921310425
ACH-000683,1,0.9931464791297913
ACH-002017,0,0.11060889810323715
ACH-000655,1,0.8369467258453369
ACH-000145,1,0.9294009208679199
ACH-001495,1,0.9928655624389648
ACH-000188,1,0.9542794823646545
ACH-003458,1,0.8701781034469604
ACH-000080,0,0.018419748172163963
ACH-000146,1,0.9270098805427551
ACH-000415,1,0.9949994087219238
ACH-001518,1,0.992218017578125
ACH-002290,0,0.10320613533258438
ACH-000891,1,0.9105002284049988
ACH-001625,1,0.9644191861152649
ACH-001985,1,0.8863222002983093
ACH-000895,1,0.926312267780304
ACH-000851,1,0.9962257146835327
ACH-000824,1,0.9914072155952454
ACH-000506,1,0.9779199361801147
ACH-001427,0,0.6527780294418335
ACH-000540,0,0.020199239253997803
ACH-000061,1,0.9655283689498901
ACH-000185,0,0.015046494081616402
ACH-000568,0,0.8274076581001282
ACH-000707,1,0.9818350076675415
ACH-000603,1,0.9809131026268005
ACH-000983,1,0.9372225999832153
ACH-000541,1,0.9583258032798767
ACH-000680,1,0.9856319427490234
ACH-002460,0,0.0024838356766849756
ACH-000111,1,0.9555006623268127
ACH-002463,1,0.1281280368566513
ACH-000369,1,0.9876377582550049
ACH-002928,0,0.0352083183825016
ACH-000618,1,0.9830975532531738
ACH-000470,1,0.9956985712051392
ACH-003150,0,0.006734372582286596
ACH-002039,1,0.9436540603637695
ACH-000118,1,0.9929947257041931
ACH-000614,0,0.007470561191439629
ACH-001338,0,0.19089436531066895
ACH-000432,0,0.04437766969203949
ACH-000556,0,0.05353092774748802
ACH-001804,1,0.18777996301651
ACH-001386,1,0.8709728121757507
ACH-001060,1,0.4748740792274475
ACH-001525,1,0.971606433391571
ACH-001539,1,0.7475605010986328
ACH-000014,0,0.01833868771791458
ACH-002785,0,0.7919098734855652
ACH-000637,1,0.9973779916763306
ACH-002693,1,0.5970658659934998
ACH-001855,0,0.3270226716995239
ACH-000455,1,0.9675059914588928
ACH-000389,0,0.03967299684882164
ACH-002710,1,0.24938282370567322
ACH-000129,0,0.31681472063064575
ACH-000490,0,0.8963356614112854
ACH-000434,1,0.9929841756820679
ACH-001086,0,0.8579868674278259
ACH-002042,1,0.06676574051380157
ACH-000597,0,0.003682350507006049
ACH-000756,1,0.9773514866828918
ACH-000396,1,0.9504700303077698
ACH-003148,0,0.01184620801359415
ACH-000089,1,0.8417426943778992
ACH-002478,0,0.027875451371073723
ACH-000371,1,0.9878801703453064
ACH-000265,0,0.9631473422050476
ACH-000132,1,0.9894052147865295
ACH-000216,1,0.984370768070221
ACH-000613,1,0.9133405089378357
ACH-000855,1,0.8892239332199097
ACH-000906,1,0.911870539188385
ACH-000348,1,0.9702697992324829
ACH-001100,1,0.5082491636276245
ACH-000238,1,0.9954307079315186
ACH-000237,1,0.958361029624939
ACH-003099,1,0.9480582475662231
ACH-000393,1,0.8645198345184326
ACH-003107,0,0.08015509694814682
ACH-000623,1,0.9152564406394958
ACH-000359,0,0.8177186250686646
ACH-001028,1,0.06434696167707443
ACH-000621,1,0.9966378211975098
ACH-001641,1,0.99639493227005
ACH-000056,0,0.5768214464187622
ACH-000483,1,0.8942927122116089
ACH-003308,0,0.11145997792482376
ACH-000514,1,0.9867891669273376
ACH-000051,0,0.11713001132011414
ACH-003433,1,0.9858337044715881
ACH-000043,0,0.002894012490287423
ACH-000936,1,0.9963304400444031
ACH-000716,1,0.9907026290893555
ACH-000988,1,0.9702829122543335
ACH-000952,0,0.10051482915878296
ACH-001350,1,0.9860073924064636
ACH-000065,0,0.03703422471880913
ACH-000609,0,0.9790977835655212
ACH-001411,1,0.9908455014228821
ACH-000504,1,0.9840449094772339
ACH-002677,1,0.38173624873161316
ACH-000956,1,0.878426730632782
ACH-001712,1,0.002738068113103509
ACH-000652,1,0.9933886528015137
ACH-000414,0,0.3348654508590698
ACH-000472,1,0.8696100115776062
ACH-000007,0,0.565727174282074
ACH-000446,0,0.0033355718478560448
ACH-003071,1,0.9826062917709351
ACH-000386,1,0.9580665230751038
ACH-001850,1,0.2590692639350891
ACH-000755,0,0.057553380727767944
ACH-001503,0,0.276114284992218
ACH-000028,0,0.18617258965969086
ACH-000665,1,0.97807776927948
ACH-001679,0,0.1150369718670845
ACH-000078,0,0.020586537197232246
ACH-002046,1,0.7919715642929077
ACH-000397,1,0.9901054501533508
ACH-003145,0,0.0029271214734762907
ACH-000229,0,0.011842028237879276
ACH-002925,0,0.0037604407407343388
ACH-000518,1,0.9959908127784729
ACH-001566,0,0.0019732839427888393
ACH-000252,1,0.5059194564819336
ACH-000572,0,0.07526956498622894
ACH-001605,1,0.8467420935630798
ACH-002522,1,0.8414920568466187
ACH-000277,1,0.6717702746391296
ACH-001239,0,0.245632603764534
ACH-000786,1,0.9778205156326294
ACH-000803,1,0.9915837049484253
ACH-001970,0,0.019648725166916847
ACH-002038,1,0.9690918326377869
ACH-000537,1,0.9687730669975281
ACH-002660,1,0.9960483908653259
ACH-002806,1,0.9213725924491882
ACH-000419,1,0.9632758498191833
ACH-002782,0,0.6120426058769226
ACH-000724,1,0.9667794704437256
ACH-000522,1,0.8978615403175354
ACH-001549,1,0.7207786440849304
ACH-000706,1,0.9918755292892456
ACH-000737,0,0.5430994033813477
ACH-000548,1,0.9680413603782654
ACH-001839,0,0.017602575942873955
ACH-001799,0,0.13116790354251862
ACH-001573,1,0.6368230581283569
ACH-002946,0,0.1381518542766571
ACH-000425,0,0.006804002448916435
ACH-003103,0,0.03908026963472366
ACH-000375,0,0.0027835816144943237
ACH-000753,1,0.9935740828514099
ACH-000275,0,0.006623312830924988
ACH-000735,0,0.9956430196762085
ACH-000654,1,0.9728116989135742
ACH-001067,0,0.006410949397832155
ACH-000170,0,0.5470283031463623
ACH-001394,1,0.993135929107666
ACH-001433,1,0.7815051078796387
ACH-000404,0,0.025249330326914787
ACH-000882,0,0.6126143336296082
ACH-001509,1,0.9896672964096069
ACH-000210,0,0.24690461158752441
ACH-000254,1,0.9958047270774841
ACH-000604,1,0.9498080611228943
ACH-000090,1,0.9662370085716248
ACH-000195,1,0.978923499584198
ACH-001791,0,0.14874966442584991
ACH-001650,0,0.6189440488815308
ACH-000605,1,0.9921160340309143
ACH-000458,1,0.9591888189315796
ACH-003121,1,0.9711369276046753
ACH-003125,1,0.932710587978363
ACH-002084,0,0.12306824326515198
ACH-000004,1,0.9542866349220276
ACH-000251,1,0.9939125776290894
ACH-000241,0,0.014720574952661991
ACH-001194,1,0.755445122718811
ACH-001987,0,0.039199575781822205
ACH-002055,1,0.41061314940452576
ACH-002689,0,0.03099965490400791
ACH-001443,1,0.7595798373222351
ACH-000688,1,0.9810560345649719
ACH-000405,1,0.9135777354240417
ACH-000821,1,0.8653374314308167
ACH-001677,0,0.5136991739273071
ACH-002526,1,0.4062417149543762
ACH-001627,0,0.7990298271179199
ACH-000951,1,0.9949617385864258
ACH-001036,0,0.9765912294387817
ACH-002792,1,0.08301035314798355
ACH-000547,0,0.3340168595314026
ACH-000826,1,0.9678031206130981
ACH-001986,0,0.007343187928199768
ACH-001147,1,0.7628767490386963
ACH-002927,0,0.009482107125222683
ACH-002470,1,0.6599275469779968
ACH-000162,1,0.9860028028488159
ACH-003139,0,0.07946254312992096
ACH-001751,0,0.034177910536527634
ACH-000018,1,0.9201481342315674
ACH-000721,1,0.8033599853515625
ACH-000003,0,0.993656575679779
ACH-000092,0,0.9648100733757019
ACH-000669,1,0.9729238748550415
ACH-001099,0,0.002105675172060728
ACH-000648,0,0.06563777476549149
ACH-000950,0,0.8486014604568481
ACH-000050,0,0.5524348020553589
ACH-001106,1,0.5644334554672241
ACH-002051,1,0.9536037445068359
ACH-000367,0,0.00450720963999629
ACH-000589,1,0.9959052801132202
ACH-000564,0,0.8289743065834045
ACH-001522,0,0.03163237124681473
ACH-000831,1,0.7170671224594116
ACH-000424,1,0.7768847942352295
ACH-000409,1,0.9701850414276123
ACH-000616,1,0.9185878038406372
ACH-000628,1,0.8692918419837952
ACH-000512,1,0.7644504904747009
ACH-000232,1,0.8818323016166687
ACH-000820,1,0.9880828261375427
ACH-001295,0,0.11035719513893127
ACH-001164,0,0.054661840200424194
ACH-000806,0,0.010966546833515167
ACH-002524,1,0.9936429262161255
ACH-000645,0,0.0070523531176149845
ACH-000099,0,0.007068639621138573
ACH-000902,1,0.6134458780288696
ACH-000649,1,0.36459457874298096
ACH-000086,0,0.9038359522819519
ACH-000149,0,0.012330135330557823
ACH-002538,1,0.9840198755264282
ACH-000142,1,0.9907517433166504
ACH-002535,1,0.9972400665283203
ACH-000227,0,0.010596837848424911
ACH-000697,0,0.5256585478782654
ACH-000942,1,0.8984135985374451
ACH-000264,1,0.9964291453361511
ACH-000809,1,0.9983977675437927
ACH-000093,0,0.3020986020565033
ACH-000100,1,0.9707556366920471
ACH-001445,1,0.9577203989028931
ACH-000060,1,0.9939495325088501
ACH-000001,1,0.9969266057014465
ACH-000957,0,0.3557882010936737
ACH-000650,1,0.8498525619506836
ACH-001096,0,0.46862146258354187
ACH-002799,0,0.8365740180015564
ACH-002404,1,0.887907862663269
ACH-000239,1,0.9508086442947388
ACH-000762,1,0.9223898649215698
ACH-000922,0,0.14453871548175812
ACH-002784,1,0.7670618295669556
ACH-002653,0,0.07936111837625504
ACH-000859,1,0.9982748031616211
ACH-000990,1,0.05938426032662392
ACH-000410,0,0.9706459641456604
ACH-001971,0,0.0020881977397948503
ACH-000927,1,0.5581102967262268
ACH-001853,0,0.8550273776054382
ACH-001978,0,0.0007829163805581629
ACH-000694,1,0.9975523352622986
ACH-000935,0,0.033978428691625595
ACH-000918,1,0.8416945338249207
ACH-001984,0,0.06482138484716415
ACH-000761,1,0.9560084342956543
ACH-001563,0,0.03951927274465561
ACH-000974,0,0.2297094613313675
ACH-000297,1,0.9944515824317932
ACH-001719,1,0.9675575494766235
ACH-000243,1,0.9780046343803406
ACH-001418,1,0.99747234582901
ACH-000362,0,0.18629194796085358
ACH-000843,1,0.9981729984283447
ACH-002052,1,0.982026994228363
ACH-000840,1,0.9980731010437012
ACH-001852,1,0.9840738773345947
ACH-001528,0,0.019728947430849075
ACH-001656,1,0.8218832612037659
ACH-000016,0,0.01849888637661934
ACH-000165,0,0.011876348406076431
ACH-001460,1,0.9982427358627319
ACH-000592,1,0.9208822846412659
ACH-001192,1,0.8695254921913147
ACH-000045,0,0.01693144626915455
ACH-000741,1,0.9975128173828125
ACH-000912,1,0.9758883118629456
ACH-000529,0,0.029288850724697113
ACH-000508,1,0.997066080570221
ACH-000577,1,0.9398467540740967
ACH-000768,1,0.8409712314605713
ACH-000636,1,0.9389699101448059
ACH-000667,1,0.9928007125854492
ACH-000905,1,0.9405834078788757
ACH-001494,1,0.9635844826698303
ACH-000387,1,0.9970796704292297
ACH-002510,0,0.011852355673909187
ACH-001303,0,0.03815873712301254
ACH-000026,0,0.0034334962256252766
ACH-000838,0,0.06058526039123535
ACH-001172,1,0.40691420435905457
ACH-000822,0,0.018013594672083855
ACH-000531,0,0.004790543112903833
ACH-000349,0,0.2930426299571991
ACH-000527,0,0.4040188193321228
ACH-000279,1,0.9921884536743164
ACH-000516,1,0.8950855135917664
ACH-001662,1,0.918204128742218
ACH-000812,1,0.05618021637201309
ACH-003157,0,0.014346965588629246
ACH-003464,0,0.9219798445701599
ACH-001300,0,0.010933985002338886
ACH-000524,1,0.9954085946083069
ACH-000611,1,0.9834814667701721
ACH-002419,0,0.014212734997272491
ACH-000411,0,0.005953576881438494
ACH-000718,1,0.9904198050498962
ACH-000903,1,0.9900396466255188
ACH-002021,0,0.057843126356601715
ACH-000433,0,0.003582909470424056
ACH-000499,1,0.8683697581291199
ACH-000278,1,0.9970648884773254
ACH-000202,1,0.9933433532714844
ACH-001736,1,0.6379466652870178
ACH-001379,1,0.9974924325942993
ACH-002070,1,0.021458612754940987
ACH-002794,1,0.38306504487991333
ACH-000128,1,0.9752776622772217
ACH-002528,0,0.016365500167012215
ACH-000696,1,0.8960273265838623
ACH-000041,1,0.9925582408905029
ACH-000214,0,0.0035001670476049185
ACH-000747,1,0.9809633493423462
ACH-001307,1,0.9322227239608765
ACH-000341,1,0.2951291799545288
ACH-001740,1,0.028960267081856728
ACH-000417,0,0.9945583343505859
ACH-001393,1,0.966069221496582
ACH-000120,0,0.05456933006644249
ACH-001694,1,0.991323709487915
ACH-001542,1,0.9983932375907898
ACH-002509,0,0.00857399869710207
ACH-000438,1,0.9182595014572144
ACH-001366,1,0.08072306960821152
ACH-000653,0,0.8396090865135193
ACH-000839,1,0.9957631826400757
ACH-000673,1,0.5552615523338318
ACH-001524,1,0.9906554818153381
ACH-000069,0,0.013081959448754787
ACH-002996,1,0.8649188876152039
ACH-003142,0,0.08847475796937943
ACH-000323,1,0.9830066561698914
ACH-000021,1,0.9837508797645569
ACH-001863,1,0.976010799407959
ACH-001996,1,0.8681842684745789
ACH-000980,1,0.9944158792495728
ACH-000106,0,0.004648252855986357
ACH-003156,0,0.7229040861129761
ACH-000734,1,0.9668298959732056
ACH-000845,1,0.9763792157173157
ACH-001982,0,0.01157695334404707
ACH-000730,0,0.12291423976421356
ACH-001334,0,0.5312243700027466
ACH-000698,1,0.9919153451919556
ACH-000802,1,0.9613563418388367
ACH-001836,1,0.9961642026901245
ACH-000573,1,0.9851941466331482
ACH-001699,1,0.9976789355278015
ACH-000963,1,0.2538163661956787
ACH-001567,0,0.0035237197298556566
ACH-001653,1,0.9747737050056458
ACH-000852,1,0.993541955947876
ACH-001862,0,0.6473023295402527
ACH-001976,0,0.022432031109929085
ACH-002665,1,0.9697697162628174
ACH-003153,0,0.20444035530090332
ACH-000661,0,0.03413430601358414
ACH-001500,1,0.7949424386024475
ACH-001190,1,0.9059234857559204
ACH-002467,0,0.14825986325740814
ACH-000364,0,0.6554853320121765
ACH-000448,0,0.4160121977329254
ACH-000979,1,0.9828936457633972
ACH-000932,0,0.18546168506145477
ACH-000783,1,0.9030329585075378
ACH-002044,1,0.994621753692627
ACH-000301,1,0.7443943023681641
ACH-002459,0,0.03151453658938408
ACH-000976,1,0.9839203953742981
ACH-001516,0,0.9757062196731567
ACH-001354,1,0.8678672909736633
ACH-001645,0,0.1365581750869751
ACH-003135,0,0.050929997116327286
ACH-000867,1,0.9888741970062256
ACH-000304,0,0.03691858425736427
ACH-002069,0,0.14145109057426453
ACH-000931,0,0.9295639395713806
ACH-001374,0,0.4840083420276642
ACH-000302,1,0.9925260543823242
ACH-000305,1,0.9168090224266052
ACH-000072,1,0.9952183365821838
ACH-000766,1,0.9975922703742981
ACH-000533,0,0.04001077637076378
ACH-000343,1,0.9315758943557739
ACH-001437,0,0.035124972462654114
ACH-000171,1,0.8983909487724304
ACH-003475,1,0.9594825506210327
ACH-000173,1,0.9003771543502808
ACH-000535,1,0.9198724031448364
ACH-000774,1,0.9723395705223083
ACH-000178,0,0.9857859015464783
ACH-001306,1,0.9558497071266174
ACH-000994,1,0.9743875861167908
ACH-001188,0,0.6954744458198547
ACH-000372,0,0.9329221248626709
ACH-002886,0,0.5429510474205017
ACH-000804,0,0.019406337291002274
ACH-000011,0,0.00441425247117877
ACH-000733,1,0.9742635488510132
ACH-001603,0,0.01269840169698
ACH-000829,0,0.033014897257089615
ACH-000141,1,0.9869764447212219
ACH-000810,1,0.9609559178352356
ACH-001994,1,0.9720258116722107
ACH-001145,1,0.9860746264457703
ACH-000717,1,0.9918776750564575
ACH-000738,1,0.9851722717285156
ACH-001843,0,0.007482627406716347
ACH-002664,1,0.9777712821960449
ACH-000780,1,0.8239046335220337
ACH-001548,0,0.8582198619842529
ACH-000759,0,0.6224158406257629
ACH-001555,0,0.014341101050376892
ACH-001369,1,0.038316939026117325
ACH-000969,1,0.9939340949058533
ACH-000873,1,0.9937037825584412
ACH-001275,0,0.12733334302902222
ACH-002654,1,0.9969677329063416
ACH-002435,0,0.006176348775625229
ACH-001972,0,0.05637376755475998
ACH-000921,1,0.9958386421203613
ACH-003470,1,0.735066294670105
ACH-001953,0,0.013500207103788853
ACH-002843,0,0.03275803476572037
ACH-001373,1,0.9944832921028137
ACH-002800,0,0.7670427560806274
ACH-001022,0,0.7231357097625732
ACH-000082,0,0.9644954204559326
ACH-003105,0,0.0035392092540860176
ACH-000488,1,0.9990037083625793
ACH-000790,1,0.9588239789009094
ACH-000172,0,0.06141079217195511
ACH-000647,1,0.9106332659721375
ACH-000602,0,0.7961415648460388
ACH-003181,0,0.010468295775353909
ACH-002681,1,0.8928080797195435
ACH-001465,0,0.055453792214393616
ACH-003012,0,0.0036366465501487255
ACH-000156,0,0.0300259068608284
ACH-002001,0,0.0070612807758152485
ACH-000315,1,0.991696834564209
ACH-001678,0,0.20479798316955566
ACH-002446,1,0.5895405411720276
ACH-000201,0,0.7618708610534668
ACH-000435,1,0.9993211030960083
ACH-000965,1,0.7560961246490479
ACH-001550,1,0.7090662717819214
ACH-002026,0,0.031625811010599136
ACH-000883,1,0.9843822121620178
ACH-000482,1,0.9471578598022461
ACH-000450,0,0.026949549093842506
ACH-002672,1,0.9924072623252869
ACH-000835,1,0.9725324511528015
ACH-002431,0,0.021229783073067665
ACH-001802,0,0.031845878809690475
ACH-000629,0,0.03571978583931923
ACH-000715,1,0.9935029149055481
ACH-000870,1,0.9825665354728699
ACH-000910,0,0.9191560745239258
ACH-000779,1,0.9957389831542969
ACH-000140,0,0.9946833252906799
ACH-001196,1,0.9127309322357178
ACH-001484,0,0.004129316192120314
ACH-000693,1,0.9979762434959412
ACH-000811,1,0.9477683901786804
ACH-000423,1,0.8917887210845947
ACH-000290,1,0.9977728724479675
ACH-001847,0,0.05651048570871353
ACH-000492,0,0.008259406313300133
ACH-001519,0,0.031107190996408463
ACH-000110,1,0.9427875876426697
ACH-001497,1,0.9814057946205139
ACH-000102,1,0.93748939037323
ACH-000817,1,0.9637311697006226
ACH-001556,0,0.6945620179176331
ACH-000964,0,0.702461838722229
ACH-000378,1,0.9880532026290894
ACH-000913,1,0.7394914031028748
ACH-000575,0,0.9335877299308777
ACH-000634,1,0.9925373196601868
ACH-002291,0,0.0873739942908287
ACH-001322,0,0.04872610419988632
ACH-002924,0,0.0035574648063629866
ACH-000767,1,0.9197848439216614
ACH-001642,0,0.8425725102424622
ACH-001552,1,0.7154350280761719
ACH-000451,1,0.987246036529541
ACH-000879,1,0.9883026480674744
ACH-001842,1,0.9869630932807922
ACH-002662,1,0.9979413151741028
ACH-001032,1,0.8897333741188049
ACH-000982,0,0.8709529042243958
ACH-001636,1,0.9496444463729858
ACH-000189,0,0.03865602985024452
ACH-000454,1,0.9816927909851074
ACH-000131,0,0.015834040939807892
ACH-000660,0,0.9980705380439758
ACH-001197,1,0.47443726658821106
ACH-000915,1,0.955756425857544
ACH-000480,1,0.9571040272712708
ACH-000745,0,0.03163914754986763
ACH-000161,0,0.08061826974153519
ACH-000395,1,0.9943884015083313
ACH-001459,1,0.9514284729957581
ACH-000916,1,0.9931784868240356
ACH-001609,1,0.7965841889381409
ACH-001960,1,0.9879655241966248
ACH-002648,1,0.9936785101890564
ACH-001856,0,0.0318811871111393
ACH-003158,0,0.26343563199043274
ACH-002433,1,0.049262162297964096
ACH-000295,1,0.8419223427772522
ACH-001485,0,0.021048402413725853
ACH-003269,0,0.02603267692029476
ACH-000292,1,0.9416045546531677
ACH-000137,1,0.9724760055541992
ACH-000308,1,0.990483283996582
ACH-000445,1,0.9375369548797607
ACH-001229,0,0.9397997260093689
ACH-000144,1,0.9893813133239746
ACH-000837,1,0.9739262461662292
ACH-000048,1,0.9861230850219727
ACH-000463,0,0.41727161407470703
ACH-000881,0,0.07292331755161285
ACH-000388,1,0.13195346295833588
ACH-001992,1,0.11864908784627914
ACH-000147,1,0.9123151302337646
ACH-000930,1,0.9929918050765991
ACH-000899,0,0.003495626151561737
ACH-000366,1,0.9641165137290955
ACH-001571,0,0.05871487408876419
ACH-001526,0,0.08761827647686005
ACH-000064,0,0.14405515789985657
ACH-001329,0,0.4820079505443573
ACH-001676,1,0.8516073822975159
ACH-000418,1,0.23811198770999908
ACH-001280,1,0.07625055313110352
ACH-002922,1,0.9163482189178467
ACH-000861,1,0.9666321873664856
ACH-000692,1,0.983767032623291
ACH-003137,0,0.13167358934879303
ACH-000107,1,0.9847267866134644
ACH-000133,1,0.7915422320365906
ACH-000306,0,0.04577932506799698
ACH-001530,0,0.02710641734302044
ACH-000651,1,0.9895918965339661
ACH-000563,1,0.9899673461914062
ACH-000058,1,0.8955322504043579
ACH-000345,0,0.056859273463487625
ACH-000316,1,0.5502930879592896
ACH-000884,1,0.9921326041221619
ACH-000289,0,0.05123532935976982
ACH-001451,0,0.1210114136338234
ACH-003459,1,0.9521223306655884
ACH-002440,0,0.9684029817581177
ACH-000355,1,0.9947956204414368
ACH-002926,0,0.004367434419691563
ACH-000962,1,0.9976378679275513
ACH-000473,1,0.9846845865249634
ACH-000192,1,0.9948204755783081
ACH-001624,0,0.023271571844816208
ACH-001989,0,0.04852117970585823
ACH-001807,0,0.03276379033923149
ACH-002532,1,0.9972684383392334
ACH-002466,0,0.017665129154920578
ACH-001344,0,0.011753653176128864
ACH-001684,0,0.21009306609630585
ACH-000757,0,0.511611819267273
ACH-000054,0,0.009917119517922401
ACH-001318,1,0.9915381669998169
ACH-000601,1,0.955394983291626
ACH-000635,1,0.9369584918022156
ACH-001857,1,0.9638304710388184
ACH-000966,1,0.06066300347447395
ACH-000630,1,0.9851804971694946
ACH-000225,1,0.9942078590393066
ACH-002047,0,0.009038502350449562
ACH-000657,0,0.6032559275627136
ACH-000624,1,0.998344898223877
ACH-000699,1,0.9967600703239441
ACH-000923,0,0.06573861837387085
ACH-000687,1,0.9585935473442078
ACH-000044,0,0.13410085439682007
ACH-000740,1,0.9976556301116943
ACH-000447,1,0.9963434338569641
ACH-000101,1,0.8024001121520996
ACH-001416,1,0.9743096232414246
ACH-000319,0,0.9969987869262695
ACH-000198,0,0.32508963346481323
ACH-000280,0,0.7165049910545349
ACH-003265,0,0.003560165408998728
ACH-000104,1,0.977017879486084
ACH-001835,1,0.9977865219116211
ACH-000892,0,0.014013617299497128
ACH-000493,1,0.980946958065033
ACH-000042,1,0.9957267045974731
ACH-002045,1,0.9991532564163208
ACH-000221,1,0.9878230094909668
ACH-000477,0,0.004822933115065098
ACH-000746,1,0.9953157901763916
ACH-000356,1,0.3472558856010437
ACH-000457,0,0.005563455168157816
ACH-000904,0,0.9869303703308105
ACH-002060,0,0.012349533848464489
ACH-003159,0,0.01162960659712553
ACH-001813,0,0.005174540914595127
ACH-000244,0,0.21574874222278595
ACH-000610,1,0.9708813428878784
ACH-000081,0,0.17657656967639923
ACH-003161,0,0.002954407362267375
ACH-000255,1,0.9600964784622192
ACH-001038,1,0.8124954700469971
ACH-000352,0,0.9864908456802368
ACH-002016,0,0.003204112406820059
ACH-000416,1,0.9926625490188599
ACH-000752,1,0.5510562062263489
ACH-000862,1,0.9813847541809082
ACH-000236,1,0.9921830296516418
ACH-000401,1,0.9484868049621582
ACH-000731,0,0.9911660552024841
ACH-000875,1,0.9366082549095154
ACH-000626,1,0.8229883909225464
ACH-000593,1,0.8952463865280151
ACH-000182,0,0.9933195114135742
ACH-000442,1,0.9888978600502014
ACH-000159,0,0.031507667154073715
ACH-000907,1,0.05059156194329262
ACH-000191,1,0.9940775632858276
ACH-000205,0,0.9897724986076355
ACH-000103,1,0.9960475564002991
ACH-000739,0,0.04336569085717201
ACH-001558,0,0.01033812016248703
ACH-000206,0,0.0061246296390891075
ACH-000841,1,0.9907025098800659
ACH-000615,1,0.9606132507324219
ACH-001613,0,0.4613955318927765
ACH-001608,1,0.879839301109314
ACH-000801,0,0.037960752844810486
ACH-000539,0,0.012420117855072021
ACH-000464,1,0.9965292811393738
ACH-000622,1,0.9824635982513428
ACH-000452,1,0.894903302192688
ACH-001390,1,0.9938463568687439
ACH-001401,1,0.9839566349983215
ACH-000365,1,0.9910065531730652
ACH-001431,0,0.9270932078361511
ACH-000475,1,0.9714251756668091
ACH-000860,0,0.9984484910964966
ACH-000074,1,0.9785019159317017
ACH-000377,1,0.9894763231277466
ACH-001562,0,0.005874994210898876
ACH-001693,1,0.932726263999939
ACH-003134,0,0.02220417931675911
ACH-000259,1,0.41843488812446594
ACH-001697,1,0.9784929156303406
ACH-002801,1,0.8578605055809021
ACH-001388,0,0.4208032786846161
ACH-001410,1,0.9651843309402466
ACH-002025,1,0.9838472008705139
ACH-002688,0,0.9441460967063904
ACH-000720,1,0.8576444983482361
ACH-000095,0,0.24847401678562164
ACH-001345,0,0.021146191284060478
ACH-000558,0,0.054548006504774094
ACH-000664,1,0.3737912178039551
ACH-000177,0,0.9478098154067993
ACH-001423,0,0.003842113073915243
ACH-000335,0,0.010932119563221931
ACH-000940,1,0.9742851853370667
ACH-003160,0,0.015344318933784962
ACH-000631,0,0.004629326984286308
ACH-000207,1,0.9979305267333984
ACH-000764,1,0.9376370310783386
ACH-000995,1,0.9235555529594421
ACH-000373,1,0.9870518445968628
ACH-000953,1,0.8346105217933655
ACH-000709,0,0.005493709817528725
ACH-003463,0,0.05561867728829384
ACH-000846,1,0.9952652454376221
ACH-001702,0,0.005641603842377663
ACH-000333,0,0.986523449420929
ACH-001708,0,0.1407281905412674
ACH-002059,0,0.40254339575767517
ACH-000929,1,0.9939562678337097
ACH-001395,0,0.9765645265579224
ACH-000948,0,0.7405023574829102
ACH-002015,0,0.0073590087704360485
ACH-000981,1,0.9762128591537476
ACH-000617,1,0.9973241090774536
ACH-000311,1,0.26021862030029297
ACH-001210,0,0.011425138451159
ACH-001834,1,0.9873063564300537
ACH-002010,0,0.0038698872085660696
ACH-003143,0,0.6384673118591309
ACH-000390,1,0.9926619529724121
ACH-000468,0,0.9754323363304138
ACH-002651,0,0.1284991204738617
ACH-001061,1,0.9846659898757935
ACH-000077,0,0.10215134173631668
ACH-000456,1,0.9947217702865601
ACH-002703,1,0.9985249638557434
ACH-000496,1,0.9963099360466003
ACH-002512,0,0.010267186909914017
ACH-000062,1,0.9982545971870422
ACH-002464,0,0.015395685099065304
ACH-000088,0,0.026260731741786003
ACH-000536,1,0.9985320568084717
ACH-000071,0,0.7712766528129578
ACH-002004,0,0.005699845030903816
ACH-000878,1,0.992752194404602
ACH-001380,1,0.9850594997406006
ACH-002061,1,0.5494552254676819
ACH-000385,0,0.014054842293262482
ACH-000412,1,0.9853535294532776
ACH-003474,1,0.9977537989616394
ACH-000427,1,0.9970101118087769
ACH-000938,0,0.03911549225449562
ACH-000462,0,0.004413648974150419
ACH-000939,1,0.9870709776878357
ACH-000325,1,0.9887599945068359
ACH-000515,1,0.995880126953125
ACH-001033,0,0.01775486022233963
ACH-000919,0,0.2180774211883545
ACH-000863,0,0.020197885110974312
ACH-000642,0,0.3514745235443115
ACH-000581,1,0.9751380085945129
ACH-001435,0,0.00718742934986949
ACH-001050,0,0.07139995694160461
ACH-001818,0,0.005738731473684311
ACH-001384,1,0.7505865097045898
ACH-000797,0,0.012289951555430889
ACH-000220,1,0.9448301196098328
ACH-001533,1,0.8966895937919617
ACH-001508,1,0.9795048832893372
ACH-000827,0,0.372555673122406
ACH-003119,1,0.986682653427124
ACH-000961,1,0.9883379340171814
ACH-000778,1,0.9940820336341858
ACH-000825,1,0.28692349791526794
ACH-000743,1,0.9352822303771973
ACH-000190,1,0.8401605486869812
ACH-001819,1,0.5714137554168701
ACH-000157,1,0.9702181220054626
ACH-001786,0,0.41446125507354736
ACH-000253,1,0.9958129525184631
ACH-001376,1,0.9808758497238159
ACH-000958,0,0.7557088732719421
ACH-000228,1,0.9943727254867554
ACH-000266,1,0.985532820224762
ACH-001750,1,0.8417421579360962
ACH-000174,1,0.9667512774467468
ACH-000245,1,0.9926462173461914
ACH-001279,0,0.007248383015394211
ACH-000620,0,0.24504660069942474
ACH-000813,1,0.9917036294937134
ACH-001513,1,0.9933890104293823
ACH-000168,1,0.4807979166507721
ACH-000257,1,0.9878223538398743
ACH-000211,1,0.9818791747093201
ACH-000283,0,0.009237436577677727
ACH-002401,1,0.9770383238792419
ACH-002041,1,0.9257049560546875
ACH-000987,1,0.9720144271850586
ACH-003465,1,0.8959609270095825
ACH-000682,1,0.9872713685035706
ACH-000073,0,0.03426482155919075
ACH-000212,1,0.9847273826599121
ACH-000096,0,0.01454182993620634
ACH-002500,0,0.44792523980140686
ACH-001440,0,0.029149582609534264
ACH-000063,0,0.003058947855606675
ACH-002942,0,0.014220789074897766
ACH-001999,1,0.9801376461982727
ACH-000776,0,0.4034050405025482
ACH-000521,1,0.9687536954879761
ACH-000299,0,0.02237129770219326
ACH-000025,0,0.9709600210189819
ACH-000591,1,0.9705700874328613
ACH-001716,0,0.046252306550741196
ACH-000833,1,0.16491511464118958
ACH-001628,1,0.9707943797111511
ACH-000398,1,0.9552187919616699
ACH-000274,0,0.07319905608892441
ACH-001370,1,0.9800542593002319
ACH-001700,1,0.9895819425582886
ACH-000029,1,0.9944630265235901
ACH-001849,1,0.13837072253227234
ACH-000644,0,0.02892119809985161
ACH-001422,0,0.24681854248046875
ACH-000588,1,0.40189018845558167
ACH-000849,1,0.9930760860443115
ACH-002690,0,0.7254779934883118
ACH-000219,0,0.14733372628688812
ACH-000150,1,0.9005176424980164
ACH-001845,0,0.012925321236252785
ACH-002643,0,0.42435187101364136
ACH-000384,0,0.9467669725418091
ACH-001053,1,0.9084381461143494
ACH-001274,0,0.004729365464299917
ACH-000091,1,0.9924886226654053
ACH-002932,1,0.9978943467140198
ACH-002014,0,0.029396982863545418
ACH-001634,0,0.0604732409119606
ACH-002531,0,0.581851601600647
ACH-000495,0,0.06660454720258713
ACH-000911,1,0.9980826377868652
ACH-000013,1,0.9991556406021118
ACH-002667,1,0.9832553863525391
ACH-000777,1,0.9856917262077332
ACH-001765,1,0.9233437180519104
ACH-000312,1,0.9040617346763611
ACH-000085,1,0.9963919520378113
ACH-000436,0,0.14947977662086487
ACH-000869,1,0.9875960350036621
ACH-003061,1,0.9947187900543213
ACH-003471,0,0.015837019309401512
ACH-000267,0,0.8889684677124023
ACH-000489,1,0.9983717799186707
ACH-000431,1,0.9745315909385681
ACH-000152,1,0.9676382541656494
ACH-000909,0,0.01685618795454502
ACH-000534,1,0.9988364577293396
ACH-001489,1,0.9735619425773621
ACH-000582,1,0.9662761092185974
ACH-000460,1,0.9988260865211487
ACH-000443,1,0.985440194606781
ACH-001570,0,0.026524828746914864
ACH-000986,1,0.9728556275367737
ACH-001335,0,0.9278888702392578
ACH-000023,1,0.869534432888031
ACH-002062,0,0.017323391512036324
ACH-002462,0,0.01581069454550743
ACH-000151,0,0.7723246216773987
ACH-001277,1,0.664738655090332
ACH-000607,0,0.009619977325201035
ACH-002647,0,0.6341828107833862
ACH-000703,1,0.9885678291320801
ACH-001211,0,0.009626766666769981
ACH-003152,0,0.0013830476673319936
ACH-001511,1,0.9937891364097595
ACH-000113,0,0.24675360321998596
ACH-000337,1,0.9911252856254578
ACH-000598,0,0.05560843646526337
ACH-000057,0,0.8551815152168274
ACH-000281,1,0.9710484743118286
ACH-000321,1,0.9393936991691589
ACH-000985,1,0.9793236255645752
ACH-000444,0,0.45506617426872253
ACH-000347,1,0.9934705495834351
ACH-001399,1,0.9663346409797668
ACH-001097,0,0.45172011852264404
ACH-000127,1,0.9088481068611145
ACH-001961,1,0.13986103236675262
ACH-001796,0,0.03508489951491356
ACH-000307,1,0.976912260055542
ACH-001030,0,0.036809951066970825
ACH-002485,1,0.8416193723678589
ACH-000595,1,0.13732779026031494
ACH-001540,0,0.02360343188047409
ACH-000298,1,0.9916261434555054
ACH-000771,1,0.8857693672180176
ACH-000500,1,0.9935398697853088
ACH-000353,1,0.9968758821487427
ACH-000363,1,0.774621307849884
ACH-000350,0,0.2718943655490875
ACH-000053,1,0.9641611576080322
ACH-001543,1,0.9909624457359314
ACH-000663,0,0.0925537720322609
ACH-000346,0,0.01734311319887638
ACH-000970,1,0.44705015420913696
ACH-002543,1,0.9773314595222473
ACH-001333,1,0.9270406365394592
ACH-000794,1,0.9911660552024841
ACH-000039,0,0.9958100318908691
ACH-000471,0,0.9669779539108276
ACH-000850,0,0.004339119885116816
ACH-000291,1,0.9987384676933289
ACH-001453,0,0.7532834410667419
ACH-001458,1,0.9876731038093567
ACH-000886,1,0.9927982091903687
ACH-000888,1,0.9926969408988953
ACH-000659,1,0.98643559217453
ACH-000030,1,0.998170018196106
ACH-001201,1,0.8886691927909851
ACH-000271,1,0.9919371604919434
ACH-002676,0,0.6761232614517212
ACH-000549,1,0.9865878224372864
ACH-000555,0,0.07914835214614868
ACH-000478,1,0.9839351773262024
ACH-000775,1,0.9912575483322144
ACH-002214,0,0.08098156005144119
ACH-000038,0,0.004102075472474098
ACH-001109,0,0.010852649807929993
ACH-001442,1,0.9124656915664673
ACH-000559,1,0.9600709080696106
ACH-000510,0,0.9894431829452515
ACH-002065,0,0.006276424508541822
ACH-000676,1,0.9468061923980713
ACH-002659,1,0.9852480888366699
ACH-000844,1,0.9944631457328796
ACH-002403,1,0.8971137404441833
ACH-002787,0,0.6653972268104553
ACH-002497,1,0.9941885471343994
ACH-002798,0,0.006457659415900707
ACH-000925,0,0.43937548995018005
ACH-002465,0,0.028849899768829346
ACH-000272,0,0.5943360924720764
ACH-001035,1,0.979358971118927
ACH-003457,0,0.008356469683349133
ACH-000513,0,0.01296538207679987
ACH-001059,0,0.008498934097588062
ACH-000959,1,0.061067450791597366
ACH-002283,1,0.12365251034498215
ACH-000169,1,0.9652795195579529
ACH-001402,0,0.07245601713657379
ACH-000796,1,0.996831476688385
ACH-000143,1,0.729306697845459
ACH-000067,1,0.9938335418701172
ACH-000640,0,0.009214396588504314
ACH-001591,1,0.940726101398468
ACH-001674,1,0.7478913068771362
ACH-001698,1,0.9935531616210938
ACH-002002,0,0.005724853370338678
ACH-002011,0,0.01493876799941063
ACH-003268,0,0.05431660637259483
ACH-000967,1,0.9959923624992371
ACH-000469,1,0.9672661423683167
ACH-001353,1,0.9948635697364807
ACH-001574,0,0.11808796226978302
ACH-000097,0,0.7265479564666748
ACH-000256,1,0.9955947995185852
ACH-000977,0,0.2969939410686493
ACH-000972,0,0.023202678188681602
ACH-001367,1,0.8708105087280273
ACH-000382,1,0.964381754398346
ACH-003476,1,0.7730693221092224
ACH-000579,0,0.07248950749635696
ACH-002035,0,0.9539715647697449
ACH-001532,0,0.007816817611455917
ACH-000695,1,0.984449565410614
ACH-001795,0,0.5905279517173767
ACH-001510,1,0.9966905117034912
ACH-000502,1,0.9765193462371826
ACH-000183,1,0.3201873302459717
ACH-000408,1,0.7153230309486389
ACH-001496,1,0.9636892080307007
ACH-000788,1,0.9723833203315735
ACH-002405,0,0.006786311976611614
ACH-002409,1,0.8425759077072144
ACH-001622,0,0.8886148929595947
ACH-000466,1,0.9990498423576355
ACH-001560,0,0.0023953220807015896
ACH-001019,0,0.5834797024726868
ACH-003111,0,0.029833359643816948
ACH-000005,1,0.9964514970779419
ACH-001687,0,0.015895556658506393
ACH-001151,0,0.9966655373573303
ACH-000701,1,0.24831579625606537
ACH-000542,0,0.777271032333374
ACH-000126,0,0.026173647493124008
ACH-001685,0,0.08149473369121552
ACH-000933,0,0.13677169382572174
ACH-000068,1,0.8781276941299438
ACH-000015,1,0.9956580400466919
ACH-001111,1,0.8234614729881287
ACH-000487,1,0.9854887127876282
ACH-000122,1,0.9908567667007446
ACH-000288,1,0.9624385833740234
ACH-001820,1,0.9080948829650879
ACH-000782,1,0.9139546751976013
ACH-001632,1,0.9400152564048767
ACH-002399,1,0.9809883832931519
ACH-000357,1,0.9578582048416138
ACH-000079,1,0.06928142160177231
ACH-001031,0,0.008868571370840073
ACH-001064,1,0.9794700741767883
ACH-002802,0,0.03450527414679527
ACH-001048,1,0.9946544170379639
ACH-000453,1,0.3221449851989746
ACH-003155,0,0.4703309237957001
ACH-000791,1,0.9581774473190308
ACH-000567,1,0.9869490265846252
ACH-001391,1,0.5131521224975586
ACH-001075,0,0.09622758626937866
ACH-000105,0,0.8623461127281189
ACH-000557,1,0.9938348531723022
ACH-000175,0,0.05927283316850662
ACH-001356,1,0.9699379205703735
ACH-001844,1,0.9785689115524292
ACH-001346,1,0.9795545339584351
ACH-000885,0,0.014609518460929394
ACH-000900,1,0.7544277310371399
ACH-000666,1,0.9893890023231506
ACH-001428,1,0.9878837466239929
ACH-000217,1,0.9755860567092896
ACH-000872,1,0.9975540041923523
ACH-001974,0,0.0067300270311534405
ACH-002020,1,0.9716266989707947
ACH-001638,0,0.022036580368876457
ACH-001228,0,0.4502324163913727
ACH-000181,1,0.9854888319969177
ACH-000115,1,0.9373252391815186
ACH-000130,0,0.04389235004782677
ACH-000121,1,0.8819928169250488
ACH-001711,1,0.8501612544059753
ACH-000934,1,0.363332062959671
ACH-000996,1,0.9939830899238586
ACH-001529,0,0.12626542150974274
ACH-001743,0,0.08416501432657242
ACH-000320,1,0.9318735003471375
ACH-000505,1,0.8713187575340271
ACH-000781,1,0.9740934371948242
ACH-000059,0,0.02250293269753456
ACH-000920,1,0.8273160457611084
ACH-000294,1,0.9484549760818481
ACH-000422,1,0.9891168475151062
ACH-000200,0,0.01686093769967556
ACH-000046,0,0.003773059695959091
ACH-000968,0,0.02461116388440132
ACH-000830,1,0.9945939183235168
ACH-000114,1,0.986227810382843
ACH-000402,1,0.9946784973144531
ACH-001578,1,0.5471047759056091
ACH-000036,0,0.032308124005794525
ACH-000973,1,0.9950509667396545
ACH-001128,0,0.016833357512950897
ACH-003437,1,0.8115927577018738
ACH-000750,0,0.1246257945895195
ACH-000285,1,0.9725489616394043
ACH-002669,1,0.9704990983009338
ACH-001858,1,0.9946452379226685
ACH-001997,1,0.9860342144966125
ACH-000052,1,0.9271389842033386
